-111436	2.4
-111807	1.7
-111959	1.4
-111959	1.4
-111670	1.9
-111919	1.5
-111243	2.7
-111790	1.7
-112002	1.4
-112016	1.3
-112079	1.2
-111854	1.6
-111872	1.6
-110915	3.3
-111301	2.6
-112229	1.0
-111866	1.6
-111676	1.9
-112027	1.3
-111123	2.9
-111768	1.8
-111846	1.6
-111618	2.0
-112346	0.8
-111620	2.0
-112069	1.2
-111941	1.5
-112006	1.4
-112097	1.2
-111519	2.2
-111948	1.5
-111835	1.7
-112180	1.0
-111225	2.7
-111669	2.0
-112117	1.2
-111937	1.5
-111609	2.1
-112011	1.3
-111795	1.7
-111641	2.0
-111739	1.8
-111563	2.1
-111882	1.6
-111928	1.5
-111567	2.1
-111975	1.4
-111816	1.7
-112235	1.0
-112029	1.3
-112322	0.8
-111395	2.4
-111526	2.2
-111801	1.7
-112019	1.3
-111821	1.7
-111702	1.9
-111579	2.1
-111667	2.0
-112281	0.9
-111874	1.6
-111929	1.5
-112274	0.9
-112151	1.1
-111587	2.1
-111876	1.6
-111400	2.4
-112316	0.8
-111975	1.4
-111910	1.5
-111709	1.9
-111711	1.9
-111801	1.7
-111543	2.2
-111400	2.4
-111679	1.9
-112325	0.8
-111361	2.5
-111559	2.1
-111654	2.0
-111603	2.1
-111679	1.9
-112078	1.2
-111375	2.5
-111548	2.2
-111354	2.5
-111655	2.0
-111258	2.7
-111952	1.5
-112133	1.1
-111473	2.3
-111262	2.7
-111258	2.7
-111765	1.8
-111401	2.4
-111906	1.5
-111546	2.2
-111447	2.3
-111564	2.1
-111507	2.2
-111894	1.6
-111413	2.4
-111827	1.7
-111667	2.0
-111433	2.4
-111866	1.6
-111967	1.4
-111274	2.6
-111836	1.7
-111465	2.3
-111746	1.8
-111651	2.0
-111981	1.4
-111758	1.8
-112303	0.8
-111685	1.9
-111882	1.6
-111582	2.1
-110925	3.3
-111710	1.9
-111766	1.8
-111966	1.4
-111750	1.8
-111907	1.5
-111473	2.3
-111977	1.4
-111927	1.5
-111735	1.8
-111677	1.9
-111137	2.9
-111748	1.8
-111607	2.1
-111613	2.0
-112312	0.8
-111645	2.0
-111921	1.5
-111907	1.5
-111945	1.5
-111578	2.1
-112253	0.9
-112081	1.2
-111703	1.9
-111528	2.2
-111713	1.9
-111988	1.4
-111514	2.2
-112004	1.4
-111933	1.5
-111742	1.8
-111545	2.2
-111553	2.2
-111890	1.6
-111788	1.7
-111989	1.4
-111801	1.7
-111620	2.0
-111322	2.6
-111744	1.8
-111722	1.9
-111818	1.7
-111709	1.9
-111901	1.5
-111507	2.2
-111351	2.5
-111533	2.2
-111552	2.2
-111960	1.4
-111903	1.5
-111566	2.1
-111365	2.5
-112112	1.2
-111460	2.3
-111844	1.6
-112119	1.2
-112060	1.3
-111939	1.5
-111892	1.6
-111653	2.0
-111481	2.3
-112228	1.0
-111785	1.7
-111553	2.2
-112080	1.2
-111604	2.1
-112136	1.1
-112212	1.0
-111774	1.8
-111540	2.2
-111203	2.8
-111756	1.8
-112295	0.8
-111937	1.5
-112076	1.2
-112065	1.3
-111612	2.1
-111260	2.7
-111688	1.9
-112103	1.2
-111768	1.8
-112012	1.3
-111861	1.6
-111327	2.6
-111492	2.3
-112622	0.3
-111915	1.5
-111866	1.6
-111973	1.4
-111410	2.4
-111079	3.0
-111646	2.0
-111928	1.5
-111792	1.7
-111974	1.4
-112021	1.3
-111649	2.0
-111541	2.2
-111623	2.0
-111783	1.7
-112078	1.2
-111729	1.8
-111588	2.1
-111567	2.1
-112057	1.3
-112308	0.8
-111500	2.2
-111848	1.6
-111729	1.8
-111377	2.5
-112123	1.1
-111944	1.5
-111988	1.4
-111995	1.4
-111924	1.5
-111560	2.1
-111563	2.1
-111454	2.3
-111691	1.9
-111521	2.2
-111959	1.4
-111928	1.5
-111237	2.7
-111482	2.3
-112210	1.0
-111367	2.5
-111611	2.1
-112627	0.3
-112156	1.1
-111347	2.5
-111598	2.1
-111759	1.8
-111830	1.7
-112140	1.1
-112052	1.3
-111257	2.7
-111026	3.1
-111489	2.3
-111722	1.9
-111692	1.9
-112174	1.1
-112155	1.1
-111362	2.5
-111626	2.0
-112242	0.9
-111643	2.0
-112242	0.9
-111992	1.4
-111767	1.8
-111505	2.2
-112227	1.0
-112078	1.2
-111900	1.5
-111944	1.5
-112236	0.9
-111829	1.7
-111268	2.7
-111850	1.6
-111905	1.5
-111644	2.0
-111565	2.1
-111723	1.9
-111802	1.7
-111548	2.2
-112217	1.0
-111759	1.8
-111793	1.7
-111628	2.0
-111295	2.6
-111985	1.4
-111508	2.2
-111838	1.7
-111591	2.1
-112130	1.1
-111571	2.1
-111314	2.6
-111335	2.5
-111556	2.2
-112196	1.0
-111596	2.1
-111913	1.5
-111289	2.6
-112128	1.1
-111921	1.5
-112148	1.1
-112004	1.4
-111793	1.7
-111559	2.1
-111443	2.3
-111726	1.9
-111740	1.8
-111807	1.7
-111672	1.9
-111608	2.1
-111597	2.1
-111612	2.1
-111962	1.4
-112131	1.1
-112015	1.3
-111923	1.5
-111983	1.4
-111437	2.4
-111442	2.4
-112135	1.1
-111980	1.4
-112147	1.1
-111789	1.7
-111104	2.9
-111709	1.9
-112291	0.9
-111505	2.2
-112090	1.2
-111926	1.5
-111540	2.2
-111484	2.3
-111681	1.9
-111613	2.0
-112294	0.8
-111911	1.5
-111864	1.6
-111920	1.5
-111863	1.6
-111887	1.6
-111668	2.0
-111891	1.6
-112235	1.0
-111874	1.6
-111674	1.9
-111739	1.8
-111547	2.2
-111697	1.9
-112625	0.3
-111532	2.2
-111738	1.8
-111555	2.2
-111632	2.0
-111835	1.7
-112698	0.1
-112052	1.3
-111329	2.6
-111691	1.9
-112104	1.2
-111848	1.6
-112029	1.3
-111631	2.0
-112148	1.1
-111606	2.1
-111325	2.6
-112138	1.1
-111751	1.8
-111767	1.8
-111770	1.8
-111993	1.4
-111683	1.9
-112243	0.9
-111724	1.9
-111701	1.9
-111618	2.0
-111915	1.5
-111382	2.5
-111319	2.6
-111728	1.8
-112316	0.8
-112145	1.1
-111511	2.2
-111176	2.8
-111959	1.4
-111519	2.2
-111950	1.5
-112112	1.2
-111951	1.5
-111378	2.5
-111674	1.9
-111758	1.8
-112067	1.2
-112345	0.8
-111607	2.1
-112095	1.2
-111460	2.3
-112398	0.7
-111610	2.1
-111575	2.1
-112132	1.1
-112364	0.7
-112396	0.7
-111691	1.9
-111960	1.4
-111470	2.3
-111474	2.3
-112124	1.1
-111741	1.8
-111828	1.7
-111762	1.8
-111677	1.9
-111836	1.7
-111679	1.9
-111861	1.6
-111806	1.7
-111599	2.1
-111818	1.7
-111747	1.8
-112356	0.7
-112122	1.2
-111312	2.6
-111992	1.4
-111770	1.8
-111643	2.0
-111406	2.4
-111199	2.8
-112163	1.1
-111928	1.5
-111333	2.5
-112186	1.0
-111814	1.7
-111750	1.8
-111717	1.9
-111502	2.2
-111786	1.7
-111833	1.7
-111698	1.9
-111679	1.9
-111878	1.6
-111253	2.7
-111513	2.2
-112115	1.2
-112320	0.8
-112061	1.3
-112225	1.0
-111806	1.7
-111817	1.7
-111867	1.6
-111463	2.3
-112136	1.1
-112344	0.8
-112103	1.2
-111833	1.7
-111629	2.0
-111714	1.9
-112198	1.0
-112157	1.1
-111977	1.4
-111835	1.7
-111883	1.6
-111671	1.9
-111656	2.0
-112324	0.8
-112173	1.1
-111853	1.6
-111789	1.7
-111511	2.2
-111818	1.7
-112083	1.2
-111639	2.0
-111764	1.8
-111882	1.6
-111863	1.6
-111764	1.8
-111787	1.7
-112079	1.2
-112186	1.0
-112042	1.3
-111898	1.5
-111791	1.7
-111886	1.6
-111352	2.5
-111906	1.5
-111465	2.3
-112513	0.5
-112022	1.3
-111627	2.0
-111464	2.3
-111572	2.1
-111742	1.8
-111785	1.7
-111858	1.6
-111736	1.8
-112073	1.2
-112085	1.2
-111975	1.4
-111706	1.9
-111785	1.7
-112006	1.4
-111644	2.0
-111532	2.2
-111839	1.7
-111378	2.5
-112079	1.2
-111924	1.5
-112300	0.8
-111293	2.6
-111811	1.7
-111537	2.2
-111927	1.5
-111417	2.4
-112149	1.1
-111536	2.2
-111457	2.3
-111913	1.5
-111752	1.8
-111639	2.0
-111870	1.6
-111993	1.4
-112022	1.3
-111526	2.2
-112139	1.1
-111888	1.6
-111748	1.8
-111731	1.8
-111564	2.1
-111607	2.1
-112059	1.3
-111709	1.9
-111259	2.7
-111868	1.6
-112110	1.2
-111578	2.1
-111597	2.1
-111520	2.2
-112162	1.1
-111853	1.6
-111957	1.4
-111738	1.8
-111650	2.0
-111769	1.8
-110951	3.2
-112299	0.8
-112355	0.7
-111658	2.0
-111464	2.3
-111758	1.8
-111759	1.8
-111775	1.8
-111658	2.0
-111824	1.7
-111863	1.6
-111931	1.5
-111492	2.3
-111778	1.8
-111314	2.6
-111468	2.3
-112103	1.2
-111868	1.6
-111947	1.5
-111921	1.5
-111279	2.6
-112103	1.2
-111574	2.1
-112098	1.2
-111559	2.1
-111706	1.9
-111594	2.1
-111980	1.4
-111529	2.2
-112042	1.3
-111827	1.7
-111768	1.8
-111770	1.8
-111952	1.5
-111636	2.0
-111875	1.6
-111779	1.8
-112147	1.1
-111817	1.7
-111539	2.2
-111530	2.2
-111344	2.5
-112270	0.9
-111768	1.8
-110984	3.2
-111125	2.9
-111736	1.8
-112085	1.2
-112082	1.2
-111897	1.5
-111254	2.7
-111268	2.7
-111957	1.4
-111548	2.2
-111690	1.9
-112399	0.7
-111868	1.6
-111464	2.3
-111300	2.6
-111532	2.2
-111691	1.9
-112078	1.2
-111892	1.6
-112136	1.1
-111633	2.0
-111872	1.6
-112024	1.3
-112326	0.8
-111615	2.0
-112144	1.1
-111464	2.3
-112024	1.3
-111522	2.2
-111754	1.8
-111784	1.7
-111872	1.6
-112207	1.0
-112212	1.0
-111700	1.9
-111516	2.2
-112003	1.4
-111744	1.8
-112208	1.0
-111970	1.4
-111705	1.9
-111561	2.1
-111781	1.8
-112039	1.3
-111383	2.5
-111879	1.6
-111674	1.9
-111440	2.4
-111989	1.4
-112198	1.0
-111394	2.4
-111651	2.0
-111781	1.8
-111178	2.8
-111561	2.1
-112180	1.0
-111445	2.3
-111525	2.2
-112008	1.4
-112101	1.2
-111953	1.4
-111759	1.8
-111922	1.5
-111964	1.4
-111482	2.3
-111821	1.7
-111835	1.7
-111663	2.0
-112140	1.1
-111497	2.3
-111819	1.7
-112125	1.1
-111570	2.1
-112054	1.3
-111679	1.9
-112031	1.3
-111758	1.8
-111648	2.0
-111109	2.9
-111418	2.4
-111716	1.9
-112024	1.3
-111184	2.8
-111531	2.2
-111700	1.9
-111989	1.4
-111440	2.4
-111723	1.9
-111495	2.3
-112149	1.1
-111944	1.5
-112390	0.7
-111734	1.8
-112342	0.8
-111729	1.8
-111572	2.1
-111658	2.0
-111947	1.5
-111911	1.5
-111757	1.8
-111557	2.1
-111796	1.7
-112249	0.9
-112213	1.0
-111846	1.6
-111937	1.5
-112246	0.9
-112087	1.2
-111590	2.1
-111838	1.7
-111726	1.9
-112040	1.3
-111660	2.0
-111769	1.8
-111947	1.5
-112005	1.4
-111865	1.6
-111335	2.5
-111688	1.9
-111445	2.3
-112326	0.8
-111691	1.9
-111476	2.3
-112128	1.1
-111998	1.4
-111824	1.7
-112143	1.1
-111615	2.0
-111844	1.6
-111467	2.3
-112259	0.9
-111845	1.6
-112030	1.3
-111470	2.3
-111865	1.6
-111165	2.8
-111742	1.8
-111960	1.4
-111617	2.0
-112068	1.2
-111765	1.8
-112107	1.2
-111753	1.8
-112207	1.0
-112016	1.3
-111767	1.8
-111766	1.8
-112079	1.2
-111930	1.5
-111311	2.6
-111747	1.8
-112210	1.0
-111618	2.0
-111571	2.1
-111992	1.4
-111576	2.1
-111833	1.7
-112105	1.2
-111462	2.3
-111861	1.6
-111991	1.4
-111674	1.9
-111369	2.5
-111723	1.9
-111898	1.5
-111691	1.9
-111649	2.0
-111991	1.4
-111875	1.6
-111700	1.9
-111798	1.7
-111915	1.5
-112014	1.3
-112211	1.0
-111843	1.6
-111406	2.4
-111634	2.0
-111372	2.5
-111627	2.0
-111768	1.8
-111859	1.6
-112194	1.0
-112107	1.2
-111827	1.7
-111542	2.2
-112203	1.0
-112785	-0.0
-111408	2.4
-111649	2.0
-111612	2.1
-111639	2.0
-111928	1.5
-111570	2.1
-111725	1.9
-111797	1.7
-111739	1.8
-111680	1.9
-111825	1.7
-111678	1.9
-111901	1.5
-112093	1.2
-111636	2.0
-111695	1.9
-111653	2.0
-111741	1.8
-111658	2.0
-111828	1.7
-111711	1.9
-112148	1.1
-111565	2.1
-112039	1.3
-111856	1.6
-111815	1.7
-111827	1.7
-111573	2.1
-111407	2.4
-111865	1.6
-112141	1.1
-111785	1.7
-112021	1.3
-111728	1.8
-111786	1.7
-111619	2.0
-111354	2.5
-111746	1.8
-111951	1.5
-111524	2.2
-111722	1.9
-111925	1.5
-111965	1.4
-111383	2.5
-111975	1.4
-111337	2.5
-112023	1.3
-112053	1.3
-112094	1.2
-111789	1.7
-111662	2.0
-111981	1.4
-111744	1.8
-111683	1.9
-112034	1.3
-112133	1.1
-111899	1.5
-111831	1.7
-111929	1.5
-111369	2.5
-111807	1.7
-111840	1.6
-111915	1.5
-111674	1.9
-111824	1.7
-112427	0.6
-111746	1.8
-111989	1.4
-111833	1.7
-111316	2.6
-111969	1.4
-111300	2.6
-112048	1.3
-111851	1.6
-111652	2.0
-111779	1.8
-112007	1.4
-112122	1.2
-112009	1.4
-111819	1.7
-111808	1.7
-111694	1.9
-111763	1.8
-112217	1.0
-111913	1.5
-111594	2.1
-111691	1.9
-111919	1.5
-111751	1.8
-111921	1.5
-112111	1.2
-111863	1.6
-111599	2.1
-111830	1.7
-111700	1.9
-111851	1.6
-111571	2.1
-112019	1.3
-111484	2.3
-112310	0.8
-111673	1.9
-111640	2.0
-111509	2.2
-112026	1.3
-111875	1.6
-111586	2.1
-111646	2.0
-111846	1.6
-112153	1.1
-111967	1.4
-111667	2.0
-111917	1.5
-111836	1.7
-111785	1.7
-111895	1.6
-111942	1.5
-112416	0.6
-112132	1.1
-111853	1.6
-111989	1.4
-111465	2.3
-111923	1.5
-111729	1.8
-111723	1.9
-111532	2.2
-111516	2.2
-111429	2.4
-111437	2.4
-111686	1.9
-111501	2.2
-111863	1.6
-111896	1.6
-111537	2.2
-111610	2.1
-112064	1.3
-111618	2.0
-111914	1.5
-112166	1.1
-111627	2.0
-111616	2.0
-111958	1.4
-111710	1.9
-111716	1.9
-112120	1.2
-111558	2.1
-111826	1.7
-111695	1.9
-111580	2.1
-111967	1.4
-111608	2.1
-111823	1.7
-111507	2.2
-111384	2.5
-111788	1.7
-111884	1.6
-112446	0.6
-111770	1.8
-111513	2.2
-111567	2.1
-111543	2.2
-111285	2.6
-111734	1.8
-111546	2.2
-111774	1.8
-111869	1.6
-111579	2.1
-111510	2.2
-111521	2.2
-112293	0.8
-111213	2.8
-111290	2.6
-111787	1.7
-111661	2.0
-111729	1.8
-111259	2.7
-111557	2.1
-111979	1.4
-111546	2.2
-112238	0.9
-111636	2.0
-111802	1.7
-111692	1.9
-111771	1.8
-111673	1.9
-111806	1.7
-111431	2.4
-111867	1.6
-111674	1.9
-111863	1.6
-111798	1.7
-111550	2.2
-112122	1.2
-111687	1.9
-111482	2.3
-112145	1.1
-111541	2.2
-111493	2.3
-111697	1.9
-111880	1.6
-111577	2.1
-111708	1.9
-111680	1.9
-111941	1.5
-111277	2.6
-111615	2.0
-111729	1.8
-112565	0.4
-111950	1.5
-112052	1.3
-111642	2.0
-111752	1.8
-111736	1.8
-112221	1.0
-111935	1.5
-111984	1.4
-111792	1.7
-111582	2.1
-111618	2.0
-111964	1.4
-111711	1.9
-111649	2.0
-111620	2.0
-111771	1.8
-111556	2.2
-111457	2.3
-111810	1.7
-111960	1.4
-112408	0.6
-111698	1.9
-111512	2.2
-112185	1.0
-112382	0.7
-111643	2.0
-111731	1.8
-111963	1.4
-111650	2.0
-112292	0.9
-112102	1.2
-111549	2.2
-111844	1.6
-112287	0.9
-112012	1.3
-112304	0.8
-111736	1.8
-111703	1.9
-111511	2.2
-111550	2.2
-111982	1.4
-111848	1.6
-111651	2.0
-111713	1.9
-111590	2.1
-111784	1.7
-111836	1.7
-112344	0.8
-111771	1.8
-112104	1.2
-111656	2.0
-111966	1.4
-111610	2.1
-112048	1.3
-111910	1.5
-111629	2.0
-111665	2.0
-111892	1.6
-111696	1.9
-111872	1.6
-112302	0.8
-111694	1.9
-111584	2.1
-111985	1.4
-111329	2.6
-111636	2.0
-111928	1.5
-111737	1.8
-111459	2.3
-111623	2.0
-111553	2.2
-111578	2.1
-111921	1.5
-111836	1.7
-112515	0.5
-111872	1.6
-111860	1.6
-111964	1.4
-112131	1.1
-111770	1.8
-111583	2.1
-111554	2.2
-112037	1.3
-111733	1.8
-111438	2.4
-111624	2.0
-112007	1.4
-111649	2.0
-111718	1.9
-111526	2.2
-111535	2.2
-111636	2.0
-111589	2.1
-111502	2.2
-112594	0.3
-111731	1.8
-111639	2.0
-112040	1.3
-112010	1.3
-111989	1.4
-111939	1.5
-112280	0.9
-111633	2.0
-111726	1.9
-111768	1.8
-111379	2.5
-111546	2.2
-111548	2.2
-111817	1.7
-111223	2.7
-111661	2.0
-112076	1.2
-111316	2.6
-111605	2.1
-111691	1.9
-111319	2.6
-112182	1.0
-112362	0.7
-112075	1.2
-111498	2.3
-110957	3.2
-111742	1.8
-111777	1.8
-111856	1.6
-111492	2.3
-111993	1.4
-111901	1.5
-111250	2.7
-111836	1.7
-111726	1.9
-111366	2.5
-112335	0.8
-111702	1.9
-111961	1.4
-111304	2.6
-111648	2.0
-111611	2.1
-111912	1.5
-112207	1.0
-111909	1.5
-112336	0.8
-111939	1.5
-111877	1.6
-112144	1.1
-111880	1.6
-111751	1.8
-111718	1.9
-112238	0.9
-111546	2.2
-111386	2.5
-112197	1.0
-112068	1.2
-112299	0.8
-111617	2.0
-111542	2.2
-111741	1.8
-111261	2.7
-111973	1.4
-111830	1.7
-111592	2.1
-112296	0.8
-111990	1.4
-111475	2.3
-112367	0.7
-112263	0.9
-112185	1.0
-111577	2.1
-111324	2.6
-112107	1.2
-111514	2.2
-111888	1.6
-111759	1.8
-111917	1.5
-111626	2.0
-111776	1.8
-111509	2.2
-111938	1.5
-112031	1.3
-111497	2.3
-112047	1.3
-111346	2.5
-111393	2.4
-111912	1.5
-112292	0.9
-112019	1.3
-112020	1.3
-111355	2.5
-111507	2.2
-111309	2.6
-112153	1.1
-111756	1.8
-112061	1.3
-111773	1.8
-112072	1.2
-111657	2.0
-111895	1.6
-111933	1.5
-111403	2.4
-111506	2.2
-111490	2.3
-111627	2.0
-111950	1.5
-111776	1.8
-111891	1.6
-111867	1.6
-111505	2.2
-111534	2.2
-111886	1.6
-111680	1.9
-111839	1.7
-111565	2.1
-111995	1.4
-111354	2.5
-111733	1.8
-111947	1.5
-111596	2.1
-111623	2.0
-111441	2.4
-111817	1.7
-111388	2.4
-111433	2.4
-111563	2.1
-111762	1.8
-111799	1.7
-111675	1.9
-111698	1.9
-112260	0.9
-111941	1.5
-111924	1.5
-111726	1.9
-111921	1.5
-111731	1.8
-111308	2.6
-111610	2.1
-111657	2.0
-112242	0.9
-112214	1.0
-111745	1.8
-112302	0.8
-111643	2.0
-111469	2.3
-111802	1.7
-111766	1.8
-111677	1.9
-111641	2.0
-111776	1.8
-111744	1.8
-111845	1.6
-112508	0.5
-111732	1.8
-111757	1.8
-111704	1.9
-111778	1.8
-111145	2.9
-111816	1.7
-111313	2.6
-111049	3.0
-111672	1.9
-112096	1.2
-111924	1.5
-112134	1.1
-112430	0.6
-111857	1.6
-111435	2.4
-111650	2.0
-111939	1.5
-112042	1.3
-111951	1.5
-112001	1.4
-111763	1.8
-111939	1.5
-111328	2.6
-111738	1.8
-112376	0.7
-111825	1.7
-112023	1.3
-112205	1.0
-111668	2.0
-112066	1.3
-111724	1.9
-111986	1.4
-111689	1.9
-111676	1.9
-112215	1.0
-111576	2.1
-111975	1.4
-111998	1.4
-112020	1.3
-111599	2.1
-111199	2.8
-111386	2.5
-111254	2.7
-112040	1.3
-111994	1.4
-111784	1.7
-111837	1.7
-111784	1.7
-112097	1.2
-111466	2.3
-112024	1.3
-111628	2.0
-111584	2.1
-111925	1.5
-111958	1.4
-111452	2.3
-111229	2.7
-111731	1.8
-111912	1.5
-111879	1.6
-111649	2.0
-111616	2.0
-111852	1.6
-111870	1.6
-111583	2.1
-111566	2.1
-111749	1.8
-111747	1.8
-111531	2.2
-111857	1.6
-111490	2.3
-111732	1.8
-112137	1.1
-111886	1.6
-111691	1.9
-111851	1.6
-112076	1.2
-111604	2.1
-112181	1.0
-112073	1.2
-111745	1.8
-111968	1.4
-111509	2.2
-111741	1.8
-111793	1.7
-112205	1.0
-111963	1.4
-111496	2.3
-111440	2.4
-111811	1.7
-111595	2.1
-111381	2.5
-111751	1.8
-111687	1.9
-111797	1.7
-111544	2.2
-112546	0.4
-112001	1.4
-111727	1.8
-111701	1.9
-111671	1.9
-111431	2.4
-111783	1.7
-111734	1.8
-111548	2.2
-111761	1.8
-111485	2.3
-111694	1.9
-111777	1.8
-112074	1.2
-112540	0.4
-111807	1.7
-111565	2.1
-111505	2.2
-111894	1.6
-111734	1.8
-111895	1.6
-112002	1.4
-111825	1.7
-111894	1.6
-111328	2.6
-111867	1.6
-111501	2.2
-111732	1.8
-112159	1.1
-111834	1.7
-111102	3.0
-111752	1.8
-112129	1.1
-111500	2.2
-111928	1.5
-111734	1.8
-111495	2.3
-111502	2.2
-112006	1.4
-111714	1.9
-111728	1.8
-111900	1.5
-111780	1.8
-111515	2.2
-111643	2.0
-111705	1.9
-111610	2.1
-111662	2.0
-111713	1.9
-111862	1.6
-111831	1.7
-111906	1.5
-111875	1.6
-111607	2.1
-111772	1.8
-111693	1.9
-111577	2.1
-111700	1.9
-111669	2.0
-111808	1.7
-111527	2.2
-111769	1.8
-111812	1.7
-111517	2.2
-111481	2.3
-111674	1.9
-111631	2.0
-111970	1.4
-112006	1.4
-112001	1.4
-111490	2.3
-111450	2.3
-111605	2.1
-111916	1.5
-111687	1.9
-111627	2.0
-112036	1.3
-112107	1.2
-111860	1.6
-111916	1.5
-111749	1.8
-112127	1.1
-111865	1.6
-111724	1.9
-111852	1.6
-111646	2.0
-111910	1.5
-111752	1.8
-111799	1.7
-111049	3.0
-111868	1.6
-111440	2.4
-112180	1.0
-112042	1.3
-111679	1.9
-111929	1.5
-111745	1.8
-111596	2.1
-112473	0.5
-111437	2.4
-112173	1.1
-111753	1.8
-111431	2.4
-111300	2.6
-111739	1.8
-111416	2.4
-112073	1.2
-111593	2.1
-111357	2.5
-111695	1.9
-112026	1.3
-111894	1.6
-111681	1.9
-111440	2.4
-111675	1.9
-111311	2.6
-111627	2.0
-111485	2.3
-111528	2.2
-111984	1.4
-111874	1.6
-111880	1.6
-111703	1.9
-111734	1.8
-112424	0.6
-111530	2.2
-111677	1.9
-112209	1.0
-111678	1.9
-112177	1.1
-111815	1.7
-112124	1.1
-111959	1.4
-111045	3.1
-112243	0.9
-111591	2.1
-111501	2.2
-111853	1.6
-112119	1.2
-111582	2.1
-111630	2.0
-112032	1.3
-111770	1.8
-111888	1.6
-111609	2.1
-112432	0.6
-111643	2.0
-111798	1.7
-111354	2.5
-111956	1.4
-111899	1.5
-111403	2.4
-111995	1.4
-111707	1.9
-111820	1.7
-111771	1.8
-111789	1.7
-111755	1.8
-111568	2.1
-111814	1.7
-111332	2.5
-111328	2.6
-112108	1.2
-111960	1.4
-111667	2.0
-111766	1.8
-111815	1.7
-111592	2.1
-111697	1.9
-111712	1.9
-112499	0.5
-112223	1.0
-111823	1.7
-111979	1.4
-111778	1.8
-111335	2.5
-112201	1.0
-111766	1.8
-112173	1.1
-111624	2.0
-111559	2.1
-111655	2.0
-111795	1.7
-111749	1.8
-112255	0.9
-111896	1.6
-111525	2.2
-111547	2.2
-111639	2.0
-112240	0.9
-112257	0.9
-111660	2.0
-111462	2.3
-111764	1.8
-111230	2.7
-111585	2.1
-112118	1.2
-112028	1.3
-112004	1.4
-111694	1.9
-111469	2.3
-111737	1.8
-111920	1.5
-112358	0.7
-111696	1.9
-111563	2.1
-111507	2.2
-111527	2.2
-111795	1.7
-111800	1.7
-111895	1.6
-111810	1.7
-111717	1.9
-111735	1.8
-111734	1.8
-111331	2.5
-111779	1.8
-111691	1.9
-111723	1.9
-111872	1.6
-111762	1.8
-111800	1.7
-111787	1.7
-111447	2.3
-111819	1.7
-111553	2.2
-111488	2.3
-111620	2.0
-111543	2.2
-111969	1.4
-111933	1.5
-111865	1.6
-111631	2.0
-111963	1.4
-111490	2.3
-111423	2.4
-111720	1.9
-111607	2.1
-111795	1.7
-111979	1.4
-111590	2.1
-112125	1.1
-111771	1.8
-112006	1.4
-111991	1.4
-111786	1.7
-111858	1.6
-111698	1.9
-111749	1.8
-111354	2.5
-111376	2.5
-111464	2.3
-111827	1.7
-111529	2.2
-112052	1.3
-111691	1.9
-112150	1.1
-111420	2.4
-111566	2.1
-112239	0.9
-111978	1.4
-111539	2.2
-111897	1.5
-112202	1.0
-111695	1.9
-111490	2.3
-111691	1.9
-111907	1.5
-111948	1.5
-111988	1.4
-111541	2.2
-111370	2.5
-111587	2.1
-111885	1.6
-111707	1.9
-111904	1.5
-111521	2.2
-111602	2.1
-111875	1.6
-111432	2.4
-111748	1.8
-112138	1.1
-111896	1.6
-111899	1.5
-111771	1.8
-112113	1.2
-111888	1.6
-111563	2.1
-111874	1.6
-111686	1.9
-111669	2.0
-111650	2.0
-111737	1.8
-111231	2.7
-111579	2.1
-111816	1.7
-111572	2.1
-111564	2.1
-112350	0.7
-111772	1.8
-111924	1.5
-111799	1.7
-111390	2.4
-111482	2.3
-112265	0.9
-110964	3.2
-111355	2.5
-112029	1.3
-112068	1.2
-112329	0.8
-111491	2.3
-111633	2.0
-111989	1.4
-111914	1.5
-111508	2.2
-111688	1.9
-111663	2.0
-111660	2.0
-111964	1.4
-111729	1.8
-111601	2.1
-111668	2.0
-111718	1.9
-111847	1.6
-111818	1.7
-111619	2.0
-111798	1.7
-111800	1.7
-111579	2.1
-111676	1.9
-111560	2.1
-111271	2.7
-111797	1.7
-111796	1.7
-111755	1.8
-111640	2.0
-111580	2.1
-111947	1.5
-111720	1.9
-111780	1.8
-112168	1.1
-111694	1.9
-112161	1.1
-111409	2.4
-111770	1.8
-112245	0.9
-111641	2.0
-111528	2.2
-112135	1.1
-111562	2.1
-111344	2.5
-111790	1.7
-111975	1.4
-111897	1.5
-111862	1.6
-111997	1.4
-112113	1.2
-111893	1.6
-111387	2.4
-112103	1.2
-111090	3.0
-111396	2.4
-111843	1.6
-111874	1.6
-111416	2.4
-112264	0.9
-111888	1.6
-111849	1.6
-112237	0.9
-111758	1.8
-111800	1.7
-111559	2.1
-111929	1.5
-111745	1.8
-111581	2.1
-111049	3.0
-111480	2.3
-111734	1.8
-112024	1.3
-112214	1.0
-111968	1.4
-111390	2.4
-111517	2.2
-111965	1.4
-111630	2.0
-112087	1.2
-111882	1.6
-112022	1.3
-111606	2.1
-111570	2.1
-111528	2.2
-111801	1.7
-111783	1.7
-111872	1.6
-110926	3.3
-111962	1.4
-111408	2.4
-111883	1.6
-111863	1.6
-111941	1.5
-111677	1.9
-111089	3.0
-111518	2.2
-112503	0.5
-112344	0.8
-112285	0.9
-111921	1.5
-111520	2.2
-111481	2.3
-112185	1.0
-111641	2.0
-111785	1.7
-111693	1.9
-112139	1.1
-112117	1.2
-111731	1.8
-111563	2.1
-111970	1.4
-111904	1.5
-112311	0.8
-111970	1.4
-112501	0.5
-111554	2.2
-111938	1.5
-111683	1.9
-111982	1.4
-111915	1.5
-111821	1.7
-111678	1.9
-111566	2.1
-111619	2.0
-111903	1.5
-112190	1.0
-111507	2.2
-111525	2.2
-111838	1.7
-111609	2.1
-111853	1.6
-111546	2.2
-111917	1.5
-111994	1.4
-111846	1.6
-111444	2.3
-112345	0.8
-111869	1.6
-112087	1.2
-111730	1.8
-112021	1.3
-111647	2.0
-111910	1.5
-112864	-0.2
-111434	2.4
-111917	1.5
-111873	1.6
-111692	1.9
-111773	1.8
-111694	1.9
-111846	1.6
-111799	1.7
-112063	1.3
-111378	2.5
-111536	2.2
-111520	2.2
-111856	1.6
-111531	2.2
-111753	1.8
-111926	1.5
-111885	1.6
-111932	1.5
-111987	1.4
-112455	0.6
-111531	2.2
-111004	3.1
-111966	1.4
-111760	1.8
-112006	1.4
-111749	1.8
-111825	1.7
-111966	1.4
-111693	1.9
-111926	1.5
-111498	2.3
-111776	1.8
-112137	1.1
-111873	1.6
-111271	2.7
-111670	1.9
-111601	2.1
-112226	1.0
-111960	1.4
-111789	1.7
-111924	1.5
-111734	1.8
-111838	1.7
-112076	1.2
-111722	1.9
-111515	2.2
-111719	1.9
-111784	1.7
-111671	1.9
-111512	2.2
-112618	0.3
-111486	2.3
-111423	2.4
-111467	2.3
-112004	1.4
-111779	1.8
-111653	2.0
-111665	2.0
-112333	0.8
-112121	1.2
-112201	1.0
-111964	1.4
-111274	2.6
-111861	1.6
-111499	2.3
-111699	1.9
-112019	1.3
-111629	2.0
-111412	2.4
-112017	1.3
-111420	2.4
-111614	2.0
-111848	1.6
-111631	2.0
-111740	1.8
-111791	1.7
-111457	2.3
-111807	1.7
-111791	1.7
-111982	1.4
-111452	2.3
-111598	2.1
-112154	1.1
-112013	1.3
-112210	1.0
-112240	0.9
-111292	2.6
-111336	2.5
-111724	1.9
-111701	1.9
-111522	2.2
-111929	1.5
-111885	1.6
-111935	1.5
-111502	2.2
-112290	0.9
-112350	0.7
-111966	1.4
-111929	1.5
-111201	2.8
-111529	2.2
-111264	2.7
-111834	1.7
-111758	1.8
-111613	2.0
-111591	2.1
-111722	1.9
-111428	2.4
-112283	0.9
-111583	2.1
-111872	1.6
-111589	2.1
-111643	2.0
-111570	2.1
-111726	1.9
-111993	1.4
-111673	1.9
-111589	2.1
-111781	1.8
-111972	1.4
-112038	1.3
-111713	1.9
-111817	1.7
-111683	1.9
-111745	1.8
-111708	1.9
-111996	1.4
-112194	1.0
-112389	0.7
-111585	2.1
-111669	2.0
-112003	1.4
-112236	0.9
-112093	1.2
-111821	1.7
-111859	1.6
-112051	1.3
-112249	0.9
-111455	2.3
-111544	2.2
-111624	2.0
-111962	1.4
-111897	1.5
-112011	1.3
-111904	1.5
-111747	1.8
-111853	1.6
-111915	1.5
-111572	2.1
-111756	1.8
-112093	1.2
-111988	1.4
-111555	2.2
-111901	1.5
-111988	1.4
-111664	2.0
-111676	1.9
-111583	2.1
-112223	1.0
-112007	1.4
-111805	1.7
-111551	2.2
-111771	1.8
-111771	1.8
-111893	1.6
-111558	2.1
-111928	1.5
-111597	2.1
-112080	1.2
-112246	0.9
-111901	1.5
-111888	1.6
-111212	2.8
-112047	1.3
-111217	2.7
-111510	2.2
-111685	1.9
-111906	1.5
-111907	1.5
-112374	0.7
-112012	1.3
-111582	2.1
-111662	2.0
-111608	2.1
-111393	2.4
-111654	2.0
-111654	2.0
-111464	2.3
-111887	1.6
-112343	0.8
-111372	2.5
-111838	1.7
-111713	1.9
-111532	2.2
-111942	1.5
-112331	0.8
-111495	2.3
-111460	2.3
-111431	2.4
-111505	2.2
-112021	1.3
-111575	2.1
-112182	1.0
-111511	2.2
-111704	1.9
-111944	1.5
-112004	1.4
-111705	1.9
-111800	1.7
-111821	1.7
-111611	2.1
-111482	2.3
-111133	2.9
-112019	1.3
-112023	1.3
-112107	1.2
-111405	2.4
-111883	1.6
-112034	1.3
-111465	2.3
-111618	2.0
-112057	1.3
-111583	2.1
-111452	2.3
-111438	2.4
-111521	2.2
-111870	1.6
-112126	1.1
-112152	1.1
-112205	1.0
-111701	1.9
-111898	1.5
-111952	1.5
-112151	1.1
-111904	1.5
-111869	1.6
-112011	1.3
-111441	2.4
-111533	2.2
-111814	1.7
-112009	1.4
-112062	1.3
-111577	2.1
-111748	1.8
-111800	1.7
-111663	2.0
-111648	2.0
-112325	0.8
-111649	2.0
-112092	1.2
-111097	3.0
-111522	2.2
-111269	2.7
-111590	2.1
-111636	2.0
-111998	1.4
-111957	1.4
-112090	1.2
-112385	0.7
-111989	1.4
-111415	2.4
-111832	1.7
-111648	2.0
-111757	1.8
-111593	2.1
-111757	1.8
-112113	1.2
-111667	2.0
-111637	2.0
-111804	1.7
-111367	2.5
-111243	2.7
-112115	1.2
-111416	2.4
-112035	1.3
-111505	2.2
-112308	0.8
-112162	1.1
-112121	1.2
-111843	1.6
-111434	2.4
-112042	1.3
-111633	2.0
-111929	1.5
-111821	1.7
-111981	1.4
-111736	1.8
-111728	1.8
-111711	1.9
-112209	1.0
-111773	1.8
-111618	2.0
-111770	1.8
-111939	1.5
-111986	1.4
-111672	1.9
-111522	2.2
-111374	2.5
-112355	0.7
-112193	1.0
-111197	2.8
-111634	2.0
-112017	1.3
-111727	1.8
-112130	1.1
-111830	1.7
-112026	1.3
-112012	1.3
-112342	0.8
-111670	1.9
-111811	1.7
-111641	2.0
-111374	2.5
-111288	2.6
-111673	1.9
-111720	1.9
-111920	1.5
-111888	1.6
-111825	1.7
-112305	0.8
-111924	1.5
-111801	1.7
-111503	2.2
-111890	1.6
-112045	1.3
-111901	1.5
-111561	2.1
-111848	1.6
-111936	1.5
-112156	1.1
-112015	1.3
-111675	1.9
-111517	2.2
-111482	2.3
-111213	2.8
-111015	3.1
-111410	2.4
-111587	2.1
-111789	1.7
-111067	3.0
-111858	1.6
-111689	1.9
-111780	1.8
-111802	1.7
-111485	2.3
-111752	1.8
-111986	1.4
-111736	1.8
-111282	2.6
-111716	1.9
-112030	1.3
-112203	1.0
-111456	2.3
-111935	1.5
-111671	1.9
-111688	1.9
-112035	1.3
-111806	1.7
-112231	1.0
-112658	0.2
-111238	2.7
-111610	2.1
-111585	2.1
-111293	2.6
-111510	2.2
-112365	0.7
-111728	1.8
-111431	2.4
-111383	2.5
-111866	1.6
-111926	1.5
-111722	1.9
-112318	0.8
-111507	2.2
-111574	2.1
-111650	2.0
-111917	1.5
-112152	1.1
-111978	1.4
-111623	2.0
-111935	1.5
-111946	1.5
-111702	1.9
-111864	1.6
-111678	1.9
-112037	1.3
-111653	2.0
-112503	0.5
-111187	2.8
-111532	2.2
-111800	1.7
-111936	1.5
-111764	1.8
-111756	1.8
-111793	1.7
-112091	1.2
-111513	2.2
-112053	1.3
-112139	1.1
-112241	0.9
-111725	1.9
-111216	2.8
-111566	2.1
-112243	0.9
-111832	1.7
-111528	2.2
-111641	2.0
-112254	0.9
-111847	1.6
-111798	1.7
-111935	1.5
-111713	1.9
-111522	2.2
-112085	1.2
-111799	1.7
-112006	1.4
-111835	1.7
-111842	1.6
-112152	1.1
-111816	1.7
-111909	1.5
-112191	1.0
-112381	0.7
-111578	2.1
-112191	1.0
-111945	1.5
-111601	2.1
-111945	1.5
-111673	1.9
-111734	1.8
-111388	2.4
-111641	2.0
-111758	1.8
-111269	2.7
-112221	1.0
-111764	1.8
-112145	1.1
-111851	1.6
-111700	1.9
-112051	1.3
-111398	2.4
-111611	2.1
-111874	1.6
-111991	1.4
-111804	1.7
-111696	1.9
-111815	1.7
-111447	2.3
-112098	1.2
-111444	2.3
-111650	2.0
-111623	2.0
-111461	2.3
-111861	1.6
-111370	2.5
-112015	1.3
-111951	1.5
-112019	1.3
-111543	2.2
-111611	2.1
-111413	2.4
-111712	1.9
-111882	1.6
-111527	2.2
-111973	1.4
-111637	2.0
-112348	0.8
-111493	2.3
-111596	2.1
-111885	1.6
-112122	1.2
-111710	1.9
-111635	2.0
-112079	1.2
-111907	1.5
-111302	2.6
-111998	1.4
-111904	1.5
-112133	1.1
-111528	2.2
-111709	1.9
-111977	1.4
-111761	1.8
-111996	1.4
-111821	1.7
-111845	1.6
-111694	1.9
-111875	1.6
-111652	2.0
-112131	1.1
-111841	1.6
-111329	2.6
-112025	1.3
-111527	2.2
-111746	1.8
-112134	1.1
-111577	2.1
-111878	1.6
-111662	2.0
-112155	1.1
-111820	1.7
-111795	1.7
-111882	1.6
-111753	1.8
-111671	1.9
-112120	1.2
-111969	1.4
-111723	1.9
-112110	1.2
-112204	1.0
-111637	2.0
-111865	1.6
-111549	2.2
-112090	1.2
-112065	1.3
-111638	2.0
-111667	2.0
-111727	1.8
-111456	2.3
-111809	1.7
-111689	1.9
-111966	1.4
-111904	1.5
-111907	1.5
-111422	2.4
-111557	2.1
-111514	2.2
-111656	2.0
-111644	2.0
-111843	1.6
-111859	1.6
-111773	1.8
-112138	1.1
-111970	1.4
-111766	1.8
-111761	1.8
-111829	1.7
-112143	1.1
-112165	1.1
-111458	2.3
-112165	1.1
-112056	1.3
-111494	2.3
-111722	1.9
-111877	1.6
-111737	1.8
-111708	1.9
-111806	1.7
-111915	1.5
-111876	1.6
-111781	1.8
-112322	0.8
-111289	2.6
-111800	1.7
-111930	1.5
-111827	1.7
-111995	1.4
-111468	2.3
-111543	2.2
-112088	1.2
-111552	2.2
-111710	1.9
-112031	1.3
-111642	2.0
-111742	1.8
-111813	1.7
-111384	2.5
-112142	1.1
-112001	1.4
-111716	1.9
-111737	1.8
-112263	0.9
-111487	2.3
-111390	2.4
-112064	1.3
-111457	2.3
-111728	1.8
-111205	2.8
-111828	1.7
-111858	1.6
-112246	0.9
-111948	1.5
-111929	1.5
-111719	1.9
-111298	2.6
-111666	2.0
-111773	1.8
-111804	1.7
-111529	2.2
-111900	1.5
-111984	1.4
-111611	2.1
-111625	2.0
-111843	1.6
-112476	0.5
-111465	2.3
-111820	1.7
-111730	1.8
-111752	1.8
-111433	2.4
-111754	1.8
-111854	1.6
-111848	1.6
-111739	1.8
-111933	1.5
-112230	1.0
-111882	1.6
-112094	1.2
-112092	1.2
-111523	2.2
-112149	1.1
-111466	2.3
-111634	2.0
-111925	1.5
-111583	2.1
-111995	1.4
-111784	1.7
-111481	2.3
-111929	1.5
-112114	1.2
-111489	2.3
-111936	1.5
-111641	2.0
-111296	2.6
-112067	1.2
-111602	2.1
-112194	1.0
-111658	2.0
-111978	1.4
-111907	1.5
-111499	2.3
-111918	1.5
-112168	1.1
-111742	1.8
-111652	2.0
-111613	2.0
-111532	2.2
-111951	1.5
-111569	2.1
-111644	2.0
-111958	1.4
-111549	2.2
-110903	3.3
-111194	2.8
-112128	1.1
-112202	1.0
-112006	1.4
-111946	1.5
-111322	2.6
-112118	1.2
-111944	1.5
-112460	0.6
-111748	1.8
-111547	2.2
-111262	2.7
-111572	2.1
-111651	2.0
-112043	1.3
-112010	1.3
-111873	1.6
-111544	2.2
-111811	1.7
-111578	2.1
-111750	1.8
-111551	2.2
-112219	1.0
-111747	1.8
-111912	1.5
-111675	1.9
-111800	1.7
-111919	1.5
-112242	0.9
-111524	2.2
-112231	1.0
-111878	1.6
-111900	1.5
-111931	1.5
-111701	1.9
-112169	1.1
-111390	2.4
-111864	1.6
-111372	2.5
-111836	1.7
-111752	1.8
-111682	1.9
-112136	1.1
-111865	1.6
-112142	1.1
-111847	1.6
-111601	2.1
-111433	2.4
-111658	2.0
-111930	1.5
-111617	2.0
-111577	2.1
-111641	2.0
-112387	0.7
-111739	1.8
-112273	0.9
-111630	2.0
-111728	1.8
-111851	1.6
-112034	1.3
-111856	1.6
-111539	2.2
-111702	1.9
-111620	2.0
-111384	2.5
-111478	2.3
-111472	2.3
-111633	2.0
-112047	1.3
-111535	2.2
-111864	1.6
-111649	2.0
-111805	1.7
-112078	1.2
-112005	1.4
-111560	2.1
-111878	1.6
-111869	1.6
-112205	1.0
-112026	1.3
-111755	1.8
-111557	2.1
-111567	2.1
-111935	1.5
-111583	2.1
-111871	1.6
-111480	2.3
-111885	1.6
-111636	2.0
-111818	1.7
-111447	2.3
-111832	1.7
-111745	1.8
-112471	0.5
-111603	2.1
-111511	2.2
-111902	1.5
-111255	2.7
-111445	2.3
-111864	1.6
-112241	0.9
-111298	2.6
-111709	1.9
-111733	1.8
-111869	1.6
-111531	2.2
-111784	1.7
-112175	1.1
-111887	1.6
-111739	1.8
-111565	2.1
-111463	2.3
-111669	2.0
-111686	1.9
-111647	2.0
-111678	1.9
-111614	2.0
-111972	1.4
-111926	1.5
-111262	2.7
-111934	1.5
-111628	2.0
-111501	2.2
-111838	1.7
-111556	2.2
-111782	1.8
-112033	1.3
-111388	2.4
-111843	1.6
-111982	1.4
-111422	2.4
-111449	2.3
-111654	2.0
-112094	1.2
-112014	1.3
-111942	1.5
-111979	1.4
-111423	2.4
-111836	1.7
-111327	2.6
-111524	2.2
-111642	2.0
-111919	1.5
-111708	1.9
-112104	1.2
-111778	1.8
-111959	1.4
-111888	1.6
-111802	1.7
-112077	1.2
-111804	1.7
-112005	1.4
-111936	1.5
-112154	1.1
-111563	2.1
-111925	1.5
-111671	1.9
-111412	2.4
-111558	2.1
-111967	1.4
-111602	2.1
-111520	2.2
-111549	2.2
-111888	1.6
-111503	2.2
-111854	1.6
-111669	2.0
-111447	2.3
-111848	1.6
-111920	1.5
-111725	1.9
-112281	0.9
-111847	1.6
-111387	2.4
-111779	1.8
-111820	1.7
-111926	1.5
-111836	1.7
-111986	1.4
-111799	1.7
-112115	1.2
-111808	1.7
-111568	2.1
-111747	1.8
-111746	1.8
-111609	2.1
-111373	2.5
-112119	1.2
-112095	1.2
-111516	2.2
-111346	2.5
-111900	1.5
-111978	1.4
-111401	2.4
-111711	1.9
-112016	1.3
-111710	1.9
-111497	2.3
-111335	2.5
-111660	2.0
-111832	1.7
-111356	2.5
-111346	2.5
-111349	2.5
-111694	1.9
-111837	1.7
-111992	1.4
-111414	2.4
-111626	2.0
-112009	1.4
-112141	1.1
-111880	1.6
-111480	2.3
-111587	2.1
-111089	3.0
-111409	2.4
-111888	1.6
-112027	1.3
-111668	2.0
-111822	1.7
-111796	1.7
-111689	1.9
-111533	2.2
-111768	1.8
-111880	1.6
-111357	2.5
-112000	1.4
-111614	2.0
-111587	2.1
-111744	1.8
-111395	2.4
-111664	2.0
-111681	1.9
-112206	1.0
-112144	1.1
-111780	1.8
-111910	1.5
-111761	1.8
-111989	1.4
-111972	1.4
-111581	2.1
-111860	1.6
-111964	1.4
-111723	1.9
-112002	1.4
-111838	1.7
-111399	2.4
-111550	2.2
-111780	1.8
-111306	2.6
-111488	2.3
-111919	1.5
-111593	2.1
-111699	1.9
-111167	2.8
-112230	1.0
-112084	1.2
-111697	1.9
-111318	2.6
-111701	1.9
-111846	1.6
-111556	2.2
-111943	1.5
-111993	1.4
-111807	1.7
-111700	1.9
-111525	2.2
-111897	1.5
-111718	1.9
-111805	1.7
-111443	2.3
-111475	2.3
-111684	1.9
-111382	2.5
-110922	3.3
-112021	1.3
-112179	1.1
-111340	2.5
-111904	1.5
-111401	2.4
-112002	1.4
-111907	1.5
-111013	3.1
-112589	0.3
-111273	2.7
-111886	1.6
-111563	2.1
-111968	1.4
-112121	1.2
-111891	1.6
-111913	1.5
-111772	1.8
-111686	1.9
-111523	2.2
-112002	1.4
-111559	2.1
-111824	1.7
-111618	2.0
-111958	1.4
-111593	2.1
-111638	2.0
-111948	1.5
-111954	1.4
-111319	2.6
-111831	1.7
-111742	1.8
-111560	2.1
-111785	1.7
-112003	1.4
-111668	2.0
-111357	2.5
-110975	3.2
-111563	2.1
-111944	1.5
-112211	1.0
-111802	1.7
-111670	1.9
-111624	2.0
-111856	1.6
-111665	2.0
-111389	2.4
-112209	1.0
-111827	1.7
-111917	1.5
-111753	1.8
-111611	2.1
-111840	1.6
-112448	0.6
-111895	1.6
-111639	2.0
-111890	1.6
-111920	1.5
-111594	2.1
-112114	1.2
-111446	2.3
-112241	0.9
-111696	1.9
-111186	2.8
-111475	2.3
-111465	2.3
-111455	2.3
-111984	1.4
-111983	1.4
-111250	2.7
-111650	2.0
-111691	1.9
-111941	1.5
-112087	1.2
-111705	1.9
-111602	2.1
-111893	1.6
-111399	2.4
-112011	1.3
-111697	1.9
-111810	1.7
-112149	1.1
-111516	2.2
-111970	1.4
-111971	1.4
-111406	2.4
-111798	1.7
-111832	1.7
-111617	2.0
-111782	1.8
-112061	1.3
-111553	2.2
-111513	2.2
-111795	1.7
-111459	2.3
-111322	2.6
-112019	1.3
-111577	2.1
-112465	0.5
-111744	1.8
-111770	1.8
-111883	1.6
-111748	1.8
-111836	1.7
-111753	1.8
-111735	1.8
-111741	1.8
-112082	1.2
-111865	1.6
-111531	2.2
-111988	1.4
-112221	1.0
-112220	1.0
-111720	1.9
-111801	1.7
-111630	2.0
-111417	2.4
-111997	1.4
-111363	2.5
-111733	1.8
-111784	1.7
-112054	1.3
-111465	2.3
-111671	1.9
-111881	1.6
-111198	2.8
-111635	2.0
-111687	1.9
-111026	3.1
-111867	1.6
-112023	1.3
-111880	1.6
-111900	1.5
-111326	2.6
-112205	1.0
-111731	1.8
-111868	1.6
-111645	2.0
-111898	1.5
-112095	1.2
-111866	1.6
-111753	1.8
-112232	1.0
-111665	2.0
-111863	1.6
-112208	1.0
-111537	2.2
-111359	2.5
-111678	1.9
-111617	2.0
-111521	2.2
-111931	1.5
-111726	1.9
-111767	1.8
-111373	2.5
-111409	2.4
-111688	1.9
-111759	1.8
-111971	1.4
-111874	1.6
-112403	0.7
-111745	1.8
-111329	2.6
-111520	2.2
-111812	1.7
-112218	1.0
-111844	1.6
-111517	2.2
-111729	1.8
-112011	1.3
-112174	1.1
-111668	2.0
-111998	1.4
-112045	1.3
-111853	1.6
-111347	2.5
-111761	1.8
-111406	2.4
-111411	2.4
-111721	1.9
-111824	1.7
-111536	2.2
-112163	1.1
-112025	1.3
-111553	2.2
-111641	2.0
-111657	2.0
-111310	2.6
-111264	2.7
-112033	1.3
-111816	1.7
-111846	1.6
-111398	2.4
-111879	1.6
-111555	2.2
-111442	2.4
-111684	1.9
-111991	1.4
-112100	1.2
-111437	2.4
-111447	2.3
-111528	2.2
-111723	1.9
-111541	2.2
-111977	1.4
-111248	2.7
-111432	2.4
-111851	1.6
-111819	1.7
-111872	1.6
-111754	1.8
-112000	1.4
-111895	1.6
-112381	0.7
-111337	2.5
-111570	2.1
-111765	1.8
-111692	1.9
-111935	1.5
-111880	1.6
-111936	1.5
-112175	1.1
-111205	2.8
-111959	1.4
-111424	2.4
-112469	0.5
-111694	1.9
-110892	3.3
-111323	2.6
-112121	1.2
-111714	1.9
-112085	1.2
-111728	1.8
-111901	1.5
-111650	2.0
-111515	2.2
-111916	1.5
-112041	1.3
-111389	2.4
-111396	2.4
-111347	2.5
-111343	2.5
-111834	1.7
-111571	2.1
-111890	1.6
-111592	2.1
-111962	1.4
-111323	2.6
-112302	0.8
-111706	1.9
-111799	1.7
-111335	2.5
-111474	2.3
-111431	2.4
-111924	1.5
-111946	1.5
-111867	1.6
-111615	2.0
-111796	1.7
-111601	2.1
-111683	1.9
-111659	2.0
-111916	1.5
-111947	1.5
-111796	1.7
-112028	1.3
-111791	1.7
-111610	2.1
-111952	1.5
-111817	1.7
-111976	1.4
-111413	2.4
-111582	2.1
-111405	2.4
-111858	1.6
-111293	2.6
-112194	1.0
-111904	1.5
-112071	1.2
-112096	1.2
-111559	2.1
-111810	1.7
-111991	1.4
-111505	2.2
-111709	1.9
-111917	1.5
-111952	1.5
-111653	2.0
-112167	1.1
-112067	1.2
-111894	1.6
-111010	3.1
-111702	1.9
-111577	2.1
-111533	2.2
-111404	2.4
-111454	2.3
-112077	1.2
-111793	1.7
-111665	2.0
-111924	1.5
-112039	1.3
-112137	1.1
-112035	1.3
-111339	2.5
-111559	2.1
-111235	2.7
-111939	1.5
-111444	2.3
-111354	2.5
-111962	1.4
-111333	2.5
-111771	1.8
-111727	1.8
-111876	1.6
-111831	1.7
-112065	1.3
-111531	2.2
-111582	2.1
-112394	0.7
-111514	2.2
-112074	1.2
-111569	2.1
-112103	1.2
-111549	2.2
-111705	1.9
-111690	1.9
-111512	2.2
-111902	1.5
-111722	1.9
-111649	2.0
-112040	1.3
-112163	1.1
-112068	1.2
-111894	1.6
-111885	1.6
-111756	1.8
-111978	1.4
-111905	1.5
-111734	1.8
-111751	1.8
-112281	0.9
-111625	2.0
-111489	2.3
-112354	0.7
-111940	1.5
-111284	2.6
-111780	1.8
-112131	1.1
-111571	2.1
-111153	2.9
-111497	2.3
-111802	1.7
-111957	1.4
-111593	2.1
-111834	1.7
-111885	1.6
-111703	1.9
-112077	1.2
-112019	1.3
-111224	2.7
-111986	1.4
-111779	1.8
-112074	1.2
-111585	2.1
-111537	2.2
-111031	3.1
-112121	1.2
-111615	2.0
-111498	2.3
-111740	1.8
-111658	2.0
-112035	1.3
-112198	1.0
-111721	1.9
-111999	1.4
-111655	2.0
-111994	1.4
-111853	1.6
-111534	2.2
-112188	1.0
-111289	2.6
-111459	2.3
-111878	1.6
-111443	2.3
-111856	1.6
-111743	1.8
-111814	1.7
-111619	2.0
-111409	2.4
-111900	1.5
-112141	1.1
-111523	2.2
-111774	1.8
-111487	2.3
-111712	1.9
-112407	0.6
-111657	2.0
-111775	1.8
-111955	1.4
-111884	1.6
-111834	1.7
-111920	1.5
-111625	2.0
-111987	1.4
-111497	2.3
-111802	1.7
-111673	1.9
-111472	2.3
-111991	1.4
-111759	1.8
-112155	1.1
-112196	1.0
-111595	2.1
-111972	1.4
-111732	1.8
-111607	2.1
-111713	1.9
-111854	1.6
-111586	2.1
-111733	1.8
-111624	2.0
-111940	1.5
-111132	2.9
-111747	1.8
-111390	2.4
-112036	1.3
-111988	1.4
-111775	1.8
-112127	1.1
-111607	2.1
-111837	1.7
-112183	1.0
-111909	1.5
-111843	1.6
-111866	1.6
-111896	1.6
-111830	1.7
-112114	1.2
-111619	2.0
-111734	1.8
-111601	2.1
-111597	2.1
-111740	1.8
-112114	1.2
-111798	1.7
-111697	1.9
-111769	1.8
-111927	1.5
-111850	1.6
-111804	1.7
-111808	1.7
-111969	1.4
-111691	1.9
-111875	1.6
-111753	1.8
-111517	2.2
-112127	1.1
-111286	2.6
-111409	2.4
-112084	1.2
-111200	2.8
-112088	1.2
-111661	2.0
-112138	1.1
-111564	2.1
-111463	2.3
-111835	1.7
-111464	2.3
-112302	0.8
-112222	1.0
-111921	1.5
-111497	2.3
-112091	1.2
-111910	1.5
-111488	2.3
-112084	1.2
-111734	1.8
-111829	1.7
-112045	1.3
-111487	2.3
-111307	2.6
-111579	2.1
-111798	1.7
-112304	0.8
-111495	2.3
-111832	1.7
-111634	2.0
-111798	1.7
-111299	2.6
-111805	1.7
-111924	1.5
-112171	1.1
-111434	2.4
-111555	2.2
-111737	1.8
-111636	2.0
-111933	1.5
-111994	1.4
-111616	2.0
-112018	1.3
-111196	2.8
-111567	2.1
-112218	1.0
-111989	1.4
-111632	2.0
-112049	1.3
-111847	1.6
-111567	2.1
-111675	1.9
-112015	1.3
-111784	1.7
-111471	2.3
-111831	1.7
-111825	1.7
-112148	1.1
-111698	1.9
-111964	1.4
-111526	2.2
-111431	2.4
-111788	1.7
-111532	2.2
-111631	2.0
-111706	1.9
-111491	2.3
-111418	2.4
-111792	1.7
-111420	2.4
-111856	1.6
-111624	2.0
-111488	2.3
-111673	1.9
-111813	1.7
-112011	1.3
-111742	1.8
-111898	1.5
-111883	1.6
-111923	1.5
-111892	1.6
-111645	2.0
-111954	1.4
-111585	2.1
-111676	1.9
-111547	2.2
-111444	2.3
-111352	2.5
-111809	1.7
-111447	2.3
-111786	1.7
-111945	1.5
-112034	1.3
-111489	2.3
-111495	2.3
-111761	1.8
-111316	2.6
-111758	1.8
-111006	3.1
-111517	2.2
-112061	1.3
-111571	2.1
-112207	1.0
-111861	1.6
-112104	1.2
-111409	2.4
-111784	1.7
-111736	1.8
-111612	2.1
-111514	2.2
-111484	2.3
-112127	1.1
-111421	2.4
-111483	2.3
-111893	1.6
-111819	1.7
-111713	1.9
-111853	1.6
-111125	2.9
-111502	2.2
-112157	1.1
-112056	1.3
-111882	1.6
-111899	1.5
-111934	1.5
-111583	2.1
-111328	2.6
-111579	2.1
-111868	1.6
-112013	1.3
-111965	1.4
-111657	2.0
-112045	1.3
-112022	1.3
-111802	1.7
-111977	1.4
-111912	1.5
-111518	2.2
-111636	2.0
-112085	1.2
-111511	2.2
-111802	1.7
-111899	1.5
-111913	1.5
-111949	1.5
-111591	2.1
-111632	2.0
-111846	1.6
-111715	1.9
-112052	1.3
-111549	2.2
-111891	1.6
-111557	2.1
-111519	2.2
-112060	1.3
-111497	2.3
-111823	1.7
-111647	2.0
-111724	1.9
-111941	1.5
-111895	1.6
-112010	1.3
-112548	0.4
-111980	1.4
-112114	1.2
-111690	1.9
-111502	2.2
-112034	1.3
-111920	1.5
-111706	1.9
-111566	2.1
-112245	0.9
-112227	1.0
-111772	1.8
-111529	2.2
-111787	1.7
-111923	1.5
-111970	1.4
-111787	1.7
-111572	2.1
-111174	2.8
-111914	1.5
-111575	2.1
-111755	1.8
-112054	1.3
-112037	1.3
-111739	1.8
-111453	2.3
-111492	2.3
-111961	1.4
-111715	1.9
-111987	1.4
-111203	2.8
-111818	1.7
-111835	1.7
-111745	1.8
-111751	1.8
-111931	1.5
-111522	2.2
-111648	2.0
-111845	1.6
-111745	1.8
-111878	1.6
-111461	2.3
-111652	2.0
-112200	1.0
-111903	1.5
-111642	2.0
-111979	1.4
-111517	2.2
-111675	1.9
-111829	1.7
-111943	1.5
-111442	2.4
-112094	1.2
-112108	1.2
-112100	1.2
-111766	1.8
-111668	2.0
-111665	2.0
-111893	1.6
-111574	2.1
-111587	2.1
-111711	1.9
-111814	1.7
-111645	2.0
-111714	1.9
-111883	1.6
-111936	1.5
-111492	2.3
-111916	1.5
-111814	1.7
-111652	2.0
-111912	1.5
-111830	1.7
-112193	1.0
-112339	0.8
-111367	2.5
-111651	2.0
-111579	2.1
-111688	1.9
-111852	1.6
-111880	1.6
-111364	2.5
-111911	1.5
-112237	0.9
-112442	0.6
-112088	1.2
-111571	2.1
-111604	2.1
-111810	1.7
-111107	2.9
-111526	2.2
-111793	1.7
-112095	1.2
-111798	1.7
-111947	1.5
-111924	1.5
-111446	2.3
-111917	1.5
-111720	1.9
-111720	1.9
-112002	1.4
-111531	2.2
-111540	2.2
-111375	2.5
-111581	2.1
-111642	2.0
-111900	1.5
-111689	1.9
-111620	2.0
-111957	1.4
-111337	2.5
-111849	1.6
-112059	1.3
-111751	1.8
-111769	1.8
-111698	1.9
-111655	2.0
-111798	1.7
-112361	0.7
-112133	1.1
-111736	1.8
-111910	1.5
-111297	2.6
-111625	2.0
-111395	2.4
-112151	1.1
-111955	1.4
-111385	2.5
-111633	2.0
-111670	1.9
-111677	1.9
-111696	1.9
-111928	1.5
-111645	2.0
-111666	2.0
-111955	1.4
-111634	2.0
-111918	1.5
-111647	2.0
-111841	1.6
-112127	1.1
-111740	1.8
-111866	1.6
-112394	0.7
-111821	1.7
-111672	1.9
-112157	1.1
-112036	1.3
-111741	1.8
-111404	2.4
-111558	2.1
-111652	2.0
-111716	1.9
-111776	1.8
-111749	1.8
-111623	2.0
-111944	1.5
-111559	2.1
-111815	1.7
-111983	1.4
-111634	2.0
-111557	2.1
-111826	1.7
-112093	1.2
-111833	1.7
-111658	2.0
-111957	1.4
-111864	1.6
-111510	2.2
-112135	1.1
-111749	1.8
-111832	1.7
-111959	1.4
-111816	1.7
-111620	2.0
-111774	1.8
-111212	2.8
-112061	1.3
-111558	2.1
-111803	1.7
-111995	1.4
-111378	2.5
-111979	1.4
-111958	1.4
-111975	1.4
-111663	2.0
-111437	2.4
-111816	1.7
-111492	2.3
-111613	2.0
-111856	1.6
-111588	2.1
-111993	1.4
-111550	2.2
-111934	1.5
-112119	1.2
-111905	1.5
-111718	1.9
-111673	1.9
-111653	2.0
-112146	1.1
-111858	1.6
-111920	1.5
-111578	2.1
-112039	1.3
-111209	2.8
-111418	2.4
-112040	1.3
-111778	1.8
-112223	1.0
-111718	1.9
-111951	1.5
-111486	2.3
-111910	1.5
-112083	1.2
-111605	2.1
-111863	1.6
-111246	2.7
-112047	1.3
-111414	2.4
-111438	2.4
-111459	2.3
-112007	1.4
-111924	1.5
-111645	2.0
-111484	2.3
-111593	2.1
-111483	2.3
-111565	2.1
-111459	2.3
-111328	2.6
-111817	1.7
-111729	1.8
-111585	2.1
-111761	1.8
-111697	1.9
-111786	1.7
-111818	1.7
-111902	1.5
-111847	1.6
-112013	1.3
-111502	2.2
-111461	2.3
-111835	1.7
-111681	1.9
-111756	1.8
-111497	2.3
-112102	1.2
-111666	2.0
-112020	1.3
-111671	1.9
-111762	1.8
-111522	2.2
-112037	1.3
-112155	1.1
-111927	1.5
-111619	2.0
-111842	1.6
-111778	1.8
-112159	1.1
-111402	2.4
-111904	1.5
-111995	1.4
-111544	2.2
-111427	2.4
-111463	2.3
-111833	1.7
-111625	2.0
-111507	2.2
-112067	1.2
-111327	2.6
-111414	2.4
-111721	1.9
-111436	2.4
-111652	2.0
-111601	2.1
-111599	2.1
-111502	2.2
-111854	1.6
-111888	1.6
-111822	1.7
-111665	2.0
-111901	1.5
-110903	3.3
-111517	2.2
-111674	1.9
-111968	1.4
-111721	1.9
-112026	1.3
-111377	2.5
-111395	2.4
-111762	1.8
-111280	2.6
-111440	2.4
-111294	2.6
-111972	1.4
-111669	2.0
-111696	1.9
-111450	2.3
-111820	1.7
-111865	1.6
-112102	1.2
-111577	2.1
-111466	2.3
-111407	2.4
-112012	1.3
-112089	1.2
-111677	1.9
-112132	1.1
-111235	2.7
-111515	2.2
-111577	2.1
-111996	1.4
-111832	1.7
-111536	2.2
-111938	1.5
-111622	2.0
-111739	1.8
-111419	2.4
-111209	2.8
-111786	1.7
-111622	2.0
-111887	1.6
-111697	1.9
-111663	2.0
-111502	2.2
-112200	1.0
-111922	1.5
-111335	2.5
-111316	2.6
-111992	1.4
-111477	2.3
-111478	2.3
-111754	1.8
-111431	2.4
-111786	1.7
-111774	1.8
-112515	0.5
-111841	1.6
-112134	1.1
-111562	2.1
-111799	1.7
-111281	2.6
-111797	1.7
-111703	1.9
-112187	1.0
-111888	1.6
-111513	2.2
-111838	1.7
-111452	2.3
-111240	2.7
-111901	1.5
-112197	1.0
-111435	2.4
-111819	1.7
-111703	1.9
-111283	2.6
-111667	2.0
-111686	1.9
-111785	1.7
-111863	1.6
-111133	2.9
-112110	1.2
-111264	2.7
-112165	1.1
-111846	1.6
-111750	1.8
-111720	1.9
-111834	1.7
-111570	2.1
-112015	1.3
-112536	0.4
-111985	1.4
-112163	1.1
-111612	2.1
-111497	2.3
-111399	2.4
-111887	1.6
-111644	2.0
-112048	1.3
-111844	1.6
-111763	1.8
-111874	1.6
-112140	1.1
-111700	1.9
-111224	2.7
-112107	1.2
-111625	2.0
-111629	2.0
-111798	1.7
-111999	1.4
-112162	1.1
-111544	2.2
-111378	2.5
-111624	2.0
-111281	2.6
-112218	1.0
-112169	1.1
-112158	1.1
-111861	1.6
-111696	1.9
-111499	2.3
-111537	2.2
-111551	2.2
-111737	1.8
-111763	1.8
-111680	1.9
-111614	2.0
-111898	1.5
-111645	2.0
-111687	1.9
-111755	1.8
-111755	1.8
-112355	0.7
-111460	2.3
-111805	1.7
-111360	2.5
-111583	2.1
-112066	1.3
-112337	0.8
-111885	1.6
-111771	1.8
-112033	1.3
-112082	1.2
-111582	2.1
-112086	1.2
-111363	2.5
-111584	2.1
-111635	2.0
-111893	1.6
-112137	1.1
-111731	1.8
-112155	1.1
-111838	1.7
-111691	1.9
-111454	2.3
-111720	1.9
-111923	1.5
-111921	1.5
-111774	1.8
-111867	1.6
-111904	1.5
-111590	2.1
-112002	1.4
-111742	1.8
-111961	1.4
-111455	2.3
-111804	1.7
-111541	2.2
-111646	2.0
-112119	1.2
-112109	1.2
-111956	1.4
-111445	2.3
-111203	2.8
-111585	2.1
-111617	2.0
-111767	1.8
-112095	1.2
-111239	2.7
-111110	2.9
-111696	1.9
-112070	1.2
-111727	1.8
-111382	2.5
-112027	1.3
-111884	1.6
-111926	1.5
-111696	1.9
-111685	1.9
-111551	2.2
-111952	1.5
-111349	2.5
-112019	1.3
-111798	1.7
-112080	1.2
-111365	2.5
-111237	2.7
-111635	2.0
-111929	1.5
-111064	3.0
-111429	2.4
-111761	1.8
-112193	1.0
-111791	1.7
-111253	2.7
-111408	2.4
-111777	1.8
-111867	1.6
-111801	1.7
-111996	1.4
-111279	2.6
-111566	2.1
-112029	1.3
-112053	1.3
-111897	1.5
-111910	1.5
-111218	2.7
-111694	1.9
-111942	1.5
-111626	2.0
-111683	1.9
-111339	2.5
-112095	1.2
-111829	1.7
-111760	1.8
-112007	1.4
-111788	1.7
-111839	1.7
-111505	2.2
-111907	1.5
-111923	1.5
-111498	2.3
-111932	1.5
-111346	2.5
-111851	1.6
-112084	1.2
-111755	1.8
-111290	2.6
-111710	1.9
-111770	1.8
-112014	1.3
-111657	2.0
-111580	2.1
-111852	1.6
-111417	2.4
-111524	2.2
-111371	2.5
-112200	1.0
-111826	1.7
-111621	2.0
-111671	1.9
-111768	1.8
-111377	2.5
-111957	1.4
-111588	2.1
-111964	1.4
-111719	1.9
-111539	2.2
-111608	2.1
-112359	0.7
-111645	2.0
-112004	1.4
-111904	1.5
-111773	1.8
-111199	2.8
-111287	2.6
-111449	2.3
-111996	1.4
-112023	1.3
-111644	2.0
-111788	1.7
-111659	2.0
-111446	2.3
-111525	2.2
-111743	1.8
-111374	2.5
-111922	1.5
-111251	2.7
-111894	1.6
-111606	2.1
-111477	2.3
-112160	1.1
-111882	1.6
-112062	1.3
-111573	2.1
-112180	1.0
-111950	1.5
-111736	1.8
-111727	1.8
-111571	2.1
-111722	1.9
-111436	2.4
-112144	1.1
-111811	1.7
-111604	2.1
-111767	1.8
-111633	2.0
-111470	2.3
-111514	2.2
-111851	1.6
-111766	1.8
-112165	1.1
-111797	1.7
-111625	2.0
-111511	2.2
-111940	1.5
-111705	1.9
-112139	1.1
-111953	1.4
-111381	2.5
-111565	2.1
-111732	1.8
-111873	1.6
-111753	1.8
-111393	2.4
-111602	2.1
-111391	2.4
-111612	2.1
-111596	2.1
-111503	2.2
-111607	2.1
-111579	2.1
-111959	1.4
-111692	1.9
-112042	1.3
-111558	2.1
-111376	2.5
-111821	1.7
-111704	1.9
-111798	1.7
-111603	2.1
-111819	1.7
-111933	1.5
-111425	2.4
-111967	1.4
-111889	1.6
-111519	2.2
-111480	2.3
-111842	1.6
-111778	1.8
-111950	1.5
-111376	2.5
-111424	2.4
-111622	2.0
-112012	1.3
-112029	1.3
-111373	2.5
-112006	1.4
-111930	1.5
-111999	1.4
-111441	2.4
-111941	1.5
-111589	2.1
-111632	2.0
-111849	1.6
-111549	2.2
-111976	1.4
-111283	2.6
-111606	2.1
-111839	1.7
-112166	1.1
-112049	1.3
-111541	2.2
-111939	1.5
-111525	2.2
-112187	1.0
-112293	0.8
-111330	2.5
-111551	2.2
-111275	2.6
-111851	1.6
-112056	1.3
-112067	1.2
-112040	1.3
-111595	2.1
-112146	1.1
-111481	2.3
-111996	1.4
-111758	1.8
-111900	1.5
-111542	2.2
-111604	2.1
-111650	2.0
-111674	1.9
-112197	1.0
-111992	1.4
-111536	2.2
-111936	1.5
-112092	1.2
-111869	1.6
-111542	2.2
-111886	1.6
-112013	1.3
-111866	1.6
-111461	2.3
-111799	1.7
-111663	2.0
-111601	2.1
-111721	1.9
-112435	0.6
-112198	1.0
-111814	1.7
-111767	1.8
-112103	1.2
-111612	2.1
-111927	1.5
-112176	1.1
-111676	1.9
-111020	3.1
-111798	1.7
-111324	2.6
-111288	2.6
-112035	1.3
-111662	2.0
-111586	2.1
-111442	2.4
-111402	2.4
-111827	1.7
-112062	1.3
-111909	1.5
-111597	2.1
-111997	1.4
-111933	1.5
-111512	2.2
-111595	2.1
-111737	1.8
-111903	1.5
-111652	2.0
-111719	1.9
-111853	1.6
-111763	1.8
-111433	2.4
-111430	2.4
-111414	2.4
-111699	1.9
-111862	1.6
-112194	1.0
-112274	0.9
-111756	1.8
-112097	1.2
-111534	2.2
-112131	1.1
-112347	0.8
-111327	2.6
-112200	1.0
-111430	2.4
-111699	1.9
-111878	1.6
-111729	1.8
-111772	1.8
-111652	2.0
-112210	1.0
-112034	1.3
-111845	1.6
-111658	2.0
-111403	2.4
-111427	2.4
-111806	1.7
-111432	2.4
-111756	1.8
-111556	2.2
-111764	1.8
-112252	0.9
-111797	1.7
-111878	1.6
-111441	2.4
-111578	2.1
-111377	2.5
-111888	1.6
-112080	1.2
-111727	1.8
-111766	1.8
-111667	2.0
-111461	2.3
-111927	1.5
-111538	2.2
-111808	1.7
-111645	2.0
-112233	1.0
-111448	2.3
-111859	1.6
-111144	2.9
-111970	1.4
-111881	1.6
-111931	1.5
-111708	1.9
-111614	2.0
-111707	1.9
-111682	1.9
-111566	2.1
-112173	1.1
-111963	1.4
-112096	1.2
-111726	1.9
-112149	1.1
-111990	1.4
-111601	2.1
-111502	2.2
-111568	2.1
-111547	2.2
-111742	1.8
-112329	0.8
-111692	1.9
-111456	2.3
-112298	0.8
-111490	2.3
-111285	2.6
-111584	2.1
-111648	2.0
-111404	2.4
-111630	2.0
-111815	1.7
-111688	1.9
-111650	2.0
-111721	1.9
-111581	2.1
-111842	1.6
-111683	1.9
-111239	2.7
-111587	2.1
-111624	2.0
-111804	1.7
-111687	1.9
-111977	1.4
-111816	1.7
-111222	2.7
-112238	0.9
-111917	1.5
-111761	1.8
-111985	1.4
-111659	2.0
-111490	2.3
-111826	1.7
-111800	1.7
-111637	2.0
-111737	1.8
-112244	0.9
-111679	1.9
-111696	1.9
-111890	1.6
-111521	2.2
-111969	1.4
-111888	1.6
-111573	2.1
-111703	1.9
-111513	2.2
-111588	2.1
-111271	2.7
-111975	1.4
-111688	1.9
-111914	1.5
-111458	2.3
-111307	2.6
-111142	2.9
-111265	2.7
-111436	2.4
-111603	2.1
-111922	1.5
-111694	1.9
-112010	1.3
-111924	1.5
-111477	2.3
-111650	2.0
-111577	2.1
-111449	2.3
-111763	1.8
-111459	2.3
-111221	2.7
-111851	1.6
-111938	1.5
-111771	1.8
-111627	2.0
-111532	2.2
-111915	1.5
-112071	1.2
-111924	1.5
-111570	2.1
-111464	2.3
-111649	2.0
-111766	1.8
-111617	2.0
-111421	2.4
-111861	1.6
-111691	1.9
-111468	2.3
-111652	2.0
-112035	1.3
-111446	2.3
-111597	2.1
-111773	1.8
-111799	1.7
-111496	2.3
-111792	1.7
-111884	1.6
-111662	2.0
-111352	2.5
-111540	2.2
-111405	2.4
-111796	1.7
-111480	2.3
-111676	1.9
-112127	1.1
-111932	1.5
-111458	2.3
-111858	1.6
-111705	1.9
-111643	2.0
-111790	1.7
-111648	2.0
-111332	2.5
-111878	1.6
-111490	2.3
-111702	1.9
-111923	1.5
-111888	1.6
-111848	1.6
-111559	2.1
-112031	1.3
-112022	1.3
-111609	2.1
-111465	2.3
-111594	2.1
-111726	1.9
-111643	2.0
-111615	2.0
-111582	2.1
-112210	1.0
-112064	1.3
-111791	1.7
-111434	2.4
-111678	1.9
-111976	1.4
-111521	2.2
-111652	2.0
-111949	1.5
-111787	1.7
-111806	1.7
-111229	2.7
-111789	1.7
-111926	1.5
-111843	1.6
-111650	2.0
-111521	2.2
-111895	1.6
-111524	2.2
-111501	2.2
-111646	2.0
-111431	2.4
-111867	1.6
-111714	1.9
-111577	2.1
-112287	0.9
-112022	1.3
-111613	2.0
-111729	1.8
-111458	2.3
-111965	1.4
-111837	1.7
-111663	2.0
-111836	1.7
-111831	1.7
-111774	1.8
-111677	1.9
-111281	2.6
-111389	2.4
-111926	1.5
-111533	2.2
-111742	1.8
-111808	1.7
-111888	1.6
-111433	2.4
-111376	2.5
-112076	1.2
-111555	2.2
-111599	2.1
-111645	2.0
-111642	2.0
-112108	1.2
-111566	2.1
-111677	1.9
-111799	1.7
-111454	2.3
-111762	1.8
-111535	2.2
-111990	1.4
-111848	1.6
-111879	1.6
-111567	2.1
-111484	2.3
-110853	3.4
-111678	1.9
-111638	2.0
-111428	2.4
-111547	2.2
-112202	1.0
-111761	1.8
-111648	2.0
-112107	1.2
-111879	1.6
-111757	1.8
-111521	2.2
-111506	2.2
-111963	1.4
-112140	1.1
-111593	2.1
-112034	1.3
-111500	2.2
-111991	1.4
-111664	2.0
-112212	1.0
-112082	1.2
-111843	1.6
-111629	2.0
-111595	2.1
-111826	1.7
-111712	1.9
-111592	2.1
-111628	2.0
-111598	2.1
-111766	1.8
-111293	2.6
-111726	1.9
-111353	2.5
-111971	1.4
-112055	1.3
-111413	2.4
-112158	1.1
-111558	2.1
-111715	1.9
-111579	2.1
-111558	2.1
-112376	0.7
-112073	1.2
-111699	1.9
-111648	2.0
-111555	2.2
-111634	2.0
-111835	1.7
-111412	2.4
-112147	1.1
-111268	2.7
-111667	2.0
-111902	1.5
-111335	2.5
-111995	1.4
-111804	1.7
-111849	1.6
-111452	2.3
-112155	1.1
-111519	2.2
-112130	1.1
-111931	1.5
-111746	1.8
-111601	2.1
-111838	1.7
-111527	2.2
-112204	1.0
-111759	1.8
-112117	1.2
-111131	2.9
-111581	2.1
-112261	0.9
-111552	2.2
-111771	1.8
-111693	1.9
-111810	1.7
-112295	0.8
-111516	2.2
-111686	1.9
-111653	2.0
-111563	2.1
-111537	2.2
-112071	1.2
-111655	2.0
-111226	2.7
-112152	1.1
-111950	1.5
-111620	2.0
-112022	1.3
-111559	2.1
-111347	2.5
-111714	1.9
-111758	1.8
-111942	1.5
-111818	1.7
-111567	2.1
-111720	1.9
-111576	2.1
-111417	2.4
-111788	1.7
-111847	1.6
-111431	2.4
-111614	2.0
-111503	2.2
-111391	2.4
-110512	4.0
-110655	3.7
-110267	4.4
-109693	5.4
-109635	5.5
-108804	7.0
-108616	7.3
-108357	7.8
-107533	9.3
-107342	9.6
-106696	10.7
-106752	10.6
-106034	11.9
-105790	12.3
-105256	13.3
-104696	14.3
-105045	13.6
-104880	13.9
-105010	13.7
-104958	13.8
-104896	13.9
-105775	12.4
-105650	12.6
-106239	11.5
-106440	11.2
-107260	9.7
-107645	9.1
-107547	9.2
-108307	7.9
-108804	7.0
-108468	7.6
-109370	6.0
-109967	5.0
-110306	4.4
-110844	3.4
-110765	3.5
-111399	2.4
-112100	1.2
-111289	2.6
-111717	1.9
-111922	1.5
-111575	2.1
-111819	1.7
-111425	2.4
-111319	2.6
-111851	1.6
-111139	2.9
-111383	2.5
-111540	2.2
-111968	1.4
-111519	2.2
-111930	1.5
-111982	1.4
-111620	2.0
-112199	1.0
-111798	1.7
-111585	2.1
-111847	1.6
-111846	1.6
-111857	1.6
-111810	1.7
-111765	1.8
-111368	2.5
-111837	1.7
-111844	1.6
-111657	2.0
-111953	1.4
-111935	1.5
-112015	1.3
-111973	1.4
-112182	1.0
-111894	1.6
-112111	1.2
-111710	1.9
-111511	2.2
-112221	1.0
-111084	3.0
-111703	1.9
-111615	2.0
-111581	2.1
-111825	1.7
-111323	2.6
-111221	2.7
-112267	0.9
-112043	1.3
-111756	1.8
-111980	1.4
-111970	1.4
-111792	1.7
-111409	2.4
-111611	2.1
-110747	3.6
-112092	1.2
-111477	2.3
-111955	1.4
-111811	1.7
-111966	1.4
-112293	0.8
-111812	1.7
-111948	1.5
-111104	2.9
-111744	1.8
-112041	1.3
-111571	2.1
-112317	0.8
-111402	2.4
-111543	2.2
-111515	2.2
-111805	1.7
-111768	1.8
-111569	2.1
-111466	2.3
-112128	1.1
-111787	1.7
-111242	2.7
-112282	0.9
-112335	0.8
-111633	2.0
-112788	-0.0
-111844	1.6
-111649	2.0
-112075	1.2
-111293	2.6
-111747	1.8
-111488	2.3
-111380	2.5
-111798	1.7
-111485	2.3
-112031	1.3
-112212	1.0
-111823	1.7
-112127	1.1
-112028	1.3
-112519	0.5
-111702	1.9
-111654	2.0
-112122	1.2
-111720	1.9
-111827	1.7
-111726	1.9
-112140	1.1
-111798	1.7
-111839	1.7
-111918	1.5
-111516	2.2
-112128	1.1
-111772	1.8
-111908	1.5
-111292	2.6
-111977	1.4
-111531	2.2
-111680	1.9
-112141	1.1
-111439	2.4
-111361	2.5
-112007	1.4
-112008	1.4
-111552	2.2
-111931	1.5
-111250	2.7
-111875	1.6
-111502	2.2
-111851	1.6
-111882	1.6
-112257	0.9
-112158	1.1
-110969	3.2
-111806	1.7
-111595	2.1
-111739	1.8
-111457	2.3
-111790	1.7
-112097	1.2
-111579	2.1
-112183	1.0
-112165	1.1
-111803	1.7
-111116	2.9
-111489	2.3
-111916	1.5
-112010	1.3
-111537	2.2
-112031	1.3
-111595	2.1
-112000	1.4
-111915	1.5
-111196	2.8
-111749	1.8
-111593	2.1
-111830	1.7
-111985	1.4
-112177	1.1
-112047	1.3
-111734	1.8
-111667	2.0
-111809	1.7
-111652	2.0
-111928	1.5
-111678	1.9
-111764	1.8
-111257	2.7
-111681	1.9
-111592	2.1
-111626	2.0
-111984	1.4
-111599	2.1
-112083	1.2
-111887	1.6
-112324	0.8
-111773	1.8
-111506	2.2
-111695	1.9
-111802	1.7
-111896	1.6
-111697	1.9
-111952	1.5
-111647	2.0
-112055	1.3
-111137	2.9
-112236	0.9
-111734	1.8
-111584	2.1
-111655	2.0
-111989	1.4
-111868	1.6
-111575	2.1
-111890	1.6
-111710	1.9
-112021	1.3
-112456	0.6
-111882	1.6
-111579	2.1
-111199	2.8
-111416	2.4
-111489	2.3
-111691	1.9
-111815	1.7
-112187	1.0
-111266	2.7
-112133	1.1
-111744	1.8
-111471	2.3
-111959	1.4
-111959	1.4
-112073	1.2
-111893	1.6
-112069	1.2
-112001	1.4
-111592	2.1
-112526	0.4
-111731	1.8
-111842	1.6
-111924	1.5
-111575	2.1
-111728	1.8
-111779	1.8
-111573	2.1
-111701	1.9
-111536	2.2
-111374	2.5
-112114	1.2
-111254	2.7
-111911	1.5
-111638	2.0
-111640	2.0
-111386	2.5
-111537	2.2
-111745	1.8
-111749	1.8
-111587	2.1
-111928	1.5
-111729	1.8
-111391	2.4
-111881	1.6
-111828	1.7
-111569	2.1
-111647	2.0
-111912	1.5
-111917	1.5
-111958	1.4
-111692	1.9
-111954	1.4
-112028	1.3
-111871	1.6
-111545	2.2
-111448	2.3
-112103	1.2
-112483	0.5
-112075	1.2
-111496	2.3
-111433	2.4
-111551	2.2
-111789	1.7
-111888	1.6
-111513	2.2
-111228	2.7
-111759	1.8
-111713	1.9
-111722	1.9
-112019	1.3
-111858	1.6
-112056	1.3
-111590	2.1
-111356	2.5
-111792	1.7
-110847	3.4
-110541	3.9
-110246	4.5
-109923	5.0
-109414	5.9
-108424	7.7
-108458	7.6
-108486	7.6
-108630	7.3
-108090	8.3
-108237	8.0
-107849	8.7
-106973	10.2
-107001	10.2
-106023	11.9
-105801	12.3
-105543	12.8
-104896	13.9
-104893	13.9
-104971	13.8
-104779	14.1
-104183	15.2
-104536	14.5
-103885	15.7
-103401	16.5
-103233	16.8
-102979	17.3
-102284	18.5
-102582	18.0
-102556	18.0
-102045	18.9
-102584	18.0
-102809	17.6
-102563	18.0
-103166	17.0
-103409	16.5
-102664	17.8
-102846	17.5
-103021	17.2
-102912	17.4
-103746	15.9
-103247	16.8
-102713	17.8
-102828	17.6
-103095	17.1
-102939	17.4
-102746	17.7
-102261	18.6
-102305	18.5
-101969	19.1
-102227	18.6
-102020	19.0
-101688	19.6
-101642	19.7
-101800	19.4
-101417	20.1
-101537	19.8
-101853	19.3
-100775	21.2
-101376	20.1
-100960	20.9
-100483	21.7
-100346	21.9
-100776	21.2
-101274	20.3
-102028	19.0
-103033	17.2
-103524	16.3
-104163	15.2
-105138	13.5
-106255	11.5
-106779	10.6
-107775	8.8
-109625	5.6
-110057	4.8
-110930	3.3
-110953	3.2
-111967	1.4
-111704	1.9
-111771	1.8
-111618	2.0
-111664	2.0
-111905	1.5
-111795	1.7
-111964	1.4
-112011	1.3
-111724	1.9
-111763	1.8
-111415	2.4
-111575	2.1
-111613	2.0
-111434	2.4
-111671	1.9
-112151	1.1
-112047	1.3
-111819	1.7
-112099	1.2
-111672	1.9
-111984	1.4
-111996	1.4
-111781	1.8
-111579	2.1
-111563	2.1
-111947	1.5
-111429	2.4
-111745	1.8
-112138	1.1
-111935	1.5
-112044	1.3
-111590	2.1
-111588	2.1
-111773	1.8
-112031	1.3
-112110	1.2
-112063	1.3
-111680	1.9
-111508	2.2
-111517	2.2
-111828	1.7
-112030	1.3
-111758	1.8
-111838	1.7
-111427	2.4
-111604	2.1
-111947	1.5
-112080	1.2
-111672	1.9
-111221	2.7
-111567	2.1
-111807	1.7
-111726	1.9
-111831	1.7
-111666	2.0
-111472	2.3
-111659	2.0
-111691	1.9
-111727	1.8
-111731	1.8
-111590	2.1
-111784	1.7
-111652	2.0
-111787	1.7
-111393	2.4
-111678	1.9
-111927	1.5
-111663	2.0
-111599	2.1
-112098	1.2
-111399	2.4
-111418	2.4
-112072	1.2
-112009	1.4
-111685	1.9
-112121	1.2
-111455	2.3
-111919	1.5
-111523	2.2
-112194	1.0
-111805	1.7
-111650	2.0
-111866	1.6
-111728	1.8
-112233	1.0
-111556	2.2
-111770	1.8
-111966	1.4
-111936	1.5
-111448	2.3
-111478	2.3
-111684	1.9
-111635	2.0
-112105	1.2
-111651	2.0
-111833	1.7
-111875	1.6
-111940	1.5
-111710	1.9
-111526	2.2
-111986	1.4
-112030	1.3
-111314	2.6
-111584	2.1
-111736	1.8
-112071	1.2
-111839	1.7
-111753	1.8
-112030	1.3
-111341	2.5
-112030	1.3
-111409	2.4
-111984	1.4
-111746	1.8
-111844	1.6
-111942	1.5
-111669	2.0
-111746	1.8
-111788	1.7
-112091	1.2
-111883	1.6
-111688	1.9
-111799	1.7
-111586	2.1
-112090	1.2
-112184	1.0
-111525	2.2
-111394	2.4
-111626	2.0
-112222	1.0
-111867	1.6
-111771	1.8
-111595	2.1
-111547	2.2
-111386	2.5
-111652	2.0
-111418	2.4
-111645	2.0
-111565	2.1
-111977	1.4
-111705	1.9
-111433	2.4
-111797	1.7
-111827	1.7
-111618	2.0
-111694	1.9
-112086	1.2
-111943	1.5
-111911	1.5
-111665	2.0
-110922	3.3
-111734	1.8
-111889	1.6
-111509	2.2
-111148	2.9
-111907	1.5
-111711	1.9
-112057	1.3
-111634	2.0
-111776	1.8
-111665	2.0
-111407	2.4
-111771	1.8
-112062	1.3
-111824	1.7
-111902	1.5
-111424	2.4
-111469	2.3
-111496	2.3
-111727	1.8
-111789	1.7
-111831	1.7
-111220	2.7
-109289	6.2
-108129	8.2
-107584	9.2
-106200	11.6
-105001	13.7
-104388	14.8
-103030	17.2
-102952	17.3
-102332	18.4
-101951	19.1
-101011	20.8
-100229	22.1
-99140	24.1
-98624	25.0
-98558	25.1
-98318	25.5
-99004	24.3
-98344	25.5
-98885	24.5
-98568	25.1
-98898	24.5
-98641	25.0
-99028	24.3
-98533	25.1
-98237	25.7
-98594	25.0
-98794	24.7
-98572	25.1
-98859	24.6
-98641	25.0
-99468	23.5
-100219	22.2
-100961	20.9
-101846	19.3
-102247	18.6
-102849	17.5
-104108	15.3
-104704	14.2
-105751	12.4
-106519	11.0
-107189	9.9
-108624	7.3
-108982	6.7
-109816	5.2
-111171	2.8
-111004	3.1
-111589	2.1
-111803	1.7
-111846	1.6
-111823	1.7
-111179	2.8
-111595	2.1
-111965	1.4
-112008	1.4
-111592	2.1
-111370	2.5
-111862	1.6
-111963	1.4
-112283	0.9
-111717	1.9
-111558	2.1
-111523	2.2
-111608	2.1
-111541	2.2
-112254	0.9
-111641	2.0
-111867	1.6
-111772	1.8
-112328	0.8
-111843	1.6
-111947	1.5
-112135	1.1
-111601	2.1
-111809	1.7
-111431	2.4
-111904	1.5
-111927	1.5
-111332	2.5
-111981	1.4
-111860	1.6
-111660	2.0
-112320	0.8
-111484	2.3
-112334	0.8
-112206	1.0
-111927	1.5
-111274	2.6
-111810	1.7
-111278	2.6
-112219	1.0
-111370	2.5
-111999	1.4
-111877	1.6
-112141	1.1
-111914	1.5
-111777	1.8
-112026	1.3
-111634	2.0
-111898	1.5
-111916	1.5
-111569	2.1
-112472	0.5
-111503	2.2
-111283	2.6
-111946	1.5
-112015	1.3
-111376	2.5
-111431	2.4
-111475	2.3
-111930	1.5
-111886	1.6
-111630	2.0
-111726	1.9
-111871	1.6
-111809	1.7
-111660	2.0
-111709	1.9
-111614	2.0
-111347	2.5
-111958	1.4
-111690	1.9
-111521	2.2
-111360	2.5
-111585	2.1
-112064	1.3
-111949	1.5
-111730	1.8
-111278	2.6
-111593	2.1
-112213	1.0
-111514	2.2
-111706	1.9
-111549	2.2
-112105	1.2
-111504	2.2
-111986	1.4
-111594	2.1
-112005	1.4
-111174	2.8
-111734	1.8
-111442	2.4
-111992	1.4
-111217	2.7
-111810	1.7
-111746	1.8
-111300	2.6
-111758	1.8
-111716	1.9
-111930	1.5
-112247	0.9
-112041	1.3
-111782	1.8
-111574	2.1
-111994	1.4
-111868	1.6
-112118	1.2
-111450	2.3
-112112	1.2
-111257	2.7
-111421	2.4
-111828	1.7
-111527	2.2
-111796	1.7
-109970	5.0
-105099	13.6
-101894	19.2
-98482	25.2
-96835	28.1
-98756	24.7
-99726	23.0
-101311	20.2
-103136	17.0
-103474	16.4
-103149	17.0
-102346	18.4
-100947	20.9
-100149	22.3
-99799	22.9
-99284	23.8
-100510	21.7
-101281	20.3
-102692	17.8
-103275	16.8
-104464	14.7
-105332	13.1
-105250	13.3
-105846	12.2
-106440	11.2
-106722	10.7
-106834	10.5
-107920	8.6
-108180	8.1
-109005	6.7
-109803	5.2
-110662	3.7
-111885	1.6
-111442	2.4
-112077	1.2
-111430	2.4
-111070	3.0
-111978	1.4
-112207	1.0
-111911	1.5
-111778	1.8
-111207	2.8
-111757	1.8
-112290	0.9
-112048	1.3
-111681	1.9
-112015	1.3
-111380	2.5
-111850	1.6
-112078	1.2
-111584	2.1
-111622	2.0
-111265	2.7
-111726	1.9
-111626	2.0
-111313	2.6
-111791	1.7
-112160	1.1
-111630	2.0
-111778	1.8
-111682	1.9
-112074	1.2
-111837	1.7
-111873	1.6
-112025	1.3
-112263	0.9
-111804	1.7
-111618	2.0
-112038	1.3
-111762	1.8
-111565	2.1
-112475	0.5
-111341	2.5
-111479	2.3
-112075	1.2
-111491	2.3
-111806	1.7
-111499	2.3
-111615	2.0
-112099	1.2
-111699	1.9
-111618	2.0
-112135	1.1
-111930	1.5
-111180	2.8
-112103	1.2
-111952	1.5
-111409	2.4
-111462	2.3
-111551	2.2
-112060	1.3
-111516	2.2
-111130	2.9
-111618	2.0
-111534	2.2
-111980	1.4
-111452	2.3
-111593	2.1
-111471	2.3
-111346	2.5
-111713	1.9
-112067	1.2
-111968	1.4
-112063	1.3
-112101	1.2
-111648	2.0
-111822	1.7
-111977	1.4
-111190	2.8
-111922	1.5
-111634	2.0
-111876	1.6
-111821	1.7
-111986	1.4
-111585	2.1
-111585	2.1
-111782	1.8
-111729	1.8
-111331	2.5
-111598	2.1
-111448	2.3
-111869	1.6
-110069	4.8
-105561	12.7
-100784	21.2
-97474	27.0
-95265	30.9
-95284	30.9
-97486	27.0
-99860	22.8
-101483	19.9
-101891	19.2
-101720	19.5
-101143	20.5
-100077	22.4
-98501	25.2
-97615	26.8
-96809	28.2
-96778	28.2
-97135	27.6
-98106	25.9
-98732	24.8
-98904	24.5
-99459	23.5
-99189	24.0
-99694	23.1
-99937	22.7
-101165	20.5
-101628	19.7
-102781	17.6
-104344	14.9
-105318	13.2
-107716	8.9
-108506	7.5
-109345	6.1
-110241	4.5
-111662	2.0
-111211	2.8
-111947	1.5
-111592	2.1
-112380	0.7
-112085	1.2
-111991	1.4
-111874	1.6
-111996	1.4
-112103	1.2
-111949	1.5
-111861	1.6
-111751	1.8
-111676	1.9
-111754	1.8
-111973	1.4
-111245	2.7
-111915	1.5
-111278	2.6
-111976	1.4
-111663	2.0
-111707	1.9
-112084	1.2
-112482	0.5
-111269	2.7
-111636	2.0
-112009	1.4
-111477	2.3
-112037	1.3
-110986	3.2
-112078	1.2
-111629	2.0
-111731	1.8
-111823	1.7
-112091	1.2
-111711	1.9
-111615	2.0
-111514	2.2
-111780	1.8
-111756	1.8
-112188	1.0
-111915	1.5
-111810	1.7
-112028	1.3
-112261	0.9
-111937	1.5
-111351	2.5
-112059	1.3
-112127	1.1
-112040	1.3
-111691	1.9
-111398	2.4
-111990	1.4
-111429	2.4
-111980	1.4
-112044	1.3
-111660	2.0
-111256	2.7
-112340	0.8
-111881	1.6
-111400	2.4
-111859	1.6
-111623	2.0
-111905	1.5
-111956	1.4
-111958	1.4
-111665	2.0
-111867	1.6
-111574	2.1
-111729	1.8
-111874	1.6
-111729	1.8
-111999	1.4
-111233	2.7
-111622	2.0
-112151	1.1
-111514	2.2
-112122	1.2
-111850	1.6
-111624	2.0
-111151	2.9
-112052	1.3
-111431	2.4
-111851	1.6
-112203	1.0
-111670	1.9
-111707	1.9
-111621	2.0
-111826	1.7
-111652	2.0
-110878	3.3
-110809	3.5
-110437	4.1
-110469	4.1
-109852	5.2
-109887	5.1
-108939	6.8
-108186	8.1
-107519	9.3
-106844	10.5
-105362	13.1
-104897	13.9
-103119	17.0
-102235	18.6
-100575	21.5
-99311	23.8
-97686	26.6
-96887	28.0
-95638	30.3
-95277	30.9
-95048	31.3
-93957	33.2
-93696	33.7
-94424	32.4
-94366	32.5
-95083	31.2
-95710	30.1
-96581	28.6
-96721	28.3
-97420	27.1
-98125	25.9
-99070	24.2
-101016	20.8
-102405	18.3
-104583	14.5
-105378	13.1
-107287	9.7
-108681	7.2
-109228	6.3
-109700	5.4
-110682	3.7
-111220	2.7
-111639	2.0
-111729	1.8
-111767	1.8
-111807	1.7
-111702	1.9
-111519	2.2
-112009	1.4
-111441	2.4
-111992	1.4
-112061	1.3
-111658	2.0
-111583	2.1
-111591	2.1
-111949	1.5
-111946	1.5
-111757	1.8
-111728	1.8
-111728	1.8
-112278	0.9
-111856	1.6
-111766	1.8
-112028	1.3
-111939	1.5
-111705	1.9
-112257	0.9
-111406	2.4
-111376	2.5
-112334	0.8
-111766	1.8
-111876	1.6
-112037	1.3
-112067	1.2
-111847	1.6
-111367	2.5
-111654	2.0
-111611	2.1
-111791	1.7
-111866	1.6
-112003	1.4
-111514	2.2
-111613	2.0
-111628	2.0
-111588	2.1
-111970	1.4
-111846	1.6
-111139	2.9
-111463	2.3
-111944	1.5
-111573	2.1
-112052	1.3
-111647	2.0
-111689	1.9
-111736	1.8
-111787	1.7
-111487	2.3
-111516	2.2
-111537	2.2
-111451	2.3
-111913	1.5
-111811	1.7
-111664	2.0
-111623	2.0
-111752	1.8
-112373	0.7
-111542	2.2
-112015	1.3
-111378	2.5
-111386	2.5
-111561	2.1
-111739	1.8
-111766	1.8
-111957	1.4
-111427	2.4
-111639	2.0
-112195	1.0
-111879	1.6
-111682	1.9
-112112	1.2
-111273	2.7
-111904	1.5
-112053	1.3
-111325	2.6
-111808	1.7
-111743	1.8
-111818	1.7
-112115	1.2
-111454	2.3
-111677	1.9
-111458	2.3
-112006	1.4
-111849	1.6
-111423	2.4
-111713	1.9
-111477	2.3
-111790	1.7
-112182	1.0
-111739	1.8
-111809	1.7
-111510	2.2
-111834	1.7
-111693	1.9
-111668	2.0
-111676	1.9
-111968	1.4
-111629	2.0
-111388	2.4
-112076	1.2
-111327	2.6
-111526	2.2
-111703	1.9
-111550	2.2
-111852	1.6
-111792	1.7
-111559	2.1
-111362	2.5
-111838	1.7
-111543	2.2
-111674	1.9
-111744	1.8
-111866	1.6
-111562	2.1
-111739	1.8
-111157	2.9
-111669	2.0
-111418	2.4
-112151	1.1
-111468	2.3
-111882	1.6
-111528	2.2
-111820	1.7
-111935	1.5
-111697	1.9
-111784	1.7
-111611	2.1
-112159	1.1
-111560	2.1
-111903	1.5
-111663	2.0
-111901	1.5
-111984	1.4
-111888	1.6
-112310	0.8
-111378	2.5
-111541	2.2
-111802	1.7
-111086	3.0
-111836	1.7
-111766	1.8
-111500	2.2
-111645	2.0
-111848	1.6
-111525	2.2
-111430	2.4
-112269	0.9
-112350	0.7
-111577	2.1
-111642	2.0
-111427	2.4
-111794	1.7
-111939	1.5
-111906	1.5
-111725	1.9
-111938	1.5
-111724	1.9
-112103	1.2
-111328	2.6
-112263	0.9
-111786	1.7
-111683	1.9
-111822	1.7
-111744	1.8
-111571	2.1
-111895	1.6
-111409	2.4
-111659	2.0
-112128	1.1
-111473	2.3
-111664	2.0
-112198	1.0
-111742	1.8
-111705	1.9
-111796	1.7
-112112	1.2
-111022	3.1
-111846	1.6
-111691	1.9
-111777	1.8
-111911	1.5
-112005	1.4
-111652	2.0
-111804	1.7
-111742	1.8
-111672	1.9
-111420	2.4
-111622	2.0
-111577	2.1
-111447	2.3
-111505	2.2
-111387	2.4
-112039	1.3
-111758	1.8
-111515	2.2
-112325	0.8
-111294	2.6
-111919	1.5
-111668	2.0
-111441	2.4
-111575	2.1
-111841	1.6
-111570	2.1
-111858	1.6
-111379	2.5
-111546	2.2
-111136	2.9
-111381	2.5
-111821	1.7
-112456	0.6
-111760	1.8
-112184	1.0
-111656	2.0
-111777	1.8
-110958	3.2
-111669	2.0
-111615	2.0
-112095	1.2
-111955	1.4
-112014	1.3
-111702	1.9
-111646	2.0
-111837	1.7
-111746	1.8
-111738	1.8
-111743	1.8
-111977	1.4
-111506	2.2
-111713	1.9
-111806	1.7
-111828	1.7
-111594	2.1
-111559	2.1
-111533	2.2
-111445	2.3
-112140	1.1
-111727	1.8
-112598	0.3
-111894	1.6
-111546	2.2
-112001	1.4
-111529	2.2
-111968	1.4
-111635	2.0
-111480	2.3
-112006	1.4
-111447	2.3
-111857	1.6
-111988	1.4
-111683	1.9
-112047	1.3
-111926	1.5
-111702	1.9
-112140	1.1
-111858	1.6
-111832	1.7
-111804	1.7
-111680	1.9
-111424	2.4
-111545	2.2
-111826	1.7
-111620	2.0
-111377	2.5
-111602	2.1
-111951	1.5
-111540	2.2
-109577	5.6
-108952	6.7
-108319	7.9
-107653	9.0
-106700	10.7
-105844	12.2
-104891	13.9
-105349	13.1
-104263	15.0
-104845	14.0
-103555	16.3
-102890	17.5
-102144	18.8
-100853	21.0
-100275	22.1
-99958	22.6
-98797	24.7
-99049	24.2
-98738	24.8
-98304	25.5
-97838	26.4
-98155	25.8
-98281	25.6
-98508	25.2
-99496	23.4
-99704	23.1
-99619	23.2
-100647	21.4
-101025	20.7
-101933	19.1
-101699	19.6
-101886	19.2
-102503	18.1
-102998	17.3
-103572	16.2
-104583	14.5
-104824	14.0
-105735	12.4
-106681	10.8
-107698	9.0
-108022	8.4
-108270	8.0
-108853	6.9
-109549	5.7
-109624	5.6
-109527	5.7
-109968	5.0
-109820	5.2
-110424	4.1
-111014	3.1
-111073	3.0
-111021	3.1
-111598	2.1
-111355	2.5
-111304	2.6
-111344	2.5
-111848	1.6
-111694	1.9
-111476	2.3
-111886	1.6
-111899	1.5
-111628	2.0
-112223	1.0
-111837	1.7
-111740	1.8
-112314	0.8
-111497	2.3
-111535	2.2
-112082	1.2
-111841	1.6
-112168	1.1
-111854	1.6
-111615	2.0
-111943	1.5
-111664	2.0
-111819	1.7
-111230	2.7
-111808	1.7
-111872	1.6
-111681	1.9
-111470	2.3
-111648	2.0
-111678	1.9
-111547	2.2
-111697	1.9
-112028	1.3
-111654	2.0
-111991	1.4
-112110	1.2
-111540	2.2
-111706	1.9
-111692	1.9
-111700	1.9
-111680	1.9
-111947	1.5
-111618	2.0
-111364	2.5
-111515	2.2
-111492	2.3
-111558	2.1
-111399	2.4
-111990	1.4
-111861	1.6
-111877	1.6
-111787	1.7
-112292	0.9
-111436	2.4
-111874	1.6
-111593	2.1
-111732	1.8
-111495	2.3
-112149	1.1
-111724	1.9
-111530	2.2
-111238	2.7
-111876	1.6
-111374	2.5
-111741	1.8
-111586	2.1
-111840	1.6
-111435	2.4
-111348	2.5
-111486	2.3
-111610	2.1
-112145	1.1
-111755	1.8
-111315	2.6
-112224	1.0
-112082	1.2
-110986	3.2
-111548	2.2
-111800	1.7
-111568	2.1
-111998	1.4
-111708	1.9
-112002	1.4
-111662	2.0
-111617	2.0
-111873	1.6
-111683	1.9
-112141	1.1
-111895	1.6
-111875	1.6
-111723	1.9
-111458	2.3
-111787	1.7
-111736	1.8
-111572	2.1
-111877	1.6
-112121	1.2
-111378	2.5
-111444	2.3
-111734	1.8
-112043	1.3
-111834	1.7
-111738	1.8
-111647	2.0
-111618	2.0
-111758	1.8
-112133	1.1
-111737	1.8
-111813	1.7
-111296	2.6
-111526	2.2
-111459	2.3
-111557	2.1
-111379	2.5
-109649	5.5
-109860	5.1
-109256	6.2
-108419	7.7
-108137	8.2
-107418	9.5
-107340	9.6
-105830	12.3
-105592	12.7
-105154	13.5
-105334	13.1
-104224	15.1
-104241	15.1
-103491	16.4
-103291	16.7
-103023	17.2
-103200	16.9
-102875	17.5
-101927	19.2
-102597	18.0
-101548	19.8
-101541	19.8
-101172	20.5
-100923	20.9
-100574	21.5
-100885	21.0
-100170	22.3
-99715	23.1
-99409	23.6
-98597	25.0
-98579	25.1
-98332	25.5
-97769	26.5
-96769	28.3
-96772	28.3
-96324	29.0
-95199	31.0
-95197	31.0
-95347	30.8
-94834	31.7
-94212	32.8
-94787	31.8
-94334	32.6
-94086	33.0
-93887	33.3
-93381	34.2
-93463	34.1
-93232	34.5
-92355	36.1
-92827	35.2
-92246	36.2
-92171	36.4
-91770	37.1
-91270	38.0
-90846	38.7
-90523	39.3
-89958	40.3
-90209	39.8
-90118	40.0
-89561	41.0
-89338	41.4
-89070	41.9
-88873	42.2
-88756	42.4
-88228	43.3
-88257	43.3
-88341	43.1
-88204	43.4
-87821	44.1
-87490	44.6
-87739	44.2
-86617	46.2
-86748	45.9
-86598	46.2
-87019	45.5
-86623	46.2
-86659	46.1
-86048	47.2
-86567	46.3
-85971	47.3
-86169	47.0
-85442	48.3
-85444	48.3
-84772	49.4
-84943	49.1
-85018	49.0
-84623	49.7
-84560	49.8
-83614	51.5
-83452	51.8
-82813	52.9
-82482	53.5
-81683	54.9
-81607	55.0
-81489	55.2
-81277	55.6
-80810	56.4
-80824	56.4
-80186	57.5
-79369	59.0
-79499	58.7
-79031	59.6
-79183	59.3
-78971	59.7
-78285	60.9
-78202	61.0
-77924	61.5
-78111	61.2
-77608	62.1
-77381	62.5
-77674	62.0
-77173	62.9
-77172	62.9
-76690	63.7
-77026	63.1
-76946	63.3
-76197	64.6
-75941	65.0
-76044	64.8
-75987	64.9
-75586	65.7
-75362	66.1
-74634	67.3
-74468	67.6
-73859	68.7
-73665	69.0
-72625	70.9
-72020	72.0
-71677	72.6
-70995	73.8
-70633	74.4
-70709	74.3
-69886	75.7
-69015	77.3
-68753	77.7
-68441	78.3
-68075	78.9
-67865	79.3
-66982	80.8
-66175	82.3
-66492	81.7
-65517	83.4
-65245	83.9
-65029	84.3
-64819	84.7
-64224	85.7
-63868	86.3
-63649	86.7
-62717	88.4
-62341	89.0
-61972	89.7
-61964	89.7
-61201	91.1
-60921	91.5
-60904	91.6
-60674	92.0
-60937	91.5
-60186	92.8
-60623	92.1
-60654	92.0
-60058	93.1
-59721	93.7
-59695	93.7
-59401	94.2
-59576	93.9
-58209	96.3
-57966	96.8
-57369	97.8
-57230	98.1
-56311	99.7
-56295	99.7
-55593	101.0
-55609	100.9
-55033	101.9
-54503	102.9
-53804	104.1
-53343	104.9
-53173	105.2
-52868	105.8
-52345	106.7
-52022	107.3
-52152	107.0
-51443	108.3
-51519	108.1
-51455	108.3
-51309	108.5
-50717	109.6
-50953	109.1
-50249	110.4
-49744	111.3
-49010	112.6
-48798	113.0
-48861	112.8
-48357	113.7
-47778	114.8
-47404	115.4
-46753	116.6
-46546	116.9
-46308	117.3
-45843	118.2
-45491	118.8
-45097	119.5
-45042	119.6
-44123	121.2
-43867	121.7
-43576	122.2
-43630	122.1
-43068	123.1
-43158	122.9
-43105	123.0
-43223	122.8
-43278	122.7
-43174	122.9
-43135	123.0
-42682	123.8
-42618	123.9
-42774	123.6
-42775	123.6
-42564	124.0
-42532	124.0
-42301	124.4
-41998	125.0
-42270	124.5
-41665	125.5
-42071	124.8
-41643	125.6
-41600	125.7
-41847	125.2
-41938	125.1
-41873	125.2
-41818	125.3
-42638	123.8
-41665	125.5
-40915	126.9
-40896	126.9
-40513	127.6
-40343	127.9
-40052	128.4
-39412	129.5
-39036	130.2
-39083	130.1
-38621	130.9
-38163	131.7
-37655	132.6
-37529	132.8
-37206	133.4
-37355	133.2
-36814	134.1
-36739	134.2
-36823	134.1
-36044	135.5
-36620	134.5
-35893	135.7
-35852	135.8
-35384	136.6
-35666	136.1
-35172	137.0
-35194	137.0
-34947	137.4
-35433	136.5
-35888	135.7
-35233	136.9
-35325	136.7
-35276	136.8
-36125	135.3
-35580	136.3
-35734	136.0
-35441	136.5
-35394	136.6
-34993	137.3
-34570	138.1
-34689	137.9
-33970	139.1
-33923	139.2
-33321	140.3
-32551	141.6
-32613	141.5
-32109	142.4
-31552	143.4
-31213	144.0
-30832	144.7
-30942	144.5
-30467	145.3
-30489	145.3
-30069	146.0
-30527	145.2
-29960	146.2
-29693	146.7
-29562	146.9
-29425	147.2
-29033	147.8
-28858	148.2
-28909	148.1
-28684	148.5
-28424	148.9
-28092	149.5
-27734	150.1
-27336	150.8
-27055	151.3
-26927	151.6
-26571	152.2
-26433	152.4
-25880	153.4
-25696	153.7
-25443	154.2
-25014	154.9
-24694	155.5
-24213	156.4
-24036	156.7
-23635	157.4
-23595	157.4
-23505	157.6
-22981	158.5
-22892	158.7
-22859	158.7
-22991	158.5
-22792	158.9
-22358	159.6
-22388	159.6
-21963	160.3
-22112	160.1
-21918	160.4
-21866	160.5
-21518	161.1
-21866	160.5
-21838	160.6
-21196	161.7
-20748	162.5
-20471	163.0
-20433	163.0
-20097	163.6
-19858	164.0
-19283	165.1
-19336	165.0
-18718	166.1
-18312	166.8
-18165	167.0
-17815	167.7
-17656	167.9
-17595	168.0
-17233	168.7
-16901	169.3
-16763	169.5
-16912	169.2
-16049	170.8
-16335	170.3
-16456	170.1
-16370	170.2
-15865	171.1
-15709	171.4
-15957	170.9
-15889	171.1
-15662	171.5
-15601	171.6
-15667	171.4
-15671	171.4
-15547	171.7
-15561	171.6
-15085	172.5
-15200	172.3
-15384	171.9
-15105	172.4
-15342	172.0
-15359	172.0
-15183	172.3
-15278	172.1
-15416	171.9
-15046	172.5
-15392	171.9
-14991	172.6
-14969	172.7
-14983	172.7
-15027	172.6
-14475	173.6
-14676	173.2
-14193	174.0
-14046	174.3
-14093	174.2
-13996	174.4
-13696	174.9
-13923	174.5
-14149	174.1
-13589	175.1
-13553	175.2
-14123	174.2
-13979	174.4
-14003	174.4
-13718	174.9
-14259	173.9
-14159	174.1
-14147	174.1
-13944	174.5
-14470	173.6
-14245	174.0
-13632	175.0
-13900	174.6
-13547	175.2
-13595	175.1
-12909	176.3
-13175	175.8
-13408	175.4
-12746	176.6
-12721	176.6
-12728	176.6
-12040	177.8
-12612	176.8
-12582	176.9
-12489	177.1
-12788	176.5
-12569	176.9
-12597	176.9
-12684	176.7
-12411	177.2
-13229	175.8
-13010	176.1
-13393	175.5
-13556	175.2
-14139	174.1
-13803	174.7
-14148	174.1
-14022	174.4
-14378	173.7
-13852	174.7
-14217	174.0
-14506	173.5
-14261	173.9
-13950	174.5
-14242	174.0
-14336	173.8
-14188	174.1
-14012	174.4
-13978	174.4
-14112	174.2
-14178	174.1
-13942	174.5
-13951	174.5
-13758	174.8
-14207	174.0
-13478	175.3
-13379	175.5
-13631	175.0
-13172	175.9
-13578	175.1
-13445	175.4
-12908	176.3
-13543	175.2
-12542	177.0
-13033	176.1
-12532	177.0
-13114	176.0
-13107	176.0
-12244	177.5
-12636	176.8
-12393	177.2
-12080	177.8
-12437	177.1
-12418	177.2
-12088	177.8
-11598	178.6
-11760	178.3
-11759	178.3
-11969	178.0
-11063	179.6
-11288	179.2
-11308	179.1
-11085	179.5
-11253	179.2
-11041	179.6
-10739	180.1
-10761	180.1
-10571	180.4
-10638	180.3
-11248	179.2
-10631	180.3
-11254	179.2
-10964	179.7
-10805	180.0
-10785	180.1
-11294	179.2
-11700	178.5
-10866	179.9
-10977	179.7
-11029	179.6
-11078	179.5
-11099	179.5
-10681	180.2
-11065	179.6
-11447	178.9
-11585	178.7
-11208	179.3
-10954	179.8
-10728	180.2
-11157	179.4
-10740	180.1
-10643	180.3
-10944	179.8
-10965	179.7
-10730	180.2
-10134	181.2
-10452	180.7
-10122	181.2
-9874	181.7
-10054	181.4
-9429	182.5
-9287	182.7
-8619	183.9
-8792	183.6
-8136	184.7
-8090	184.8
-7664	185.6
-7695	185.5
-7505	185.9
-7661	185.6
-7753	185.4
-7354	186.1
-7949	185.1
-7331	186.2
-6772	187.2
-7446	186.0
-7252	186.3
-7030	186.7
-7239	186.3
-7364	186.1
-7324	186.2
-7264	186.3
-7346	186.1
-7764	185.4
-7158	186.5
-7500	185.9
-7208	186.4
-7285	186.2
-7322	186.2
-7789	185.4
-8012	185.0
-7997	185.0
-7793	185.3
-8033	184.9
-7672	185.6
-7604	185.7
-7961	185.1
-7066	186.6
-7851	185.2
-7982	185.0
-7088	186.6
-7171	186.4
-7345	186.1
-7058	186.6
-7543	185.8
-7350	186.1
-7407	186.0
-7351	186.1
-7403	186.0
-7219	186.4
-7270	186.3
-6826	187.1
-6345	187.9
-6302	188.0
-6282	188.0
-6162	188.2
-5978	188.6
-6183	188.2
-6030	188.5
-5882	188.7
-5833	188.8
-4933	190.4
-5155	190.0
-4607	191.0
-4975	190.3
-4578	191.0
-3759	192.5
-3728	192.5
-3767	192.5
-3430	193.1
-3207	193.4
-2806	194.2
-3051	193.7
-2769	194.2
-2953	193.9
-2912	194.0
-2688	194.4
-3065	193.7
-2851	194.1
-3333	193.2
-2972	193.9
-2465	194.8
-2601	194.5
-2148	195.3
-1846	195.8
-1969	195.6
-1981	195.6
-1518	196.4
-1603	196.3
-1960	195.6
-2007	195.6
-1379	196.7
-1866	195.8
-1534	196.4
-1572	196.3
-1831	195.9
-1880	195.8
-1575	196.3
-1259	196.9
-1478	196.5
-1305	196.8
-1174	197.0
-828	197.6
-979	197.4
-998	197.3
-763	197.8
24	199.1
159	199.4
-132	198.9
-151	198.8
126	199.3
-201	198.8
705	200.4
639	200.2
657	200.3
446	199.9
122	199.3
452	199.9
179	199.4
-186	198.8
-185	198.8
-273	198.6
-162	198.8
-486	198.2
-742	197.8
-1638	196.2
-1671	196.2
-1605	196.3
-1277	196.9
-1772	196.0
-1844	195.9
-1675	196.1
-1970	195.6
-1676	196.1
-1877	195.8
-1741	196.0
-1283	196.8
-1268	196.9
-977	197.4
-949	197.4
-743	197.8
-428	198.4
-464	198.3
142	199.4
196	199.5
270	199.6
421	199.9
224	199.5
641	200.2
460	199.9
353	199.7
387	199.8
352	199.7
-212	198.7
-508	198.2
-704	197.9
-1083	197.2
-1597	196.3
-1053	197.2
-2041	195.5
-2012	195.6
-2574	194.6
-2502	194.7
-2274	195.1
-2393	194.9
-2547	194.6
-2710	194.3
-2557	194.6
-2669	194.4
-2578	194.6
-1941	195.7
-1941	195.7
-2400	194.9
-1614	196.3
-1877	195.8
-1438	196.6
-1089	197.2
-716	197.8
-434	198.3
-164	198.8
273	199.6
679	200.3
445	199.9
1085	201.0
1283	201.4
1890	202.4
1974	202.6
2515	203.5
2243	203.1
2581	203.7
2823	204.1
2623	203.7
2583	203.7
3155	204.7
3062	204.5
3187	204.7
3336	205.0
3253	204.9
3347	205.0
3399	205.1
3553	205.4
3549	205.4
3576	205.4
3812	205.8
3820	205.9
3558	205.4
4135	206.4
4039	206.2
4243	206.6
4291	206.7
4412	206.9
4674	207.4
4611	207.2
4940	207.8
4772	207.5
5261	208.4
5219	208.3
5352	208.6
5537	208.9
5777	209.3
6045	209.8
5568	208.9
6080	209.8
5275	208.4
5787	209.3
5851	209.4
5633	209.1
5931	209.6
5898	209.5
6311	210.2
5886	209.5
6103	209.9
5591	209.0
5732	209.2
5631	209.0
5721	209.2
5300	208.5
5284	208.4
5349	208.6
5311	208.5
5748	209.3
5929	209.6
5832	209.4
5938	209.6
6089	209.9
5996	209.7
5971	209.6
6508	210.6
6844	211.2
6725	211.0
6710	211.0
6167	210.0
6517	210.6
6818	211.1
6589	210.7
6870	211.2
6662	210.9
7110	211.7
7181	211.8
6904	211.3
6615	210.8
6842	211.2
6329	210.3
6322	210.3
6262	210.2
6173	210.0
5477	208.8
5624	209.0
5269	208.4
4954	207.9
4799	207.6
4601	207.2
4742	207.5
4498	207.0
3829	205.9
4271	206.6
4089	206.3
4175	206.5
4013	206.2
4175	206.5
3851	205.9
3873	205.9
3882	206.0
3894	206.0
3699	205.6
3208	204.8
3321	205.0
3044	204.5
3234	204.8
2981	204.4
2711	203.9
2705	203.9
3110	204.6
2681	203.8
2638	203.8
2782	204.0
2967	204.3
2824	204.1
2709	203.9
2943	204.3
3153	204.7
2854	204.1
3561	205.4
3387	205.1
3426	205.2
3304	204.9
3771	205.8
3734	205.7
3719	205.7
3620	205.5
3737	205.7
3811	205.8
3975	206.1
3853	205.9
3951	206.1
4097	206.3
3968	206.1
3683	205.6
4368	206.8
3979	206.1
4397	206.9
4212	206.5
4499	207.1
4553	207.1
4316	206.7
4491	207.0
4242	206.6
4601	207.2
4409	206.9
4835	207.6
4684	207.4
4156	206.4
4698	207.4
4563	207.2
4619	207.3
4631	207.3
3910	206.0
4442	206.9
4489	207.0
4203	206.5
4535	207.1
4275	206.7
4986	207.9
4835	207.6
4596	207.2
4953	207.9
4999	207.9
5081	208.1
5444	208.7
5337	208.5
5449	208.7
6001	209.7
5545	208.9
5869	209.5
5849	209.4
5978	209.7
5666	209.1
6157	210.0
5577	209.0
5659	209.1
5396	208.6
5181	208.3
5281	208.4
5029	208.0
4657	207.3
4680	207.4
4339	206.8
4578	207.2
4246	206.6
4206	206.5
4570	207.2
4696	207.4
4714	207.4
4830	207.6
5032	208.0
5258	208.4
5323	208.5
5793	209.3
6143	210.0
6469	210.5
6801	211.1
7006	211.5
6706	210.9
6973	211.4
7217	211.8
7154	211.7
6824	211.2
6933	211.3
6532	210.6
6244	210.1
6310	210.2
5346	208.5
5625	209.0
5132	208.2
4475	207.0
3414	205.1
3011	204.4
1834	202.3
-46	199.0
-2038	195.5
-4064	191.9
-7377	186.1
-10933	179.8
-14299	173.9
-18037	167.3
-22364	159.6
-25959	153.3
-29681	146.7
-34428	138.3
-41265	126.3
-48311	113.8
-54830	102.3
-61700	90.2
-66654	81.4
-72927	70.4
-77618	62.1
-82951	52.7
-88272	43.3
-92384	36.0
-97300	27.3
-101170	20.5
-105438	13.0
-111059	3.0
-111596	2.1
-109938	5.0
-112807	-0.1
-111527	2.2
-110665	3.7
-113566	-1.4
-111903	1.5
-110814	3.5
-112427	0.6
-111722	1.9
-111117	2.9
-112926	-0.3
-111400	2.4
-111573	2.1
-112903	-0.2
-111057	3.0
-111227	2.7
-112856	-0.1
-111026	3.1
-111914	1.5
-112625	0.3
-111013	3.1
-111231	2.7
-112410	0.6
-111016	3.1
-112074	1.2
-112481	0.5
-110802	3.5
-111720	1.9
-112273	0.9
-111089	3.0
-111908	1.5
-111856	1.6
-110689	3.7
-112389	0.7
-112219	1.0
-110993	3.1
-112544	0.4
-112281	0.9
-110892	3.3
-112588	0.3
-111824	1.7
-110721	3.6
-112480	0.5
-112039	1.3
-111194	2.8
-112588	0.3
-111386	2.5
-111293	2.6
-112832	-0.1
-111019	3.1
-111153	2.9
-112674	0.2
-110749	3.6
-111736	1.8
-112643	0.2
-110939	3.2
-111662	2.0
-112085	1.2
-111447	2.3
-111976	1.4
-112530	0.4
-111512	2.2
-111798	1.7
-112198	1.0
-111066	3.0
-112122	1.2
-111703	1.9
-111362	2.5
-112064	1.3
-112142	1.1
-110941	3.2
-112476	0.5
-112033	1.3
-111161	2.8
-112470	0.5
-111760	1.8
-111699	1.9
-112286	0.9
-111766	1.8
-111361	2.5
-111980	1.4
-111739	1.8
-111726	1.9
-112087	1.2
-111445	2.3
-111389	2.4
-112337	0.8
-111123	2.9
-111674	1.9
-112185	1.0
-111409	2.4
-111313	2.6
-111811	1.7
-111551	2.2
-111725	1.9
-112119	1.2
-111329	2.6
-111706	1.9
-111723	1.9
-111707	1.9
-111808	1.7
-112203	1.0
-111518	2.2
-111969	1.4
-111834	1.7
-110990	3.1
-112093	1.2
-111547	2.2
-111682	1.9
-111763	1.8
-111586	2.1
-111053	3.0
-111958	1.4
-111645	2.0
-111267	2.7
-112018	1.3
-111595	2.1
-111802	1.7
-112093	1.2
-111885	1.6
-111851	1.6
-112238	0.9
-111808	1.7
-111440	2.4
-111847	1.6
-111340	2.5
-111438	2.4
-111834	1.7
-110913	3.3
-111855	1.6
-112345	0.8
-111587	2.1
-111854	1.6
-111809	1.7
-111198	2.8
-112052	1.3
-112373	0.7
-111713	1.9
-112013	1.3
-111103	3.0
-111564	2.1
-112382	0.7
-111845	1.6
-111195	2.8
-112058	1.3
-112090	1.2
-111627	2.0
-112052	1.3
-111442	2.4
-111291	2.6
-111755	1.8
-111537	2.2
-111407	2.4
-112183	1.0
-111314	2.6
-111655	2.0
-112159	1.1
-111547	2.2
-111381	2.5
-111877	1.6
-111570	2.1
-111444	2.3
-111831	1.7
-111462	2.3
-111668	2.0
-112203	1.0
-111158	2.9
-111404	2.4
-111989	1.4
-111478	2.3
-111444	2.3
-111903	1.5
-111773	1.8
-112160	1.1
-112207	1.0
-111475	2.3
-111575	2.1
-112239	0.9
-111390	2.4
-112012	1.3
-111703	1.9
-111905	1.5
-112003	1.4
-111659	2.0
-111433	2.4
-111764	1.8
-112001	1.4
-111676	1.9
-112380	0.7
-111780	1.8
-111471	2.3
-112163	1.1
-112162	1.1
-111653	2.0
-112208	1.0
-111614	2.0
-111370	2.5
-111882	1.6
-111627	2.0
-111978	1.4
-111500	2.2
-111479	2.3
-111625	2.0
-112050	1.3
-111590	2.1
-111398	2.4
-112045	1.3
-111504	2.2
-111697	1.9
-111627	2.0
-111733	1.8
-111489	2.3
-111766	1.8
-111738	1.8
-112002	1.4
-111765	1.8
-111957	1.4
-112422	0.6
-111189	2.8
-111099	3.0
-111965	1.4
-111254	2.7
-111469	2.3
-111794	1.7
-111678	1.9
-111406	2.4
-111856	1.6
-111575	2.1
-112047	1.3
-111758	1.8
-111344	2.5
-111597	2.1
-111906	1.5
-111668	2.0
-111476	2.3
-111780	1.8
-111350	2.5
-111549	2.2
-112328	0.8
-111677	1.9
-111632	2.0
-111820	1.7
-111340	2.5
-111853	1.6
-111663	2.0
-111376	2.5
-112175	1.1
-111802	1.7
-111841	1.6
-111523	2.2
-112182	1.0
-111620	2.0
-112074	1.2
-111933	1.5
-111170	2.8
-111930	1.5
-111708	1.9
-111498	2.3
-111959	1.4
-111745	1.8
-111624	2.0
-111401	2.4
-111738	1.8
-111595	2.1
-111611	2.1
-111634	2.0
-112040	1.3
-111926	1.5
-111743	1.8
-111448	2.3
-111981	1.4
-111234	2.7
-111792	1.7
-111744	1.8
-111935	1.5
-111609	2.1
-112450	0.6
-111755	1.8
-112143	1.1
-112194	1.0
-111908	1.5
-111227	2.7
-111026	3.1
-111892	1.6
-111993	1.4
-111900	1.5
-111650	2.0
-112218	1.0
-111553	2.2
-111490	2.3
-112342	0.8
-112141	1.1
-112209	1.0
-111966	1.4
-111469	2.3
-111723	1.9
-111872	1.6
-112132	1.1
-111722	1.9
-111600	2.1
-111575	2.1
-111449	2.3
-111999	1.4
-111689	1.9
-111387	2.4
-112385	0.7
-111837	1.7
-111169	2.8
-111733	1.8
-111662	2.0
-112112	1.2
-112260	0.9
-111951	1.5
-111953	1.4
-111864	1.6
-111348	2.5
-111792	1.7
-111870	1.6
-111825	1.7
-111798	1.7
-111801	1.7
-111875	1.6
-111553	2.2
-111771	1.8
-111822	1.7
-111961	1.4
-111597	2.1
-111802	1.7
-111594	2.1
-111897	1.5
-111417	2.4
-111666	2.0
-111776	1.8
-111794	1.7
-111598	2.1
-111782	1.8
-112226	1.0
-112082	1.2
-111704	1.9
-111372	2.5
-111854	1.6
-111379	2.5
-111445	2.3
-111445	2.3
-111744	1.8
-112081	1.2
-111414	2.4
-111858	1.6
-111583	2.1
-112098	1.2
-111624	2.0
-111845	1.6
-111147	2.9
-111690	1.9
-112092	1.2
-111569	2.1
-111994	1.4
-111678	1.9
-111742	1.8
-111363	2.5
-111292	2.6
-111376	2.5
-111768	1.8
-111851	1.6
-111934	1.5
-111449	2.3
-111787	1.7
-111446	2.3
-111622	2.0
-112216	1.0
-112291	0.9
-111525	2.2
-112137	1.1
-111918	1.5
-111664	2.0
-111918	1.5
-112099	1.2
-111649	2.0
-111635	2.0
-111821	1.7
-111222	2.7
-111822	1.7
-111677	1.9
-111280	2.6
-111585	2.1
-111583	2.1
-112048	1.3
-111852	1.6
-111801	1.7
-111751	1.8
-111615	2.0
-111924	1.5
-111566	2.1
-111797	1.7
-111973	1.4
-112132	1.1
-111872	1.6
-111627	2.0
-111576	2.1
-111365	2.5
-112149	1.1
-112109	1.2
-111542	2.2
-111318	2.6
-112148	1.1
-111844	1.6
-111641	2.0
-111953	1.4
-111605	2.1
-111979	1.4
-111813	1.7
-112222	1.0
-111482	2.3
-111681	1.9
-111819	1.7
-112290	0.9
-111944	1.5
-111297	2.6
-111610	2.1
-112044	1.3
-111463	2.3
-111898	1.5
-112025	1.3
-111572	2.1
-112179	1.1
-111931	1.5
-111604	2.1
-112258	0.9
-111894	1.6
-111548	2.2
-111633	2.0
-111702	1.9
-111866	1.6
-111632	2.0
-111487	2.3
-111937	1.5
-111105	2.9
-111789	1.7
-111497	2.3
-111697	1.9
-111594	2.1
-111156	2.9
-112163	1.1
-111687	1.9
-111673	1.9
-112157	1.1
-111609	2.1
-112309	0.8
-112029	1.3
-112172	1.1
-111663	2.0
-111442	2.4
-111540	2.2
-111391	2.4
-111920	1.5
-111659	2.0
-111453	2.3
-111874	1.6
-111926	1.5
-111260	2.7
-111329	2.6
-111836	1.7
-111929	1.5
-111258	2.7
-111655	2.0
-111661	2.0
-111453	2.3
-111467	2.3
-111895	1.6
-111479	2.3
-111611	2.1
-111977	1.4
-112012	1.3
-111541	2.2
-111636	2.0
-111616	2.0
-111860	1.6
-111315	2.6
-111506	2.2
-111803	1.7
-112178	1.1
-111960	1.4
-111870	1.6
-111564	2.1
-111861	1.6
-111624	2.0
-111727	1.8
-112075	1.2
-111918	1.5
-111582	2.1
-111449	2.3
-111887	1.6
-111311	2.6
-112496	0.5
-111509	2.2
-111519	2.2
-111776	1.8
-111738	1.8
-111840	1.6
-111571	2.1
-112020	1.3
-111394	2.4
-111319	2.6
-111531	2.2
-111890	1.6
-111374	2.5
-111462	2.3
-111886	1.6
-111408	2.4
-111709	1.9
-111611	2.1
-111863	1.6
-111914	1.5
-111999	1.4
-111861	1.6
-111259	2.7
-112230	1.0
-111726	1.9
-111920	1.5
-111413	2.4
-111694	1.9
-112085	1.2
-111359	2.5
-111325	2.6
-111614	2.0
-111720	1.9
-111567	2.1
-111783	1.7
-111901	1.5
-111803	1.7
-111514	2.2
-111749	1.8
-111693	1.9
-111542	2.2
-111229	2.7
-111708	1.9
-112018	1.3
-111973	1.4
-111843	1.6
-111589	2.1
-111492	2.3
-111839	1.7
-111657	2.0
-111561	2.1
-111535	2.2
-111896	1.6
-111647	2.0
-111412	2.4
-111474	2.3
-111769	1.8
-112365	0.7
-112091	1.2
-111354	2.5
-111774	1.8
-111575	2.1
-111856	1.6
-112064	1.3
-111439	2.4
-111682	1.9
-111929	1.5
-111274	2.6
-111354	2.5
-111268	2.7
-111678	1.9
-112251	0.9
-111570	2.1
-111659	2.0
-112020	1.3
-112085	1.2
-112019	1.3
-111364	2.5
-111692	1.9
-111905	1.5
-111305	2.6
-111220	2.7
-111769	1.8
-111525	2.2
-111654	2.0
-112269	0.9
-111885	1.6
-111601	2.1
-111794	1.7
-112016	1.3
-111722	1.9
-111452	2.3
-111317	2.6
-111530	2.2
-111755	1.8
-111484	2.3
-111696	1.9
-111503	2.2
-112125	1.1
-111929	1.5
-112398	0.7
-112146	1.1
-111421	2.4
-111668	2.0
-112094	1.2
-112056	1.3
-112200	1.0
-111428	2.4
-111714	1.9
-111459	2.3
-111887	1.6
-111861	1.6
-111617	2.0
-111430	2.4
-111677	1.9
-111894	1.6
-112006	1.4
-112133	1.1
-111402	2.4
-112049	1.3
-112083	1.2
-111700	1.9
-111749	1.8
-111979	1.4
-111565	2.1
-111819	1.7
-111518	2.2
-111108	2.9
-111961	1.4
-111872	1.6
-111806	1.7
-111425	2.4
-111633	2.0
-111778	1.8
-111675	1.9
-111747	1.8
-111433	2.4
-111731	1.8
-111767	1.8
-111454	2.3
-111850	1.6
-111223	2.7
-112441	0.6
-112044	1.3
-111639	2.0
-111767	1.8
-111225	2.7
-111734	1.8
-111568	2.1
-111624	2.0
-111679	1.9
-111469	2.3
-111140	2.9
-111419	2.4
-111821	1.7
-111796	1.7
-111214	2.8
-111696	1.9
-111566	2.1
-111784	1.7
-112030	1.3
-111272	2.7
-111902	1.5
-110990	3.1
-111607	2.1
-111702	1.9
-112044	1.3
-111459	2.3
-111254	2.7
-111280	2.6
-111599	2.1
-111554	2.2
-111325	2.6
-111392	2.4
-111328	2.6
-111570	2.1
-111238	2.7
-111002	3.1
-112528	0.4
-111737	1.8
-111596	2.1
-112234	1.0
-111808	1.7
-111720	1.9
-111626	2.0
-111646	2.0
-111507	2.2
-111878	1.6
-111577	2.1
-111342	2.5
-111309	2.6
-111628	2.0
-111938	1.5
-111707	1.9
-111542	2.2
-112103	1.2
-111842	1.6
-111991	1.4
-111975	1.4
-111658	2.0
-111764	1.8
-111775	1.8
-111138	2.9
-111790	1.7
-111554	2.2
-111583	2.1
-111475	2.3
-111906	1.5
-111931	1.5
-111367	2.5
-111957	1.4
-111747	1.8
-111352	2.5
-111419	2.4
-111801	1.7
-112030	1.3
-111618	2.0
-111582	2.1
-111561	2.1
-111617	2.0
-111782	1.8
-112180	1.0
-111747	1.8
-111579	2.1
-111915	1.5
-111853	1.6
-111226	2.7
-111678	1.9
-111448	2.3
-111544	2.2
-112065	1.3
-111772	1.8
-111572	2.1
-111694	1.9
-111748	1.8
-111996	1.4
-111221	2.7
-111434	2.4
-111971	1.4
-111804	1.7
-111646	2.0
-111553	2.2
-111529	2.2
-111573	2.1
-111348	2.5
-111701	1.9
-111985	1.4
-112151	1.1
-111615	2.0
-111708	1.9
-111512	2.2
-111659	2.0
-111181	2.8
-111707	1.9
-111447	2.3
-111354	2.5
-111329	2.6
-111411	2.4
-111737	1.8
-111604	2.1
-112016	1.3
-112149	1.1
-111712	1.9
-111444	2.3
-111823	1.7
-111434	2.4
-112151	1.1
-111689	1.9
-111547	2.2
-111674	1.9
-111555	2.2
-111773	1.8
-111801	1.7
-111325	2.6
-111487	2.3
-111555	2.2
-111479	2.3
-111800	1.7
-111136	2.9
-111756	1.8
-111774	1.8
-111942	1.5
-111722	1.9
-111654	2.0
-111440	2.4
-111383	2.5
-111431	2.4
-111678	1.9
-112135	1.1
-111827	1.7
-111490	2.3
-111630	2.0
-111585	2.1
-111699	1.9
-112181	1.0
-111582	2.1
-111393	2.4
-111799	1.7
-112130	1.1
-111550	2.2
-112340	0.8
-112085	1.2
-111669	2.0
-111686	1.9
-111087	3.0
-111535	2.2
-111079	3.0
-111481	2.3
-111583	2.1
-111974	1.4
-111674	1.9
-111460	2.3
-112178	1.1
-111983	1.4
-111508	2.2
-111635	2.0
-111689	1.9
-111258	2.7
-111314	2.6
-111690	1.9
-111949	1.5
-111326	2.6
-111364	2.5
-111921	1.5
-111423	2.4
-111193	2.8
-111368	2.5
-111541	2.2
-111645	2.0
-111748	1.8
-111855	1.6
-111709	1.9
-112072	1.2
-111645	2.0
-111935	1.5
-112019	1.3
-112448	0.6
-111240	2.7
-111938	1.5
-111686	1.9
-111607	2.1
-111508	2.2
-111401	2.4
-111709	1.9
-111757	1.8
-111550	2.2
-111699	1.9
-111702	1.9
-111577	2.1
-111221	2.7
-111468	2.3
-111346	2.5
-111603	2.1
-112052	1.3
-111643	2.0
-111771	1.8
-111510	2.2
-111458	2.3
-111667	2.0
-111758	1.8
-112051	1.3
-112010	1.3
-111532	2.2
-112171	1.1
-111474	2.3
-111209	2.8
-112085	1.2
-111742	1.8
-111678	1.9
-112363	0.7
-111943	1.5
-111184	2.8
-111760	1.8
-111787	1.7
-111612	2.1
-111981	1.4
-111621	2.0
-111054	3.0
-111611	2.1
-111580	2.1
-112253	0.9
-111715	1.9
-111339	2.5
-111453	2.3
-111660	2.0
-111526	2.2
-111462	2.3
-111904	1.5
-111612	2.1
-111678	1.9
-111479	2.3
-111736	1.8
-111853	1.6
-111879	1.6
-111474	2.3
-111296	2.6
-111647	2.0
-111556	2.2
-111785	1.7
-111274	2.6
-111896	1.6
-111974	1.4
-111845	1.6
-111862	1.6
-112041	1.3
-111234	2.7
-111056	3.0
-111675	1.9
-111816	1.7
-111494	2.3
-111848	1.6
-111616	2.0
-111810	1.7
-111996	1.4
-111488	2.3
-111322	2.6
-111563	2.1
-111456	2.3
-111742	1.8
-111428	2.4
-111813	1.7
-111576	2.1
-111825	1.7
-111885	1.6
-111780	1.8
-111417	2.4
-111748	1.8
-112193	1.0
-111482	2.3
-111796	1.7
-111154	2.9
-111685	1.9
-112097	1.2
-111289	2.6
-111333	2.5
-111618	2.0
-111705	1.9
-111859	1.6
-111549	2.2
-111364	2.5
-112030	1.3
-111936	1.5
-111818	1.7
-111955	1.4
-111317	2.6
-111645	2.0
-111360	2.5
-111837	1.7
-111586	2.1
-112096	1.2
-111785	1.7
-111764	1.8
-111666	2.0
-111636	2.0
-111169	2.8
-112068	1.2
-111772	1.8
-111542	2.2
-111576	2.1
-111762	1.8
-111483	2.3
-111943	1.5
-111828	1.7
-111745	1.8
-111961	1.4
-111512	2.2
-111544	2.2
-111419	2.4
-111555	2.2
-111805	1.7
-111327	2.6
-111479	2.3
-111561	2.1
-111735	1.8
-111766	1.8
-111018	3.1
-111287	2.6
-111635	2.0
-112097	1.2
-111717	1.9
-111762	1.8
-112076	1.2
-111520	2.2
-112249	0.9
-111705	1.9
-111658	2.0
-111882	1.6
-111950	1.5
-111588	2.1
-111545	2.2
-111845	1.6
-111231	2.7
-110939	3.2
-111726	1.9
-111798	1.7
-111547	2.2
-111657	2.0
-111879	1.6
-111576	2.1
-111342	2.5
-111950	1.5
-111869	1.6
-111890	1.6
-111443	2.3
-111688	1.9
-111819	1.7
-112346	0.8
-111918	1.5
-111792	1.7
-111938	1.5
-111828	1.7
-111643	2.0
-111686	1.9
-111656	2.0
-111877	1.6
-111978	1.4
-111407	2.4
-111632	2.0
-111873	1.6
-111610	2.1
-111830	1.7
-111937	1.5
-111638	2.0
-111460	2.3
-111588	2.1
-111902	1.5
-111487	2.3
-112068	1.2
-112096	1.2
-111580	2.1
-111954	1.4
-111598	2.1
-112002	1.4
-111761	1.8
-112230	1.0
-111566	2.1
-111438	2.4
-111304	2.6
-111271	2.7
-111902	1.5
-111612	2.1
-112109	1.2
-111592	2.1
-111643	2.0
-111856	1.6
-111689	1.9
-111707	1.9
-112097	1.2
-111642	2.0
-112047	1.3
-111870	1.6
-111298	2.6
-111841	1.6
-111733	1.8
-111921	1.5
-111980	1.4
-111624	2.0
-111276	2.6
-111631	2.0
-111686	1.9
-111816	1.7
-112223	1.0
-111959	1.4
-111442	2.4
-111678	1.9
-111952	1.5
-112291	0.9
-111728	1.8
-111874	1.6
-112103	1.2
-111533	2.2
-111342	2.5
-111826	1.7
-111446	2.3
-111744	1.8
-111813	1.7
-111571	2.1
-110936	3.2
-111518	2.2
-111527	2.2
-111724	1.9
-111794	1.7
-111232	2.7
-111997	1.4
-111636	2.0
-111550	2.2
-111370	2.5
-112111	1.2
-111852	1.6
-111534	2.2
-111328	2.6
-111786	1.7
-111925	1.5
-111921	1.5
-111776	1.8
-111240	2.7
-111568	2.1
-111377	2.5
-111396	2.4
-111819	1.7
-111789	1.7
-111634	2.0
-111626	2.0
-111437	2.4
-111620	2.0
-111365	2.5
-112216	1.0
-112040	1.3
-111765	1.8
-111953	1.4
-111798	1.7
-111713	1.9
-111428	2.4
-111942	1.5
-111905	1.5
-111447	2.3
-111281	2.6
-111564	2.1
-111692	1.9
-111991	1.4
-111727	1.8
-110986	3.2
-110036	4.8
-108947	6.8
-109699	5.4
-109682	5.5
-109533	5.7
-110833	3.4
-110999	3.1
-111228	2.7
-111101	3.0
-111413	2.4
-111481	2.3
-111266	2.7
-111404	2.4
-111854	1.6
-111347	2.5
-111296	2.6
-111384	2.5
-111043	3.1
-110689	3.7
-110254	4.4
-110114	4.7
-109314	6.1
-109582	5.6
-108868	6.9
-108377	7.8
-108788	7.0
-108392	7.7
-107763	8.8
-107371	9.5
-107419	9.5
-106741	10.7
-106610	10.9
-105807	12.3
-106166	11.7
-105308	13.2
-105721	12.5
-105501	12.8
-105346	13.1
-105171	13.4
-104652	14.3
-104943	13.8
-104949	13.8
-104998	13.7
-104316	14.9
-104304	15.0
-104209	15.1
-104221	15.1
-104216	15.1
-104113	15.3
-103516	16.3
-103240	16.8
-103562	16.3
-103427	16.5
-103217	16.9
-102774	17.7
-102115	18.8
-101930	19.1
-101207	20.4
-100813	21.1
-100195	22.2
-99894	22.7
-99707	23.1
-98900	24.5
-98312	25.5
-97653	26.7
-97638	26.7
-97028	27.8
-95848	29.9
-96015	29.6
-95292	30.9
-94641	32.0
-94113	32.9
-92978	35.0
-92155	36.4
-91743	37.1
-91834	37.0
-90950	38.5
-90187	39.9
-90224	39.8
-89340	41.4
-89033	41.9
-88243	43.3
-88107	43.6
-87519	44.6
-86724	46.0
-87030	45.5
-85807	47.6
-85771	47.7
-84777	49.4
-85032	49.0
-84348	50.2
-83746	51.3
-83734	51.3
-83174	52.3
-82746	53.0
-82413	53.6
-81816	54.7
-82025	54.3
-81279	55.6
-80261	57.4
-80393	57.2
-80280	57.4
-79498	58.8
-78931	59.8
-78809	60.0
-78045	61.3
-77892	61.6
-77690	61.9
-77321	62.6
-76854	63.4
-75722	65.4
-75493	65.8
-74488	67.6
-73691	69.0
-72825	70.5
-72304	71.5
-71482	72.9
-71313	73.2
-70509	74.6
-69635	76.2
-69221	76.9
-68683	77.8
-68522	78.1
-67937	79.2
-67080	80.7
-66861	81.1
-66934	80.9
-66660	81.4
-66176	82.3
-66079	82.4
-66037	82.5
-65840	82.9
-65937	82.7
-65764	83.0
-65903	82.8
-66313	82.0
-66214	82.2
-65922	82.7
-66032	82.5
-66199	82.2
-66475	81.7
-66704	81.3
-66422	81.8
-66150	82.3
-66903	81.0
-66955	80.9
-67172	80.5
-67208	80.4
-67408	80.1
-66900	81.0
-67338	80.2
-67151	80.5
-67203	80.5
-66873	81.0
-67007	80.8
-66738	81.3
-66724	81.3
-66574	81.6
-66336	82.0
-66358	81.9
-65461	83.5
-65087	84.2
-64831	84.6
-64714	84.9
-64680	84.9
-64431	85.4
-64078	86.0
-64339	85.5
-63607	86.8
-63116	87.7
-63407	87.2
-62584	88.6
-62592	88.6
-62907	88.0
-62801	88.2
-62429	88.9
-61932	89.8
-61983	89.7
-62158	89.4
-61965	89.7
-61446	90.6
-61582	90.4
-61214	91.0
-61139	91.2
-60687	92.0
-60507	92.3
-60442	92.4
-60341	92.6
-60030	93.1
-60362	92.5
-59463	94.1
-59759	93.6
-59365	94.3
-59722	93.7
-59209	94.6
-59348	94.3
-59223	94.5
-58635	95.6
-58316	96.1
-58249	96.3
-58265	96.2
-57820	97.0
-57500	97.6
-57882	96.9
-57570	97.5
-57384	97.8
-57330	97.9
-57044	98.4
-56868	98.7
-56437	99.5
-56321	99.7
-55968	100.3
-55889	100.4
-55314	101.4
-55704	100.8
-55185	101.7
-55233	101.6
-55128	101.8
-54920	102.1
-54500	102.9
-54649	102.6
-54694	102.5
-54038	103.7
-54241	103.3
-53302	105.0
-53009	105.5
-52238	106.9
-51322	108.5
-51020	109.0
-50025	110.8
-49953	110.9
-49413	111.9
-49170	112.3
-49137	112.4
-48580	113.3
-48584	113.3
-48583	113.3
-48253	113.9
-48044	114.3
-48006	114.4
-48517	113.4
-48118	114.2
-47892	114.6
-48252	113.9
-47697	114.9
-48180	114.0
-48112	114.2
-48266	113.9
-47573	115.1
-47831	114.7
-48096	114.2
-47922	114.5
-47939	114.5
-47912	114.5
-48477	113.5
-48015	114.3
-47845	114.6
-47757	114.8
-47884	114.6
-47799	114.7
-47738	114.8
-48034	114.3
-47638	115.0
-47639	115.0
-46745	116.6
-47139	115.9
-46825	116.4
-46981	116.2
-46588	116.9
-46973	116.2
-46909	116.3
-46684	116.7
-46887	116.3
-46629	116.8
-46828	116.4
-46258	117.4
-46260	117.4
-46626	116.8
-46049	117.8
-46576	116.9
-46789	116.5
-46278	117.4
-46822	116.4
-46792	116.5
-47066	116.0
-46989	116.1
-47046	116.0
-47417	115.4
-47157	115.8
-48145	114.1
-47683	114.9
-48342	113.8
-48286	113.9
-48250	113.9
-48826	112.9
-48630	113.2
-49303	112.1
-49347	112.0
-49924	111.0
-49563	111.6
-50634	109.7
-50362	110.2
-50392	110.1
-50593	109.8
-50843	109.3
-50370	110.2
-50809	109.4
-50706	109.6
-50367	110.2
-50707	109.6
-51253	108.6
-51486	108.2
-50949	109.2
-51078	108.9
-51244	108.6
-51395	108.4
-51287	108.6
-51524	108.1
-51535	108.1
-51058	109.0
-51799	107.7
-51483	108.2
-52141	107.1
-51858	107.5
-52213	106.9
-52179	107.0
-51930	107.4
-52071	107.2
-52426	106.5
-52227	106.9
-52747	106.0
-52691	106.1
-52569	106.3
-53027	105.5
-52829	105.8
-53351	104.9
-53559	104.5
-53483	104.7
-53380	104.9
-53417	104.8
-53678	104.3
-54039	103.7
-53740	104.2
-53938	103.9
-54630	102.7
-54307	103.2
-54938	102.1
-54736	102.5
-54308	103.2
-54581	102.7
-53854	104.0
-54265	103.3
-53615	104.4
-54009	103.8
-54143	103.5
-53906	103.9
-54781	102.4
-54155	103.5
-54649	102.6
-54786	102.4
-55210	101.6
-54532	102.8
-55550	101.0
-55695	100.8
-56816	98.8
-56925	98.6
-56996	98.5
-57756	97.1
-58497	95.8
-58385	96.0
-59537	94.0
-60626	92.1
-61149	91.1
-61621	90.3
-62341	89.0
-62694	88.4
-63345	87.3
-63390	87.2
-64172	85.8
-64127	85.9
-65232	83.9
-65616	83.3
-66495	81.7
-66178	82.3
-67058	80.7
-67472	80.0
-68083	78.9
-68994	77.3
-68865	77.5
-69250	76.8
-69907	75.7
-70661	74.4
-71674	72.6
-72639	70.9
-72996	70.2
-74151	68.2
-74854	66.9
-76737	63.6
-77631	62.0
-78888	59.8
-80211	57.5
-81447	55.3
-82287	53.8
-83590	51.5
-84952	49.1
-85580	48.0
-85760	47.7
-86218	46.9
-86403	46.6
-87189	45.2
-87434	44.7
-87710	44.3
-88784	42.4
-88257	43.3
-88935	42.1
-89655	40.8
-90935	38.6
-90916	38.6
-91599	37.4
-92223	36.3
-92770	35.3
-94141	32.9
-93824	33.5
-94494	32.3
-95006	31.4
-94825	31.7
-94685	31.9
-95285	30.9
-95756	30.0
-96495	28.7
-96357	29.0
-96412	28.9
-96584	28.6
-96817	28.2
-97236	27.4
-97560	26.9
-98040	26.0
-98263	25.6
-98846	24.6
-99706	23.1
-100161	22.3
-100343	21.9
-100778	21.2
-101897	19.2
-101537	19.8
-101824	19.3
-102616	17.9
-102681	17.8
-103423	16.5
-103684	16.0
-104159	15.2
-105279	13.2
-105989	12.0
-107173	9.9
-108115	8.2
-109722	5.4
-110297	4.4
-110501	4.0
-111745	1.8
-111721	1.9
-112353	0.7
-111655	2.0
-111475	2.3
-112035	1.3
-111244	2.7
-111114	2.9
-112086	1.2
-111259	2.7
-111945	1.5
-112177	1.1
-111327	2.6
-111587	2.1
-112005	1.4
-111317	2.6
-111728	1.8
-112467	0.5
-110924	3.3
-112015	1.3
-112145	1.1
-111420	2.4
-111842	1.6
-111786	1.7
-111280	2.6
-111398	2.4
-112247	0.9
-111401	2.4
-112068	1.2
-111711	1.9
-111236	2.7
-111595	2.1
-111533	2.2
-111376	2.5
-111774	1.8
-111745	1.8
-111535	2.2
-111898	1.5
-112123	1.1
-111436	2.4
-112048	1.3
-112171	1.1
-111256	2.7
-111805	1.7
-111332	2.5
-111856	1.6
-112134	1.1
-111494	2.3
-111274	2.6
-112366	0.7
-111429	2.4
-111591	2.1
-111426	2.4
-111400	2.4
-111450	2.3
-112149	1.1
-111110	2.9
-112148	1.1
-112083	1.2
-111133	2.9
-112316	0.8
-111603	2.1
-111158	2.9
-112088	1.2
-111858	1.6
-111596	2.1
-111799	1.7
-112160	1.1
-111376	2.5
-111848	1.6
-111734	1.8
-111116	2.9
-112252	0.9
-111566	2.1
-112277	0.9
-111948	1.5
-111819	1.7
-111785	1.7
-112170	1.1
-111309	2.6
-112097	1.2
-111591	2.1
-111832	1.7
-111167	2.8
-112078	1.2
-111558	2.1
-111816	1.7
-112095	1.2
-111724	1.9
-111529	2.2
-111794	1.7
-111299	2.6
-111694	1.9
-112093	1.2
-111586	2.1
-111930	1.5
-111908	1.5
-111410	2.4
-111378	2.5
-112161	1.1
-111519	2.2
-111513	2.2
-112286	0.9
-111286	2.6
-111477	2.3
-111502	2.2
-112047	1.3
-111499	2.3
-112228	1.0
-110799	3.5
-111430	2.4
-111105	2.9
-111711	1.9
-111503	2.2
-111537	2.2
-111654	2.0
-111797	1.7
-111221	2.7
-112119	1.2
-111385	2.5
-111843	1.6
-111373	2.5
-111955	1.4
-111454	2.3
-111452	2.3
-111162	2.8
-111374	2.5
-111832	1.7
-111915	1.5
-111608	2.1
-112057	1.3
-111667	2.0
-111956	1.4
-111816	1.7
-112032	1.3
-111990	1.4
-111851	1.6
-111627	2.0
-111864	1.6
-111539	2.2
-111519	2.2
-111372	2.5
-111606	2.1
-111562	2.1
-111275	2.6
-112296	0.8
-112125	1.1
-111953	1.4
-111572	2.1
-111524	2.2
-111790	1.7
-111530	2.2
-112018	1.3
-111908	1.5
-111610	2.1
-111479	2.3
-112217	1.0
-112125	1.1
-111958	1.4
-111727	1.8
-111730	1.8
-111787	1.7
-112086	1.2
-111772	1.8
-111548	2.2
-112034	1.3
-111373	2.5
-111661	2.0
-111160	2.8
-112004	1.4
-111190	2.8
-111872	1.6
-111512	2.2
-111823	1.7
-111625	2.0
-111667	2.0
-111924	1.5
-111745	1.8
-111410	2.4
-111743	1.8
-111848	1.6
-111896	1.6
-111968	1.4
-112050	1.3
-111834	1.7
-112111	1.2
-111777	1.8
-111879	1.6
-111790	1.7
-111909	1.5
-111353	2.5
-111697	1.9
-111938	1.5
-111428	2.4
-111783	1.7
-111605	2.1
-111269	2.7
-111954	1.4
-112052	1.3
-111814	1.7
-111498	2.3
-111368	2.5
-111695	1.9
-111727	1.8
-111369	2.5
-111880	1.6
-111532	2.2
-111713	1.9
-111370	2.5
-111988	1.4
-111944	1.5
-111680	1.9
-111760	1.8
-111780	1.8
-111439	2.4
-111514	2.2
-111430	2.4
-111407	2.4
-111810	1.7
-111538	2.2
-111649	2.0
-111715	1.9
-111558	2.1
-111755	1.8
-112075	1.2
-111500	2.2
-111649	2.0
-111888	1.6
-111503	2.2
-111671	1.9
-111715	1.9
-111944	1.5
-111662	2.0
-111513	2.2
-111389	2.4
-111575	2.1
-112225	1.0
-112090	1.2
-111517	2.2
-111436	2.4
-111696	1.9
-111756	1.8
-111571	2.1
-111591	2.1
-111567	2.1
-111689	1.9
-111749	1.8
-111869	1.6
-111520	2.2
-111840	1.6
-111360	2.5
-111836	1.7
-111862	1.6
-111803	1.7
-111887	1.6
-111742	1.8
-111958	1.4
-111826	1.7
-111875	1.6
-111801	1.7
-111496	2.3
-111483	2.3
-111589	2.1
-111969	1.4
-111431	2.4
-112026	1.3
-111581	2.1
-111295	2.6
-111909	1.5
-111240	2.7
-111533	2.2
-111637	2.0
-111677	1.9
-111679	1.9
-111538	2.2
-111992	1.4
-111926	1.5
-111799	1.7
-111501	2.2
-112120	1.2
-111330	2.5
-111686	1.9
-111783	1.7
-111938	1.5
-112050	1.3
-111410	2.4
-111725	1.9
-111724	1.9
-111560	2.1
-111835	1.7
-112025	1.3
-112063	1.3
-111244	2.7
-111743	1.8
-111880	1.6
-111867	1.6
-111609	2.1
-111793	1.7
-111618	2.0
-111612	2.1
-111684	1.9
-111799	1.7
-111841	1.6
-112217	1.0
-111323	2.6
-111526	2.2
-111515	2.2
-112103	1.2
-111873	1.6
-111582	2.1
-111630	2.0
-111352	2.5
-111896	1.6
-111818	1.7
-111436	2.4
-111745	1.8
-111511	2.2
-111567	2.1
-111922	1.5
-111163	2.8
-111874	1.6
-111869	1.6
-111549	2.2
-111595	2.1
-111411	2.4
-111883	1.6
-112207	1.0
-111755	1.8
-112053	1.3
-112048	1.3
-111886	1.6
-111777	1.8
-111350	2.5
-111488	2.3
-111573	2.1
-111672	1.9
-111795	1.7
-111844	1.6
-111756	1.8
-111216	2.8
-111334	2.5
-111784	1.7
-111824	1.7
-111731	1.8
-111607	2.1
-111387	2.4
-112033	1.3
-112201	1.0
-111886	1.6
-111604	2.1
-111510	2.2
-111650	2.0
-111388	2.4
-111585	2.1
-111647	2.0
-111871	1.6
-110957	3.2
-112268	0.9
-111737	1.8
-111269	2.7
-110951	3.2
-111717	1.9
-111373	2.5
-111545	2.2
-111818	1.7
-112009	1.4
-111502	2.2
-111861	1.6
-111645	2.0
-111447	2.3
-111681	1.9
-111412	2.4
-111518	2.2
-111871	1.6
-111748	1.8
-111364	2.5
-111898	1.5
-112051	1.3
-111669	2.0
-111635	2.0
-111130	2.9
-112171	1.1
-111240	2.7
-111489	2.3
-112070	1.2
-111844	1.6
-111670	1.9
-111619	2.0
-111621	2.0
-111697	1.9
-111987	1.4
-111751	1.8
-111351	2.5
-111467	2.3
-111231	2.7
-111413	2.4
-112030	1.3
-111924	1.5
-111527	2.2
-111785	1.7
-111716	1.9
-111691	1.9
-111819	1.7
-111399	2.4
-111270	2.7
-111428	2.4
-111618	2.0
-111596	2.1
-111547	2.2
-111488	2.3
-111632	2.0
-111796	1.7
-111231	2.7
-111918	1.5
-111879	1.6
-111763	1.8
-111748	1.8
-111563	2.1
-111967	1.4
-111556	2.2
-111539	2.2
-111466	2.3
-111520	2.2
-111267	2.7
-111748	1.8
-111981	1.4
-111436	2.4
-111563	2.1
-111712	1.9
-111373	2.5
-111662	2.0
-112130	1.1
-111246	2.7
-111325	2.6
-111926	1.5
-111668	2.0
-111506	2.2
-111835	1.7
-111588	2.1
-111574	2.1
-111766	1.8
-111710	1.9
-111482	2.3
-111695	1.9
-111344	2.5
-111552	2.2
-112031	1.3
-112207	1.0
-111024	3.1
-111743	1.8
-111534	2.2
-111623	2.0
-111477	2.3
-111699	1.9
-111796	1.7
-111681	1.9
-112058	1.3
-111915	1.5
-111610	2.1
-111728	1.8
-111535	2.2
-112105	1.2
-111914	1.5
-111585	2.1
-111913	1.5
-111921	1.5
-111972	1.4
-112021	1.3
-111714	1.9
-111475	2.3
-111382	2.5
-112052	1.3
-111376	2.5
-111812	1.7
-111685	1.9
-111536	2.2
-111660	2.0
-111905	1.5
-111492	2.3
-111762	1.8
-111857	1.6
-111681	1.9
-111584	2.1
-112159	1.1
-111715	1.9
-112098	1.2
-111816	1.7
-111421	2.4
-111658	2.0
-111687	1.9
-111588	2.1
-111620	2.0
-111842	1.6
-111776	1.8
-112013	1.3
-111354	2.5
-112226	1.0
-111831	1.7
-112106	1.2
-111392	2.4
-111473	2.3
-111741	1.8
-112213	1.0
-111508	2.2
-111457	2.3
-111985	1.4
-111445	2.3
-111497	2.3
-111858	1.6
-112190	1.0
-112164	1.1
-111753	1.8
-111209	2.8
-111715	1.9
-112077	1.2
-111558	2.1
-111787	1.7
-111422	2.4
-111966	1.4
-111465	2.3
-111529	2.2
-111555	2.2
-111732	1.8
-112086	1.2
-111584	2.1
-111330	2.5
-111505	2.2
-111688	1.9
-111570	2.1
-112037	1.3
-111727	1.8
-111614	2.0
-111907	1.5
-111678	1.9
-112109	1.2
-112058	1.3
-111630	2.0
-111975	1.4
-111395	2.4
-111535	2.2
-111890	1.6
-112041	1.3
-111595	2.1
-112069	1.2
-111981	1.4
-111483	2.3
-110890	3.3
-111761	1.8
-111663	2.0
-111660	2.0
-111693	1.9
-111706	1.9
-111952	1.5
-110684	3.7
-111845	1.6
-112128	1.1
-112134	1.1
-111342	2.5
-111197	2.8
-111717	1.9
-111189	2.8
-111761	1.8
-111698	1.9
-111650	2.0
-111852	1.6
-111975	1.4
-111685	1.9
-111338	2.5
-112555	0.4
-112251	0.9
-111741	1.8
-111141	2.9
-111621	2.0
-111982	1.4
-112073	1.2
-111197	2.8
-111853	1.6
-111859	1.6
-111417	2.4
-111446	2.3
-111716	1.9
-111629	2.0
-111600	2.1
-111865	1.6
-113292	-0.9
-120753	-14.1
-124075	-20.0
-129677	-29.8
-139489	-47.2
-142142	-51.9
-138975	-46.3
-143224	-53.8
-149896	-65.5
-152966	-71.0
-140315	-48.6
-142961	-53.3
-154413	-73.5
-115470	-4.8
-87149	45.2
-129198	-29.0
-115258	-4.4
-90022	40.2
-131295	-32.7
-111710	1.9
-93385	34.2
-131522	-33.1
-107588	9.2
-96056	29.5
-132245	-34.4
-104418	14.8
-99025	24.3
-132352	-34.6
-101732	19.5
-103009	17.2
-131161	-32.5
-100006	22.5
-105804	12.3
-129715	-29.9
-97482	27.0
-109719	5.4
-128452	-27.7
-96250	29.2
-112206	1.0
-125701	-22.8
-95235	31.0
-115296	-4.5
-122943	-18.0
-95504	30.5
-118005	-9.2
-121398	-15.2
-95732	30.1
-119833	-12.5
-118045	-9.3
-95888	29.8
-122320	-16.9
-115358	-4.6
-97582	26.8
-123544	-19.0
-113185	-0.7
-98481	25.2
-124614	-20.9
-110555	3.9
-100365	21.9
-124932	-21.5
-107862	8.7
-102561	18.0
-125364	-22.2
-105701	12.5
-104868	14.0
-124639	-20.9
-104126	15.3
-106665	10.8
-124674	-21.0
-102580	18.0
-109515	5.8
-123620	-19.1
-101331	20.2
-111305	2.6
-122254	-16.7
-100859	21.0
-113157	-0.7
-120484	-13.6
-100401	21.8
-115154	-4.2
-119149	-11.3
-100625	21.4
-116903	-7.3
-117382	-8.1
-101410	20.1
-118460	-10.0
-115310	-4.5
-101068	20.7
-119740	-12.3
-113147	-0.7
-102425	18.3
-120011	-12.8
-111739	1.8
-103476	16.4
-120350	-13.4
-110137	4.7
-104838	14.0
-120733	-14.1
-108720	7.2
-106009	11.9
-120469	-13.6
-107185	9.9
-107504	9.3
-120579	-13.8
-106586	10.9
-108484	7.6
-119923	-12.6
-105194	13.4
-110646	3.8
-119032	-11.0
-104631	14.4
-111835	1.7
-118848	-10.7
-104573	14.5
-112988	-0.4
-117282	-8.0
-103852	15.8
-114211	-2.5
-116003	-5.7
-104322	14.9
-115422	-4.7
-115073	-4.1
-104217	15.1
-116309	-6.2
-114106	-2.4
-104584	14.5
-116875	-7.2
-112738	0.1
-105650	12.6
-117661	-8.6
-111559	2.1
-106043	11.9
-118372	-9.9
-109773	5.3
-106733	10.7
-118287	-9.7
-109675	5.5
-107880	8.6
-118003	-9.2
-107804	8.8
-108965	6.7
-117694	-8.7
-107327	9.6
-109549	5.7
-117484	-8.3
-107621	9.1
-110767	3.5
-117323	-8.0
-106212	11.6
-111824	1.7
-116679	-6.9
-106465	11.1
-112792	-0.0
-115690	-5.1
-106073	11.8
-113495	-1.3
-115250	-4.4
-106674	10.8
-114943	-3.8
-113640	-1.5
-106680	10.8
-115028	-4.0
-113167	-0.7
-107087	10.0
-115701	-5.2
-112107	1.2
-107107	10.0
-116371	-6.4
-111692	1.9
-107765	8.8
-116221	-6.1
-110177	4.6
-108658	7.3
-117143	-7.7
-109736	5.4
-110088	4.7
-115640	-5.1
-108933	6.8
-110087	4.7
-116368	-6.3
-108326	7.9
-110905	3.3
-116063	-5.8
-108140	8.2
-111385	2.5
-115955	-5.6
-108503	7.5
-112365	0.7
-114982	-3.9
-108416	7.7
-112937	-0.3
-114029	-2.2
-107574	9.2
-113146	-0.7
-114027	-2.2
-108203	8.1
-113774	-1.8
-112834	-0.1
-108241	8.0
-114256	-2.6
-112552	0.4
-107984	8.5
-114795	-3.6
-111606	2.1
-107802	8.8
-115067	-4.0
-111616	2.0
-109282	6.2
-115349	-4.5
-110869	3.4
-109363	6.0
-114801	-3.6
-110466	4.1
-109969	5.0
-115185	-4.3
-109462	5.8
-110256	4.4
-115061	-4.0
-109168	6.4
-111752	1.8
-114198	-2.5
-108246	8.0
-111364	2.5
-113808	-1.8
-108972	6.7
-112141	1.1
-113544	-1.4
-108976	6.7
-111972	1.4
-113548	-1.4
-108550	7.5
-113064	-0.5
-112706	0.1
-108437	7.7
-113264	-0.9
-112275	0.9
-108897	6.8
-113896	-2.0
-111991	1.4
-109506	5.8
-114039	-2.2
-111278	2.6
-109430	5.9
-114200	-2.5
-111092	3.0
-110053	4.8
-114155	-2.4
-110777	3.5
-110484	4.0
-114015	-2.2
-110654	3.7
-110592	3.9
-114538	-3.1
-110035	4.8
-111450	2.3
-113765	-1.7
-109994	4.9
-111261	2.7
-113508	-1.3
-109919	5.0
-112125	1.1
-113009	-0.4
-109378	6.0
-112626	0.3
-113820	-1.8
-109939	5.0
-112571	0.4
-112618	0.3
-109317	6.1
-112834	-0.1
-112664	0.2
-109877	5.1
-112918	-0.3
-112038	1.3
-109816	5.2
-112903	-0.2
-112106	1.2
-110345	4.3
-113259	-0.9
-111558	2.1
-110243	4.5
-113217	-0.8
-111398	2.4
-110835	3.4
-113420	-1.1
-111293	2.6
-110703	3.7
-113326	-1.0
-110706	3.7
-110966	3.2
-113216	-0.8
-110582	3.9
-111085	3.0
-113177	-0.7
-110345	4.3
-111745	1.8
-113373	-1.1
-109968	5.0
-112124	1.1
-113003	-0.4
-110105	4.7
-112337	0.8
-112962	-0.3
-110291	4.4
-112558	0.4
-112716	0.1
-110618	3.8
-112668	0.2
-112141	1.1
-110496	4.0
-112636	0.2
-112097	1.2
-110355	4.3
-112896	-0.2
-111746	1.8
-110207	4.5
-113157	-0.7
-111548	2.2
-110761	3.6
-113112	-0.6
-111642	2.0
-110783	3.5
-113196	-0.7
-110957	3.2
-111349	2.5
-113160	-0.7
-111382	2.5
-111077	3.0
-112601	0.3
-110612	3.8
-111725	1.9
-112750	0.0
-110089	4.7
-111574	2.1
-112384	0.7
-110598	3.8
-112172	1.1
-112287	0.9
-110923	3.3
-112076	1.2
-112026	1.3
-111063	3.0
-112573	0.4
-112424	0.6
-110516	4.0
-112564	0.4
-112125	1.1
-110727	3.6
-112171	1.1
-111546	2.2
-110655	3.7
-112533	0.4
-111797	1.7
-110685	3.7
-113017	-0.4
-111254	2.7
-110899	3.3
-112211	1.0
-111738	1.8
-111091	3.0
-112738	0.1
-111303	2.6
-111215	2.8
-112366	0.7
-111191	2.8
-111290	2.6
-112490	0.5
-110856	3.4
-111873	1.6
-112211	1.0
-110676	3.7
-111754	1.8
-112221	1.0
-111108	2.9
-111704	1.9
-111864	1.6
-110796	3.5
-112088	1.2
-111653	2.0
-110749	3.6
-111771	1.8
-111545	2.2
-111319	2.6
-112280	0.9
-111642	2.0
-111032	3.1
-112071	1.2
-111976	1.4
-110446	4.1
-112164	1.1
-110852	3.4
-111464	2.3
-112188	1.0
-111250	2.7
-111419	2.4
-112360	0.7
-111394	2.4
-111472	2.3
-112103	1.2
-111478	2.3
-111216	2.8
-112407	0.6
-111329	2.6
-111413	2.4
-111964	1.4
-110975	3.2
-111774	1.8
-112276	0.9
-110587	3.9
-112016	1.3
-112711	0.1
-110777	3.5
-111359	2.5
-112307	0.8
-111310	2.6
-111851	1.6
-111693	1.9
-111223	2.7
-112262	0.9
-112011	1.3
-111049	3.0
-112637	0.2
-111324	2.6
-111275	2.6
-112346	0.8
-111296	2.6
-111342	2.5
-112039	1.3
-111503	2.2
-111127	2.9
-112429	0.6
-111041	3.1
-111954	1.4
-112869	-0.2
-111343	2.5
-111668	2.0
-111774	1.8
-111271	2.7
-111947	1.5
-111712	1.9
-111587	2.1
-111712	1.9
-111877	1.6
-110826	3.4
-111574	2.1
-111549	2.2
-111173	2.8
-111667	2.0
-112089	1.2
-111397	2.4
-112008	1.4
-111898	1.5
-111232	2.7
-112245	0.9
-111514	2.2
-111045	3.1
-112222	1.0
-111697	1.9
-111577	2.1
-111778	1.8
-111722	1.9
-111542	2.2
-111881	1.6
-111803	1.7
-111619	2.0
-111765	1.8
-111774	1.8
-111487	2.3
-111840	1.6
-111342	2.5
-111094	3.0
-111761	1.8
-111249	2.7
-111369	2.5
-112429	0.6
-111881	1.6
-111553	2.2
-112203	1.0
-111582	2.1
-111787	1.7
-111690	1.9
-111254	2.7
-111430	2.4
-111853	1.6
-111067	3.0
-111359	2.5
-112310	0.8
-111097	3.0
-111791	1.7
-111534	2.2
-111346	2.5
-111926	1.5
-111917	1.5
-111265	2.7
-112105	1.2
-111956	1.4
-111370	2.5
-111436	2.4
-112249	0.9
-111950	1.5
-111841	1.6
-111757	1.8
-111700	1.9
-112303	0.8
-111529	2.2
-111917	1.5
-111771	1.8
-111574	2.1
-111673	1.9
-111801	1.7
-110970	3.2
-112064	1.3
-111711	1.9
-111356	2.5
-111843	1.6
-111730	1.8
-111346	2.5
-111403	2.4
-112058	1.3
-111705	1.9
-111717	1.9
-111703	1.9
-111402	2.4
-111643	2.0
-111383	2.5
-111031	3.1
-111523	2.2
-111596	2.1
-111451	2.3
-111396	2.4
-111580	2.1
-111332	2.5
-112020	1.3
-111776	1.8
-111878	1.6
-111419	2.4
-111844	1.6
-111319	2.6
-111677	1.9
-111773	1.8
-111544	2.2
-112297	0.8
-111827	1.7
-111665	2.0
-112050	1.3
-111721	1.9
-111883	1.6
-112120	1.2
-111520	2.2
-111837	1.7
-112167	1.1
-111273	2.7
-111714	1.9
-111692	1.9
-111626	2.0
-111104	2.9
-111599	2.1
-111158	2.9
-111805	1.7
-111811	1.7
-111532	2.2
-112106	1.2
-111853	1.6
-111460	2.3
-112410	0.6
-111662	2.0
-111343	2.5
-112086	1.2
-112301	0.8
-111326	2.6
-111892	1.6
-111474	2.3
-111489	2.3
-111663	2.0
-111162	2.8
-112006	1.4
-112263	0.9
-111917	1.5
-111883	1.6
-112159	1.1
-111465	2.3
-111506	2.2
-111767	1.8
-111026	3.1
-111888	1.6
-111888	1.6
-111674	1.9
-111263	2.7
-111713	1.9
-111119	2.9
-111350	2.5
-111823	1.7
-111791	1.7
-111836	1.7
-111581	2.1
-111362	2.5
-111753	1.8
-111986	1.4
-111473	2.3
-111780	1.8
-111830	1.7
-111296	2.6
-111956	1.4
-111790	1.7
-111499	2.3
-111826	1.7
-111790	1.7
-111413	2.4
-111842	1.6
-111426	2.4
-111668	2.0
-111961	1.4
-111441	2.4
-111067	3.0
-111535	2.2
-111906	1.5
-111436	2.4
-111949	1.5
-111606	2.1
-111464	2.3
-111694	1.9
-111559	2.1
-111671	1.9
-112110	1.2
-111816	1.7
-111366	2.5
-111886	1.6
-111319	2.6
-111563	2.1
-111946	1.5
-111605	2.1
-111869	1.6
-112318	0.8
-111495	2.3
-112113	1.2
-111466	2.3
-111718	1.9
-112249	0.9
-111580	2.1
-111320	2.6
-111738	1.8
-111534	2.2
-110951	3.2
-111652	2.0
-111542	2.2
-111783	1.7
-111672	1.9
-110926	3.3
-111322	2.6
-111896	1.6
-111393	2.4
-111934	1.5
-111624	2.0
-111372	2.5
-111870	1.6
-111247	2.7
-111828	1.7
-111325	2.6
-111882	1.6
-112175	1.1
-110992	3.1
-111821	1.7
-111517	2.2
-111943	1.5
-111705	1.9
-111481	2.3
-111422	2.4
-112134	1.1
-111793	1.7
-111361	2.5
-111881	1.6
-111864	1.6
-111178	2.8
-111405	2.4
-110885	3.3
-111920	1.5
-111218	2.7
-111836	1.7
-111290	2.6
-111325	2.6
-111812	1.7
-111617	2.0
-111659	2.0
-111577	2.1
-111667	2.0
-111382	2.5
-111520	2.2
-111848	1.6
-112047	1.3
-111914	1.5
-111545	2.2
-111958	1.4
-111636	2.0
-111482	2.3
-111791	1.7
-112037	1.3
-111702	1.9
-111222	2.7
-111405	2.4
-112008	1.4
-111644	2.0
-111928	1.5
-111189	2.8
-111855	1.6
-111771	1.8
-111417	2.4
-111586	2.1
-111541	2.2
-111721	1.9
-111795	1.7
-111397	2.4
-112009	1.4
-111968	1.4
-111726	1.9
-111491	2.3
-111730	1.8
-111379	2.5
-111890	1.6
-111479	2.3
-111459	2.3
-111563	2.1
-111755	1.8
-111628	2.0
-111738	1.8
-111707	1.9
-112022	1.3
-111365	2.5
-111859	1.6
-111173	2.8
-112095	1.2
-112134	1.1
-111965	1.4
-111254	2.7
-111452	2.3
-111467	2.3
-111983	1.4
-111793	1.7
-111522	2.2
-111852	1.6
-111303	2.6
-111300	2.6
-111840	1.6
-111784	1.7
-111753	1.8
-111579	2.1
-111715	1.9
-111843	1.6
-111922	1.5
-111956	1.4
-111577	2.1
-111400	2.4
-111453	2.3
-111168	2.8
-111868	1.6
-111994	1.4
-111673	1.9
-111392	2.4
-111306	2.6
-111790	1.7
-111621	2.0
-111890	1.6
-111148	2.9
-111779	1.8
-111600	2.1
-111877	1.6
-111635	2.0
-111755	1.8
-111810	1.7
-111520	2.2
-111355	2.5
-111333	2.5
-110697	3.7
-110390	4.2
-110273	4.4
-110587	3.9
-109859	5.1
-110023	4.9
-109364	6.0
-109491	5.8
-109501	5.8
-109191	6.3
-108494	7.6
-108220	8.0
-106493	11.1
-106466	11.1
-105414	13.0
-104830	14.0
-104099	15.3
-103770	15.9
-103298	16.7
-104031	15.4
-103596	16.2
-104690	14.3
-105721	12.5
-106285	11.5
-106527	11.0
-107442	9.4
-108395	7.7
-109765	5.3
-109733	5.4
-110754	3.6
-111013	3.1
-110594	3.8
-111409	2.4
-111963	1.4
-111404	2.4
-112012	1.3
-111304	2.6
-111109	2.9
-110955	3.2
-111045	3.1
-110862	3.4
-110641	3.8
-110450	4.1
-109379	6.0
-108411	7.7
-107992	8.4
-106727	10.7
-106790	10.6
-106571	11.0
-105127	13.5
-104825	14.0
-104241	15.1
-103172	17.0
-102363	18.4
-101927	19.2
-101526	19.9
-100120	22.3
-99928	22.7
-98971	24.4
-98076	25.9
-96801	28.2
-96309	29.1
-95002	31.4
-93991	33.2
-92836	35.2
-92255	36.2
-90853	38.7
-90509	39.3
-89083	41.8
-88261	43.3
-87182	45.2
-86875	45.7
-85741	47.7
-85263	48.6
-85047	49.0
-84433	50.0
-84571	49.8
-83892	51.0
-85253	48.6
-84727	49.5
-84512	49.9
-84300	50.3
-84886	49.2
-84379	50.1
-84054	50.7
-83431	51.8
-82093	54.2
-81696	54.9
-81127	55.9
-80779	56.5
-81146	55.8
-81040	56.0
-82304	53.8
-79190	59.3
-79697	58.4
-83575	51.6
-85024	49.0
-99253	23.9
-124313	-20.4
-108272	7.9
-103397	16.6
-124826	-21.3
-106430	11.2
-104729	14.2
-123374	-18.7
-104662	14.3
-106850	10.5
-123483	-18.9
-102538	18.1
-108796	7.0
-122846	-17.8
-102004	19.0
-111350	2.5
-121425	-15.3
-101212	20.4
-113129	-0.6
-119761	-12.3
-101023	20.7
-114998	-3.9
-118518	-10.1
-101730	19.5
-116703	-6.9
-116845	-7.2
-101487	19.9
-117408	-8.2
-114744	-3.5
-102263	18.6
-118878	-10.8
-113439	-1.2
-103168	17.0
-119184	-11.3
-111399	2.4
-104484	14.6
-120286	-13.3
-109374	6.0
-105843	12.2
-120169	-13.1
-108060	8.3
-107171	9.9
-120137	-13.0
-107008	10.2
-108249	8.0
-120075	-12.9
-106555	11.0
-109194	6.3
-119081	-11.1
-105914	12.1
-110998	3.1
-118017	-9.3
-104715	14.2
-113020	-0.4
-116932	-7.3
-104514	14.6
-114092	-2.3
-116316	-6.3
-104518	14.6
-114993	-3.9
-115441	-4.7
-105222	13.3
-115781	-5.3
-114235	-2.6
-105102	13.5
-116295	-6.2
-112800	-0.0
-105899	12.1
-117325	-8.0
-111479	2.3
-106332	11.4
-117116	-7.7
-110560	3.9
-107337	9.6
-116926	-7.3
-109935	5.0
-108239	8.0
-117132	-7.7
-108518	7.5
-109359	6.0
-117078	-7.6
-108204	8.1
-110179	4.6
-117023	-7.5
-108187	8.1
-111621	2.0
-115907	-5.5
-107736	8.9
-111615	2.0
-116047	-5.8
-106663	10.8
-112617	0.3
-115659	-5.1
-106910	10.4
-113006	-0.4
-114424	-2.9
-106470	11.1
-114247	-2.6
-113365	-1.0
-107340	9.6
-114772	-3.5
-112564	0.4
-107809	8.8
-115337	-4.5
-112120	1.2
-107974	8.5
-115216	-4.3
-111670	1.9
-108537	7.5
-115804	-5.3
-111052	3.0
-108575	7.4
-115336	-4.5
-109862	5.1
-108877	6.9
-115833	-5.4
-109384	6.0
-110031	4.8
-115266	-4.4
-108848	6.9
-109922	5.0
-115252	-4.4
-108731	7.1
-111382	2.5
-114956	-3.9
-108131	8.2
-111871	1.6
-114389	-2.9
-108091	8.3
-112751	0.0
-113818	-1.8
-107970	8.5
-113157	-0.7
-113643	-1.5
-108411	7.7
-113177	-0.7
-112432	0.6
-108617	7.3
-114009	-2.2
-111886	1.6
-108722	7.2
-114184	-2.5
-111385	2.5
-108696	7.2
-114727	-3.4
-111285	2.6
-109030	6.6
-114574	-3.2
-110417	4.2
-109814	5.2
-114238	-2.6
-110015	4.9
-110014	4.9
-114549	-3.1
-110229	4.5
-110365	4.3
-114770	-3.5
-109567	5.7
-111049	3.0
-113876	-1.9
-109542	5.7
-111413	2.4
-113814	-1.8
-109280	6.2
-111843	1.6
-113216	-0.8
-109099	6.5
-112624	0.3
-112862	-0.2
-109551	5.7
-112553	0.4
-113605	-1.5
-109513	5.8
-113749	-1.7
-112377	0.7
-109320	6.1
-113205	-0.8
-111854	1.6
-109770	5.3
-113472	-1.2
-111518	2.2
-109261	6.2
-113413	-1.1
-111375	2.5
-110197	4.5
-113779	-1.8
-110787	3.5
-110261	4.4
-113651	-1.5
-110698	3.7
-110790	3.5
-113191	-0.7
-109962	5.0
-111026	3.1
-113474	-1.2
-110118	4.7
-111445	2.3
-113339	-1.0
-109848	5.2
-111427	2.4
-113544	-1.4
-109799	5.3
-112422	0.6
-113648	-1.5
-110013	4.9
-112340	0.8
-112935	-0.3
-109941	5.0
-111667	2.0
-112330	0.8
-109970	5.0
-113065	-0.5
-111957	1.4
-109791	5.3
-113023	-0.4
-111296	2.6
-110309	4.4
-112848	-0.1
-112135	1.1
-111035	3.1
-113439	-1.2
-111412	2.4
-110691	3.7
-113144	-0.7
-111407	2.4
-111068	3.0
-112998	-0.4
-110497	4.0
-111570	2.1
-113436	-1.2
-110958	3.2
-111135	2.9
-112455	0.6
-110191	4.6
-111703	1.9
-112955	-0.3
-110362	4.3
-111197	2.8
-112707	0.1
-110337	4.3
-112468	0.5
-111961	1.4
-109827	5.2
-112740	0.1
-112084	1.2
-110495	4.0
-112120	1.2
-111720	1.9
-110183	4.6
-111889	1.6
-112441	0.6
-110207	4.5
-112827	-0.1
-111684	1.9
-111448	2.3
-112883	-0.2
-111456	2.3
-110959	3.2
-112911	-0.2
-111208	2.8
-110492	4.0
-112516	0.5
-110912	3.3
-111246	2.7
-112663	0.2
-111219	2.7
-111276	2.6
-112430	0.6
-110499	4.0
-111226	2.7
-112829	-0.1
-110740	3.6
-111434	2.4
-112662	0.2
-110281	4.4
-111281	2.6
-112353	0.7
-110670	3.7
-112274	0.9
-112066	1.3
-110336	4.3
-111550	2.2
-111489	2.3
-110554	3.9
-112255	0.9
-112154	1.1
-110666	3.7
-112253	0.9
-112115	1.2
-110601	3.8
-112275	0.9
-111598	2.1
-111010	3.1
-112776	-0.0
-111285	2.6
-110529	4.0
-113045	-0.5
-111144	2.9
-110485	4.0
-112767	0.0
-111014	3.1
-111074	3.0
-112590	0.3
-111265	2.7
-111416	2.4
-112288	0.9
-111052	3.0
-112031	1.3
-112439	0.6
-110784	3.5
-112291	0.9
-111705	1.9
-110543	3.9
-111661	2.0
-110944	3.2
-111191	2.8
-112095	1.2
-112187	1.0
-110760	3.6
-112516	0.5
-111624	2.0
-110893	3.3
-111971	1.4
-111664	2.0
-111239	2.7
-111936	1.5
-112040	1.3
-110680	3.7
-112247	0.9
-111959	1.4
-110873	3.4
-112283	0.9
-111317	2.6
-111056	3.0
-112685	0.2
-111557	2.1
-111406	2.4
-112188	1.0
-110918	3.3
-111824	1.7
-112116	1.2
-111052	3.0
-111491	2.3
-112114	1.2
-111055	3.0
-111669	2.0
-112121	1.2
-111318	2.6
-111852	1.6
-112516	0.5
-110805	3.5
-111641	2.0
-111679	1.9
-111022	3.1
-111817	1.7
-111579	2.1
-110970	3.2
-112033	1.3
-112375	0.7
-111114	2.9
-111783	1.7
-111969	1.4
-111043	3.1
-112503	0.5
-111504	2.2
-111488	2.3
-111942	1.5
-111508	2.2
-111371	2.5
-112412	0.6
-111869	1.6
-111226	2.7
-111901	1.5
-110934	3.2
-111134	2.9
-112176	1.1
-111077	3.0
-111194	2.8
-112149	1.1
-111478	2.3
-111361	2.5
-112082	1.2
-111204	2.8
-111687	1.9
-111966	1.4
-111095	3.0
-111773	1.8
-112165	1.1
-111046	3.1
-112168	1.1
-111828	1.7
-110899	3.3
-112196	1.0
-111579	2.1
-111312	2.6
-112040	1.3
-110921	3.3
-111205	2.8
-111620	2.0
-111196	2.8
-111479	2.3
-112193	1.0
-111613	2.0
-111504	2.2
-111755	1.8
-111655	2.0
-112018	1.3
-112276	0.9
-111313	2.6
-111956	1.4
-111823	1.7
-111615	2.0
-111457	2.3
-111221	2.7
-111842	1.6
-111336	2.5
-111608	2.1
-111185	2.8
-112071	1.2
-111605	2.1
-111784	1.7
-111905	1.5
-111638	2.0
-111299	2.6
-111665	2.0
-111467	2.3
-111062	3.0
-112009	1.4
-111660	2.0
-111514	2.2
-111945	1.5
-111944	1.5
-111093	3.0
-111823	1.7
-111228	2.7
-111811	1.7
-111828	1.7
-111184	2.8
-111708	1.9
-111742	1.8
-111703	1.9
-111897	1.5
-111915	1.5
-112085	1.2
-111600	2.1
-111592	2.1
-111855	1.6
-111427	2.4
-111633	2.0
-111260	2.7
-111790	1.7
-111339	2.5
-112224	1.0
-111685	1.9
-111878	1.6
-111746	1.8
-111266	2.7
-112050	1.3
-111440	2.4
-111686	1.9
-111693	1.9
-111381	2.5
-111223	2.7
-111212	2.8
-111223	2.7
-112058	1.3
-111317	2.6
-111655	2.0
-112558	0.4
-111439	2.4
-111667	2.0
-111646	2.0
-111781	1.8
-111363	2.5
-112022	1.3
-111332	2.5
-112240	0.9
-111992	1.4
-111982	1.4
-111283	2.6
-111710	1.9
-111628	2.0
-111525	2.2
-112352	0.7
-111487	2.3
-111414	2.4
-112064	1.3
-111240	2.7
-111224	2.7
-111334	2.5
-111286	2.6
-112020	1.3
-111532	2.2
-111397	2.4
-111986	1.4
-111802	1.7
-110758	3.6
-111530	2.2
-111606	2.1
-111843	1.6
-111263	2.7
-111713	1.9
-110728	3.6
-111714	1.9
-111218	2.7
-111137	2.9
-111804	1.7
-111991	1.4
-112050	1.3
-112018	1.3
-111663	2.0
-111391	2.4
-111779	1.8
-111804	1.7
-111379	2.5
-111519	2.2
-111800	1.7
-111748	1.8
-112206	1.0
-112073	1.2
-111216	2.8
-111595	2.1
-111962	1.4
-111477	2.3
-110961	3.2
-111433	2.4
-111691	1.9
-111818	1.7
-111476	2.3
-111546	2.2
-111451	2.3
-111663	2.0
-112000	1.4
-111803	1.7
-111623	2.0
-110962	3.2
-111364	2.5
-112028	1.3
-112040	1.3
-111823	1.7
-111374	2.5
-111481	2.3
-111492	2.3
-111705	1.9
-112323	0.8
-111595	2.1
-111441	2.4
-111815	1.7
-111158	2.9
-111459	2.3
-111884	1.6
-110982	3.2
-111548	2.2
-111596	2.1
-111092	3.0
-111876	1.6
-111525	2.2
-111904	1.5
-111471	2.3
-111979	1.4
-111669	2.0
-111241	2.7
-111421	2.4
-111545	2.2
-112421	0.6
-111461	2.3
-111578	2.1
-111892	1.6
-111874	1.6
-111365	2.5
-111430	2.4
-110999	3.1
-112072	1.2
-111322	2.6
-111635	2.0
-111517	2.2
-111421	2.4
-112037	1.3
-111644	2.0
-111942	1.5
-111411	2.4
-111402	2.4
-111556	2.2
-111479	2.3
-111776	1.8
-111566	2.1
-111528	2.2
-111574	2.1
-111752	1.8
-111303	2.6
-111370	2.5
-111773	1.8
-111635	2.0
-111119	2.9
-111744	1.8
-111736	1.8
-111862	1.6
-111498	2.3
-111279	2.6
-112039	1.3
-111577	2.1
-111522	2.2
-111715	1.9
-111897	1.5
-111561	2.1
-111501	2.2
-111943	1.5
-111373	2.5
-111354	2.5
-112122	1.2
-111886	1.6
-111151	2.9
-111720	1.9
-111563	2.1
-111838	1.7
-111479	2.3
-111859	1.6
-111910	1.5
-111484	2.3
-111327	2.6
-111658	2.0
-111760	1.8
-111649	2.0
-111965	1.4
-111670	1.9
-111223	2.7
-111568	2.1
-111927	1.5
-111961	1.4
-111807	1.7
-111792	1.7
-111859	1.6
-111009	3.1
-111180	2.8
-111093	3.0
-111599	2.1
-111896	1.6
-111098	3.0
-111636	2.0
-111436	2.4
-111428	2.4
-112072	1.2
-111421	2.4
-112282	0.9
-111540	2.2
-111861	1.6
-111973	1.4
-111578	2.1
-111727	1.8
-111005	3.1
-111842	1.6
-111719	1.9
-111547	2.2
-111670	1.9
-111987	1.4
-112268	0.9
-111645	2.0
-110827	3.4
-111485	2.3
-111856	1.6
-111914	1.5
-111410	2.4
-111265	2.7
-111473	2.3
-111688	1.9
-111246	2.7
-111295	2.6
-111870	1.6
-111489	2.3
-111521	2.2
-111963	1.4
-111734	1.8
-112134	1.1
-111390	2.4
-112081	1.2
-111843	1.6
-111893	1.6
-111439	2.4
-111556	2.2
-111923	1.5
-111868	1.6
-111328	2.6
-111911	1.5
-111514	2.2
-111834	1.7
-111629	2.0
-111187	2.8
-111917	1.5
-112234	1.0
-111681	1.9
-111194	2.8
-111530	2.2
-111908	1.5
-112002	1.4
-111590	2.1
-111553	2.2
-111194	2.8
-111853	1.6
-111615	2.0
-111888	1.6
-111880	1.6
-111926	1.5
-111710	1.9
-111907	1.5
-111150	2.9
-111756	1.8
-111667	2.0
-111935	1.5
-111669	2.0
-111673	1.9
-112080	1.2
-111554	2.2
-111825	1.7
-111270	2.7
-111661	2.0
-111620	2.0
-111429	2.4
-111923	1.5
-111530	2.2
-111931	1.5
-111888	1.6
-111914	1.5
-111539	2.2
-111893	1.6
-111781	1.8
-111610	2.1
-111781	1.8
-111147	2.9
-111775	1.8
-111770	1.8
-111856	1.6
-111669	2.0
-111617	2.0
-111647	2.0
-111713	1.9
-111309	2.6
-111663	2.0
-111642	2.0
-111876	1.6
-111690	1.9
-111561	2.1
-111516	2.2
-111653	2.0
-111906	1.5
-111398	2.4
-111667	2.0
-111798	1.7
-112594	0.3
-111863	1.6
-111940	1.5
-111603	2.1
-111889	1.6
-111491	2.3
-111964	1.4
-111749	1.8
-111750	1.8
-111657	2.0
-111693	1.9
-111656	2.0
-111786	1.7
-111729	1.8
-111717	1.9
-111368	2.5
-111755	1.8
-111575	2.1
-111519	2.2
-111311	2.6
-111757	1.8
-111719	1.9
-111386	2.5
-111602	2.1
-112076	1.2
-111759	1.8
-111375	2.5
-111603	2.1
-111823	1.7
-111907	1.5
-111190	2.8
-111542	2.2
-112031	1.3
-111192	2.8
-111877	1.6
-111440	2.4
-111609	2.1
-111471	2.3
-112075	1.2
-111793	1.7
-111136	2.9
-111178	2.8
-111096	3.0
-111488	2.3
-111970	1.4
-111719	1.9
-112334	0.8
-112046	1.3
-111387	2.4
-111268	2.7
-111376	2.5
-112314	0.8
-111973	1.4
-110894	3.3
-111906	1.5
-111808	1.7
-111589	2.1
-111572	2.1
-111732	1.8
-111877	1.6
-111771	1.8
-111559	2.1
-111743	1.8
-111790	1.7
-111697	1.9
-111944	1.5
-111513	2.2
-111740	1.8
-111649	2.0
-111540	2.2
-111787	1.7
-111587	2.1
-111787	1.7
-111707	1.9
-111427	2.4
-111518	2.2
-111165	2.8
-111304	2.6
-111918	1.5
-111349	2.5
-111248	2.7
-111883	1.6
-112164	1.1
-111863	1.6
-112142	1.1
-111637	2.0
-111517	2.2
-111949	1.5
-111547	2.2
-111601	2.1
-111904	1.5
-111643	2.0
-111493	2.3
-111288	2.6
-112096	1.2
-111886	1.6
-111410	2.4
-111444	2.3
-111860	1.6
-111484	2.3
-111591	2.1
-111901	1.5
-111290	2.6
-111647	2.0
-111843	1.6
-111501	2.2
-111481	2.3
-111473	2.3
-111192	2.8
-111312	2.6
-112283	0.9
-111847	1.6
-111676	1.9
-111647	2.0
-112004	1.4
-111424	2.4
-111817	1.7
-111774	1.8
-111513	2.2
-111504	2.2
-111482	2.3
-111280	2.6
-111135	2.9
-110997	3.1
-111697	1.9
-111477	2.3
-111509	2.2
-111348	2.5
-111616	2.0
-111871	1.6
-111526	2.2
-111152	2.9
-111440	2.4
-111815	1.7
-110979	3.2
-111211	2.8
-111801	1.7
-111891	1.6
-112086	1.2
-111563	2.1
-111253	2.7
-111724	1.9
-111996	1.4
-111805	1.7
-111651	2.0
-111284	2.6
-111953	1.4
-111323	2.6
-111442	2.4
-111655	2.0
-112026	1.3
-111565	2.1
-111265	2.7
-111606	2.1
-111486	2.3
-111879	1.6
-112067	1.2
-111612	2.1
-111756	1.8
-112136	1.1
-111712	1.9
-111340	2.5
-111326	2.6
-111806	1.7
-111102	3.0
-111958	1.4
-112012	1.3
-111672	1.9
-111266	2.7
-111963	1.4
-111528	2.2
-112310	0.8
-111341	2.5
-111755	1.8
-111551	2.2
-111705	1.9
-111666	2.0
-111213	2.8
-111483	2.3
-111859	1.6
-111274	2.6
-111898	1.5
-112252	0.9
-111972	1.4
-111678	1.9
-111456	2.3
-111662	2.0
-111485	2.3
-111576	2.1
-111531	2.2
-111558	2.1
-111591	2.1
-111288	2.6
-112018	1.3
-111541	2.2
-111780	1.8
-111784	1.7
-111400	2.4
-111389	2.4
-111617	2.0
-111279	2.6
-112205	1.0
-111842	1.6
-111222	2.7
-111459	2.3
-111421	2.4
-111811	1.7
-111614	2.0
-111281	2.6
-111684	1.9
-111580	2.1
-111502	2.2
-111460	2.3
-111649	2.0
-111987	1.4
-112082	1.2
-111650	2.0
-111567	2.1
-111320	2.6
-111442	2.4
-112246	0.9
-111710	1.9
-112003	1.4
-111438	2.4
-111555	2.2
-111664	2.0
-111343	2.5
-111761	1.8
-111760	1.8
-111988	1.4
-112131	1.1
-111241	2.7
-111338	2.5
-111767	1.8
-111208	2.8
-111555	2.2
-111235	2.7
-111673	1.9
-111223	2.7
-111306	2.6
-111878	1.6
-111758	1.8
-111642	2.0
-112147	1.1
-111265	2.7
-111160	2.8
-111932	1.5
-111649	2.0
-111476	2.3
-111963	1.4
-111630	2.0
-111809	1.7
-111416	2.4
-112151	1.1
-112163	1.1
-111335	2.5
-111114	2.9
-111350	2.5
-111599	2.1
-110903	3.3
-111852	1.6
-111316	2.6
-111941	1.5
-111800	1.7
-111540	2.2
-111472	2.3
-111527	2.2
-111748	1.8
-111603	2.1
-111585	2.1
-111725	1.9
-112042	1.3
-111502	2.2
-112039	1.3
-111470	2.3
-111696	1.9
-111721	1.9
-111604	2.1
-111605	2.1
-112317	0.8
-111328	2.6
-111267	2.7
-112068	1.2
-111498	2.3
-111607	2.1
-111943	1.5
-111592	2.1
-112051	1.3
-111637	2.0
-111548	2.2
-111205	2.8
-111516	2.2
-111723	1.9
-111207	2.8
-111220	2.7
-111555	2.2
-111253	2.7
-111800	1.7
-111552	2.2
-112023	1.3
-112303	0.8
-111728	1.8
-111781	1.8
-111801	1.7
-111732	1.8
-112004	1.4
-111761	1.8
-111495	2.3
-111601	2.1
-111895	1.6
-111680	1.9
-112060	1.3
-111806	1.7
-111543	2.2
-111364	2.5
-111946	1.5
-111854	1.6
-111553	2.2
-111881	1.6
-112174	1.1
-111494	2.3
-111653	2.0
-111468	2.3
-111396	2.4
-111812	1.7
-111750	1.8
-111449	2.3
-111978	1.4
-111139	2.9
-111532	2.2
-111348	2.5
-111955	1.4
-111354	2.5
-111282	2.6
-111676	1.9
-111400	2.4
-111483	2.3
-111793	1.7
-112198	1.0
-111255	2.7
-111586	2.1
-111473	2.3
-111904	1.5
-111659	2.0
-111338	2.5
-111763	1.8
-111836	1.7
-112127	1.1
-111269	2.7
-111714	1.9
-111576	2.1
-111387	2.4
-111117	2.9
-111113	2.9
-111732	1.8
-111676	1.9
-111591	2.1
-112050	1.3
-111754	1.8
-111445	2.3
-111956	1.4
-111870	1.6
-111471	2.3
-111414	2.4
-111604	2.1
-111850	1.6
-111925	1.5
-111736	1.8
-111370	2.5
-111587	2.1
-111516	2.2
-112372	0.7
-111348	2.5
-111371	2.5
-111720	1.9
-111883	1.6
-111742	1.8
-111721	1.9
-111683	1.9
-111678	1.9
-111828	1.7
-111262	2.7
-111422	2.4
-111707	1.9
-111872	1.6
-111424	2.4
-111605	2.1
-111498	2.3
-111511	2.2
-111481	2.3
-111261	2.7
-111842	1.6
-111501	2.2
-111989	1.4
-111767	1.8
-111900	1.5
-112045	1.3
-111460	2.3
-111823	1.7
-111685	1.9
-111755	1.8
-111791	1.7
-111910	1.5
-112034	1.3
-111352	2.5
-111746	1.8
-111727	1.8
-111689	1.9
-111788	1.7
-112061	1.3
-111491	2.3
-111860	1.6
-111786	1.7
-111702	1.9
-111346	2.5
-111868	1.6
-111858	1.6
-111715	1.9
-111679	1.9
-111747	1.8
-111081	3.0
-111521	2.2
-111754	1.8
-111358	2.5
-111272	2.7
-105058	13.6
-101113	20.6
-102243	18.6
-100800	21.1
-100854	21.0
-101204	20.4
-100237	22.1
-99211	23.9
-98367	25.4
-98072	26.0
-96675	28.4
-96196	29.3
-95528	30.4
-94453	32.3
-94414	32.4
-94668	32.0
-93731	33.6
-94201	32.8
-93629	33.8
-93230	34.5
-93107	34.7
-92941	35.0
-92186	36.3
-91441	37.7
-91405	37.7
-90834	38.7
-90255	39.8
-90093	40.0
-88605	42.7
-88595	42.7
-87684	44.3
-87444	44.7
-86972	45.6
-87247	45.1
-87094	45.3
-86575	46.3
-86279	46.8
-86672	46.1
-85920	47.4
-85181	48.7
-84243	50.4
-84392	50.1
-83930	50.9
-82857	52.8
-82055	54.2
-81083	56.0
-80651	56.7
-79813	58.2
-79036	59.6
-78419	60.7
-77749	61.8
-77227	62.8
-76337	64.3
-75680	65.5
-74717	67.2
-74338	67.9
-73691	69.0
-73163	69.9
-72789	70.6
-72391	71.3
-71294	73.2
-71496	72.9
-70264	75.1
-70336	74.9
-69085	77.1
-68847	77.6
-68193	78.7
-68142	78.8
-67260	80.4
-66539	81.6
-65901	82.8
-65260	83.9
-64661	84.9
-64034	86.1
-63401	87.2
-62562	88.7
-62741	88.3
-62100	89.5
-61575	90.4
-61339	90.8
-62193	89.3
-60735	91.9
-62334	89.1
-62413	88.9
-65395	83.6
-65768	83.0
-68471	78.2
-74520	67.5
-95065	31.3
-126406	-24.1
-108650	7.3
-100321	22.0
-127364	-25.8
-106139	11.7
-102575	18.0
-127224	-25.5
-104152	15.2
-105075	13.6
-126428	-24.1
-102185	18.7
-107006	10.2
-125500	-22.5
-101229	20.4
-109433	5.9
-123639	-19.2
-100013	22.5
-112364	0.7
-122593	-17.3
-99076	24.2
-114612	-3.2
-120928	-14.4
-98761	24.7
-116649	-6.8
-118556	-10.2
-99031	24.3
-117418	-8.2
-116344	-6.3
-99938	22.7
-119433	-11.8
-114590	-3.2
-101023	20.7
-121064	-14.6
-113015	-0.4
-101812	19.4
-121512	-15.4
-110322	4.3
-103138	17.0
-122159	-16.6
-109001	6.7
-104498	14.6
-121719	-15.8
-107213	9.8
-106307	11.4
-121817	-16.0
-106040	11.9
-107671	9.0
-121166	-14.8
-104603	14.4
-110210	4.5
-119906	-12.6
-103961	15.6
-111527	2.2
-119124	-11.2
-103331	16.7
-113169	-0.7
-117289	-8.0
-103369	16.6
-114505	-3.1
-116859	-7.2
-103130	17.0
-115496	-4.8
-115394	-4.6
-103916	15.6
-116766	-7.0
-113946	-2.1
-104243	15.1
-117605	-8.5
-112335	0.8
-104509	14.6
-118128	-9.5
-111723	1.9
-105548	12.8
-118351	-9.8
-110050	4.8
-106429	11.2
-118374	-9.9
-109119	6.5
-107287	9.7
-118488	-10.1
-108332	7.8
-108607	7.4
-118509	-10.1
-107299	9.7
-109983	4.9
-117671	-8.6
-106408	11.2
-110775	3.5
-117249	-7.9
-106282	11.5
-111813	1.7
-116723	-7.0
-106052	11.9
-112892	-0.2
-115298	-4.5
-105768	12.4
-113491	-1.3
-115288	-4.4
-106524	11.0
-115052	-4.0
-113691	-1.6
-106438	11.2
-115954	-5.6
-112894	-0.2
-106817	10.5
-115712	-5.2
-112219	1.0
-106717	10.7
-115816	-5.4
-111359	2.5
-107986	8.5
-116475	-6.5
-110605	3.8
-108155	8.2
-116164	-6.0
-109622	5.6
-109202	6.3
-116881	-7.3
-109317	6.1
-109550	5.7
-116109	-5.9
-108180	8.1
-110688	3.7
-116042	-5.8
-108146	8.2
-111023	3.1
-114981	-3.9
-107374	9.5
-112411	0.6
-114991	-3.9
-107563	9.2
-113068	-0.5
-113871	-1.9
-107186	9.9
-113455	-1.2
-113212	-0.8
-107965	8.5
-114256	-2.6
-113134	-0.6
-107790	8.8
-114283	-2.7
-112467	0.5
-108285	7.9
-114970	-3.9
-111913	1.5
-108617	7.3
-114543	-3.1
-111006	3.1
-108763	7.1
-115233	-4.3
-110597	3.8
-109571	5.7
-115171	-4.2
-109542	5.7
-109590	5.6
-114963	-3.9
-109801	5.2
-111114	2.9
-114641	-3.3
-109408	5.9
-110861	3.4
-113989	-2.1
-109274	6.2
-111736	1.8
-114660	-3.3
-108823	7.0
-112636	0.2
-113517	-1.3
-108782	7.0
-112694	0.1
-113815	-1.8
-108874	6.9
-113152	-0.7
-113178	-0.7
-108590	7.4
-113196	-0.7
-112444	0.6
-108875	6.9
-113750	-1.7
-111784	1.7
-109055	6.6
-113658	-1.6
-111699	1.9
-109512	5.8
-113941	-2.1
-110677	3.7
-109678	5.5
-114704	-3.4
-110772	3.5
-109579	5.6
-114193	-2.5
-110494	4.0
-110836	3.4
-114165	-2.5
-110138	4.7
-111251	2.7
-113883	-2.0
-109772	5.3
-111071	3.0
-113498	-1.3
-109630	5.6
-111628	2.0
-112905	-0.2
-109876	5.1
-112387	0.7
-112986	-0.4
-109510	5.8
-112565	0.4
-113047	-0.5
-109792	5.3
-113012	-0.4
-112516	0.5
-109770	5.3
-113196	-0.7
-112345	0.8
-109500	5.8
-113380	-1.1
-111930	1.5
-110088	4.7
-113692	-1.6
-111625	2.0
-109922	5.0
-112891	-0.2
-110936	3.2
-110818	3.5
-113357	-1.0
-110048	4.8
-110681	3.7
-113482	-1.3
-110471	4.1
-110866	3.4
-113392	-1.1
-110461	4.1
-111629	2.0
-113099	-0.6
-109991	4.9
-111456	2.3
-113178	-0.7
-110544	3.9
-111704	1.9
-112475	0.5
-109905	5.1
-112499	0.5
-112581	0.3
-110208	4.5
-112052	1.3
-112001	1.4
-109938	5.0
-112374	0.7
-111789	1.7
-109887	5.1
-112947	-0.3
-111886	1.6
-110553	3.9
-112602	0.3
-111531	2.2
-110579	3.9
-113140	-0.6
-111513	2.2
-110682	3.7
-113212	-0.8
-110935	3.2
-110401	4.2
-112918	-0.3
-111490	2.3
-111624	2.0
-113431	-1.2
-110622	3.8
-111313	2.6
-112542	0.4
-110420	4.2
-111530	2.2
-112689	0.2
-110786	3.5
-111776	1.8
-112538	0.4
-110643	3.8
-111626	2.0
-112347	0.8
-110639	3.8
-112022	1.3
-111712	1.9
-110570	3.9
-112204	1.0
-111839	1.7
-111125	2.9
-112406	0.6
-111794	1.7
-110731	3.6
-112503	0.5
-111842	1.6
-110729	3.6
-112404	0.7
-111843	1.6
-111460	2.3
-113038	-0.5
-111154	2.9
-110926	3.3
-112337	0.8
-111094	3.0
-111483	2.3
-112642	0.2
-111107	2.9
-111352	2.5
-112783	-0.0
-111470	2.3
-111809	1.7
-112737	0.1
-110645	3.8
-111747	1.8
-112128	1.1
-110533	4.0
-111991	1.4
-112475	0.5
-110536	4.0
-111709	1.9
-111918	1.5
-110541	3.9
-112174	1.1
-112521	0.4
-111178	2.8
-112194	1.0
-112059	1.3
-110770	3.5
-112591	0.3
-111357	2.5
-111336	2.5
-112260	0.9
-112085	1.2
-110555	3.9
-112682	0.2
-111584	2.1
-111136	2.9
-112565	0.4
-111434	2.4
-111512	2.2
-112596	0.3
-111250	2.7
-111721	1.9
-111443	2.3
-111304	2.6
-111442	2.4
-111974	1.4
-110845	3.4
-111473	2.3
-112329	0.8
-111300	2.6
-111218	2.7
-112511	0.5
-111452	2.3
-112011	1.3
-111853	1.6
-110968	3.2
-111832	1.7
-111345	2.5
-110810	3.5
-111449	2.3
-111896	1.6
-110958	3.2
-112576	0.3
-111670	1.9
-111331	2.5
-112122	1.2
-111399	2.4
-111001	3.1
-112446	0.6
-111213	2.8
-111967	1.4
-112331	0.8
-111287	2.6
-111438	2.4
-111935	1.5
-111543	2.2
-111337	2.5
-112705	0.1
-110811	3.5
-111227	2.7
-112191	1.0
-111249	2.7
-111463	2.3
-111814	1.7
-111316	2.6
-111594	2.1
-112011	1.3
-111659	2.0
-112145	1.1
-112344	0.8
-111340	2.5
-112299	0.8
-111595	2.1
-111546	2.2
-111783	1.7
-112242	0.9
-111377	2.5
-111883	1.6
-112045	1.3
-111335	2.5
-112129	1.1
-111737	1.8
-111795	1.7
-112334	0.8
-111332	2.5
-111242	2.7
-112569	0.4
-111891	1.6
-111889	1.6
-112345	0.8
-111194	2.8
-111329	2.6
-112339	0.8
-111931	1.5
-111502	2.2
-111863	1.6
-111247	2.7
-111442	2.4
-112675	0.2
-111934	1.5
-111886	1.6
-112365	0.7
-111029	3.1
-111012	3.1
-111964	1.4
-111370	2.5
-111325	2.6
-111943	1.5
-111204	2.8
-111773	1.8
-111750	1.8
-111161	2.8
-111861	1.6
-112189	1.0
-111478	2.3
-111441	2.4
-111741	1.8
-111661	2.0
-111695	1.9
-111324	2.6
-111455	2.3
-111643	2.0
-111613	2.0
-111908	1.5
-111867	1.6
-111044	3.1
-111801	1.7
-111755	1.8
-111905	1.5
-111222	2.7
-111864	1.6
-111553	2.2
-111366	2.5
-112033	1.3
-111285	2.6
-111155	2.9
-111556	2.2
-111129	2.9
-111544	2.2
-112282	0.9
-111817	1.7
-111845	1.6
-112342	0.8
-111387	2.4
-112160	1.1
-111124	2.9
-110921	3.3
-111507	2.2
-111529	2.2
-110912	3.3
-111859	1.6
-112117	1.2
-111749	1.8
-111994	1.4
-111570	2.1
-111137	2.9
-111927	1.5
-111735	1.8
-111695	1.9
-112212	1.0
-111827	1.7
-111456	2.3
-111539	2.2
-112007	1.4
-111673	1.9
-112143	1.1
-111270	2.7
-111442	2.4
-111613	2.0
-111260	2.7
-111128	2.9
-111230	2.7
-111378	2.5
-111892	1.6
-111564	2.1
-111738	1.8
-111887	1.6
-111505	2.2
-111127	2.9
-112367	0.7
-111478	2.3
-111230	2.7
-111633	2.0
-111673	1.9
-111551	2.2
-111764	1.8
-111814	1.7
-111322	2.6
-111521	2.2
-111261	2.7
-111165	2.8
-111585	2.1
-111435	2.4
-111198	2.8
-111915	1.5
-111250	2.7
-111399	2.4
-111694	1.9
-111751	1.8
-111227	2.7
-111717	1.9
-111741	1.8
-111238	2.7
-111659	2.0
-112119	1.2
-111822	1.7
-112081	1.2
-111479	2.3
-111873	1.6
-111537	2.2
-111347	2.5
-111862	1.6
-111342	2.5
-111438	2.4
-111195	2.8
-111447	2.3
-111341	2.5
-111460	2.3
-112026	1.3
-111314	2.6
-111669	2.0
-111895	1.6
-111233	2.7
-111404	2.4
-111667	2.0
-111264	2.7
-111762	1.8
-111632	2.0
-111825	1.7
-111726	1.9
-111195	2.8
-110956	3.2
-111692	1.9
-111674	1.9
-111740	1.8
-112018	1.3
-111578	2.1
-111229	2.7
-111771	1.8
-111112	2.9
-111513	2.2
-111707	1.9
-112133	1.1
-112038	1.3
-111981	1.4
-111631	2.0
-111886	1.6
-111506	2.2
-111504	2.2
-111255	2.7
-111392	2.4
-111554	2.2
-111678	1.9
-111514	2.2
-111984	1.4
-111400	2.4
-111914	1.5
-111186	2.8
-111670	1.9
-111510	2.2
-111254	2.7
-111497	2.3
-111359	2.5
-111487	2.3
-111449	2.3
-111801	1.7
-111117	2.9
-111199	2.8
-111280	2.6
-111828	1.7
-111895	1.6
-111859	1.6
-111232	2.7
-112049	1.3
-112276	0.9
-111442	2.4
-111704	1.9
-111388	2.4
-112157	1.1
-111651	2.0
-111183	2.8
-111510	2.2
-111582	2.1
-111362	2.5
-111773	1.8
-111441	2.4
-111060	3.0
-111645	2.0
-111923	1.5
-112136	1.1
-111514	2.2
-112152	1.1
-111624	2.0
-111606	2.1
-111327	2.6
-111435	2.4
-111852	1.6
-111642	2.0
-111577	2.1
-111838	1.7
-111718	1.9
-111500	2.2
-111785	1.7
-111761	1.8
-111107	2.9
-111873	1.6
-111672	1.9
-111629	2.0
-111463	2.3
-111515	2.2
-111612	2.1
-111604	2.1
-111952	1.5
-111496	2.3
-111613	2.0
-111652	2.0
-111746	1.8
-111659	2.0
-111903	1.5
-111688	1.9
-111398	2.4
-111302	2.6
-111563	2.1
-111896	1.6
-111820	1.7
-111532	2.2
-111889	1.6
-111885	1.6
-111882	1.6
-111683	1.9
-111586	2.1
-111835	1.7
-112220	1.0
-111975	1.4
-111611	2.1
-111559	2.1
-111771	1.8
-111518	2.2
-111492	2.3
-111537	2.2
-111989	1.4
-111690	1.9
-112005	1.4
-111664	2.0
-111347	2.5
-111469	2.3
-111734	1.8
-111697	1.9
-111122	2.9
-111942	1.5
-111520	2.2
-111631	2.0
-111754	1.8
-111547	2.2
-111515	2.2
-111336	2.5
-111578	2.1
-111651	2.0
-112030	1.3
-111584	2.1
-111576	2.1
-111476	2.3
-112175	1.1
-112042	1.3
-111774	1.8
-111560	2.1
-111571	2.1
-111961	1.4
-111468	2.3
-111956	1.4
-111355	2.5
-111248	2.7
-111130	2.9
-112037	1.3
-111490	2.3
-111709	1.9
-111483	2.3
-111460	2.3
-111642	2.0
-111721	1.9
-111371	2.5
-112074	1.2
-111669	2.0
-111991	1.4
-111821	1.7
-111471	2.3
-111334	2.5
-111764	1.8
-112079	1.2
-112076	1.2
-111516	2.2
-111228	2.7
-111077	3.0
-112246	0.9
-111664	2.0
-111097	3.0
-111368	2.5
-111336	2.5
-111077	3.0
-111715	1.9
-111774	1.8
-111513	2.2
-111593	2.1
-111577	2.1
-112358	0.7
-111893	1.6
-111341	2.5
-111559	2.1
-111857	1.6
-111633	2.0
-111347	2.5
-111614	2.0
-111323	2.6
-112184	1.0
-111386	2.5
-112152	1.1
-111617	2.0
-111832	1.7
-111191	2.8
-111790	1.7
-112093	1.2
-111350	2.5
-111625	2.0
-111812	1.7
-112055	1.3
-111447	2.3
-111851	1.6
-111655	2.0
-111801	1.7
-111517	2.2
-111582	2.1
-111561	2.1
-111982	1.4
-111534	2.2
-111076	3.0
-111348	2.5
-112010	1.3
-111420	2.4
-111701	1.9
-111649	2.0
-111248	2.7
-111467	2.3
-111755	1.8
-111541	2.2
-111695	1.9
-111864	1.6
-111823	1.7
-111713	1.9
-111644	2.0
-111693	1.9
-111649	2.0
-111541	2.2
-111782	1.8
-111532	2.2
-111661	2.0
-111398	2.4
-111541	2.2
-111796	1.7
-111510	2.2
-111830	1.7
-111832	1.7
-111490	2.3
-111644	2.0
-111835	1.7
-112333	0.8
-111665	2.0
-111798	1.7
-111801	1.7
-112341	0.8
-111741	1.8
-111668	2.0
-111543	2.2
-111375	2.5
-111773	1.8
-111332	2.5
-111659	2.0
-111588	2.1
-111490	2.3
-111791	1.7
-111854	1.6
-111733	1.8
-111755	1.8
-111346	2.5
-111864	1.6
-111696	1.9
-111280	2.6
-111843	1.6
-111810	1.7
-111266	2.7
-111604	2.1
-111494	2.3
-111086	3.0
-111368	2.5
-111389	2.4
-111806	1.7
-111815	1.7
-111532	2.2
-111640	2.0
-111723	1.9
-111471	2.3
-111505	2.2
-111875	1.6
-111583	2.1
-112123	1.1
-111748	1.8
-111439	2.4
-111085	3.0
-112129	1.1
-111294	2.6
-111720	1.9
-111413	2.4
-111825	1.7
-111872	1.6
-111807	1.7
-111397	2.4
-111514	2.2
-111987	1.4
-111789	1.7
-111300	2.6
-111335	2.5
-111744	1.8
-111966	1.4
-112067	1.2
-111819	1.7
-111566	2.1
-111951	1.5
-112142	1.1
-111356	2.5
-111842	1.6
-111593	2.1
-111975	1.4
-111360	2.5
-111642	2.0
-110971	3.2
-111720	1.9
-111524	2.2
-111844	1.6
-112103	1.2
-111338	2.5
-111399	2.4
-111470	2.3
-111603	2.1
-112338	0.8
-111583	2.1
-111908	1.5
-111336	2.5
-111629	2.0
-111445	2.3
-111946	1.5
-111873	1.6
-111841	1.6
-111445	2.3
-111639	2.0
-111654	2.0
-111819	1.7
-111519	2.2
-111627	2.0
-111974	1.4
-111105	2.9
-111488	2.3
-111482	2.3
-111853	1.6
-111461	2.3
-111917	1.5
-111773	1.8
-111635	2.0
-111548	2.2
-111874	1.6
-112047	1.3
-111751	1.8
-111389	2.4
-112165	1.1
-111398	2.4
-111485	2.3
-111421	2.4
-111563	2.1
-111651	2.0
-111660	2.0
-111597	2.1
-112145	1.1
-111646	2.0
-111357	2.5
-111739	1.8
-111727	1.8
-111384	2.5
-111524	2.2
-111789	1.7
-111760	1.8
-111695	1.9
-111657	2.0
-111973	1.4
-111666	2.0
-111727	1.8
-111282	2.6
-111481	2.3
-111408	2.4
-111294	2.6
-111654	2.0
-111946	1.5
-110984	3.2
-111620	2.0
-111547	2.2
-112082	1.2
-111686	1.9
-112210	1.0
-111895	1.6
-111524	2.2
-111576	2.1
-111365	2.5
-111551	2.2
-111310	2.6
-112137	1.1
-111592	2.1
-111466	2.3
-111777	1.8
-111526	2.2
-111934	1.5
-111441	2.4
-111274	2.6
-111858	1.6
-111118	2.9
-111519	2.2
-111629	2.0
-111571	2.1
-111588	2.1
-111526	2.2
-111379	2.5
-111525	2.2
-111911	1.5
-111233	2.7
-111841	1.6
-112108	1.2
-111465	2.3
-111195	2.8
-111958	1.4
-111468	2.3
-111596	2.1
-111775	1.8
-111336	2.5
-111610	2.1
-111243	2.7
-112279	0.9
-112093	1.2
-111236	2.7
-111526	2.2
-111696	1.9
-111628	2.0
-111998	1.4
-111142	2.9
-111569	2.1
-111509	2.2
-111016	3.1
-111442	2.4
-111709	1.9
-111739	1.8
-111896	1.6
-111524	2.2
-111749	1.8
-111782	1.8
-111603	2.1
-111569	2.1
-112110	1.2
-111914	1.5
-111623	2.0
-111965	1.4
-111746	1.8
-111693	1.9
-111879	1.6
-111807	1.7
-111620	2.0
-111710	1.9
-111619	2.0
-111412	2.4
-111700	1.9
-111558	2.1
-111425	2.4
-111797	1.7
-111885	1.6
-111499	2.3
-111471	2.3
-111877	1.6
-111938	1.5
-112090	1.2
-112123	1.1
-112107	1.2
-111733	1.8
-111419	2.4
-111593	2.1
-111749	1.8
-111506	2.2
-111823	1.7
-111221	2.7
-111625	2.0
-111757	1.8
-111522	2.2
-111722	1.9
-111938	1.5
-111518	2.2
-111789	1.7
-111715	1.9
-111526	2.2
-111622	2.0
-111763	1.8
-111698	1.9
-110855	3.4
-111498	2.3
-112183	1.0
-111469	2.3
-111832	1.7
-112064	1.3
-111493	2.3
-111551	2.2
-111517	2.2
-111497	2.3
-111824	1.7
-111057	3.0
-111609	2.1
-111742	1.8
-111800	1.7
-112324	0.8
-111573	2.1
-111419	2.4
-111579	2.1
-111838	1.7
-111069	3.0
-111725	1.9
-111268	2.7
-111394	2.4
-111872	1.6
-111725	1.9
-111910	1.5
-111779	1.8
-111327	2.6
-112021	1.3
-111395	2.4
-111586	2.1
-111908	1.5
-111457	2.3
-111494	2.3
-111953	1.4
-112025	1.3
-111271	2.7
-111584	2.1
-111611	2.1
-112007	1.4
-111652	2.0
-111843	1.6
-111461	2.3
-111687	1.9
-111724	1.9
-111573	2.1
-111243	2.7
-111748	1.8
-111695	1.9
-111564	2.1
-111281	2.6
-111405	2.4
-111714	1.9
-111286	2.6
-111144	2.9
-111133	2.9
-112138	1.1
-111465	2.3
-111331	2.5
-111792	1.7
-111967	1.4
-111468	2.3
-111921	1.5
-111553	2.2
-111357	2.5
-111663	2.0
-111928	1.5
-111835	1.7
-111305	2.6
-111626	2.0
-111634	2.0
-111664	2.0
-111564	2.1
-111735	1.8
-111694	1.9
-111556	2.2
-111738	1.8
-111678	1.9
-111978	1.4
-111925	1.5
-111934	1.5
-111558	2.1
-111196	2.8
-111943	1.5
-110882	3.3
-111875	1.6
-111874	1.6
-111650	2.0
-111821	1.7
-111764	1.8
-111824	1.7
-111202	2.8
-112236	0.9
-111320	2.6
-111671	1.9
-111732	1.8
-111606	2.1
-111591	2.1
-112005	1.4
-112018	1.3
-112328	0.8
-111447	2.3
-111354	2.5
-111752	1.8
-111356	2.5
-111516	2.2
-111834	1.7
-111523	2.2
-111360	2.5
-112146	1.1
-111876	1.6
-111711	1.9
-111935	1.5
-111860	1.6
-111508	2.2
-111530	2.2
-111139	2.9
-111707	1.9
-112305	0.8
-112236	0.9
-111108	2.9
-111520	2.2
-111560	2.1
-111995	1.4
-111830	1.7
-111284	2.6
-111663	2.0
-111273	2.7
-111687	1.9
-111423	2.4
-111323	2.6
-111886	1.6
-112172	1.1
-111355	2.5
-111509	2.2
-111095	3.0
-111228	2.7
-111146	2.9
-111915	1.5
-111707	1.9
-111368	2.5
-111765	1.8
-112065	1.3
-111653	2.0
-111998	1.4
-111726	1.9
-111769	1.8
-111458	2.3
-111831	1.7
-112429	0.6
-111343	2.5
-111703	1.9
-111508	2.2
-111425	2.4
-110867	3.4
-111111	2.9
-111625	2.0
-111282	2.6
-111754	1.8
-111750	1.8
-111667	2.0
-111526	2.2
-111526	2.2
-111901	1.5
-111887	1.6
-111369	2.5
-111432	2.4
-111265	2.7
-111439	2.4
-111874	1.6
-111388	2.4
-111549	2.2
-111465	2.3
-111617	2.0
-111759	1.8
-111615	2.0
-111534	2.2
-111814	1.7
-111205	2.8
-112037	1.3
-111614	2.0
-111974	1.4
-111323	2.6
-111370	2.5
-111380	2.5
-111143	2.9
-111306	2.6
-111496	2.3
-111686	1.9
-111834	1.7
-111327	2.6
-111591	2.1
-112093	1.2
-109885	5.1
-108126	8.2
-107906	8.6
-106871	10.4
-106669	10.8
-106671	10.8
-106876	10.4
-106378	11.3
-105909	12.1
-105114	13.5
-105104	13.5
-105128	13.5
-104838	14.0
-105136	13.5
-105026	13.7
-104458	14.7
-104502	14.6
-104585	14.5
-104576	14.5
-104645	14.4
-105738	12.4
-105195	13.4
-105749	12.4
-104807	14.1
-105560	12.7
-105645	12.6
-104929	13.9
-104264	15.0
-103775	15.9
-103265	16.8
-102814	17.6
-102332	18.4
-101286	20.3
-100786	21.2
-99857	22.8
-99512	23.4
-99234	23.9
-98795	24.7
-98427	25.3
-97747	26.5
-97848	26.4
-97857	26.3
-98000	26.1
-97826	26.4
-98320	25.5
-98322	25.5
-98473	25.2
-98976	24.4
-98993	24.3
-99069	24.2
-99317	23.8
-99088	24.2
-99023	24.3
-98893	24.5
-98694	24.9
-98891	24.5
-98546	25.1
-97969	26.1
-98395	25.4
-97564	26.9
-97158	27.6
-96678	28.4
-96247	29.2
-96299	29.1
-95921	29.8
-94636	32.0
-94606	32.1
-93729	33.6
-94237	32.7
-92953	35.0
-92219	36.3
-91992	36.7
-90844	38.7
-90640	39.1
-89538	41.0
-88908	42.1
-88228	43.3
-87633	44.4
-86562	46.3
-85311	48.5
-84931	49.2
-83949	50.9
-83560	51.6
-82023	54.3
-81179	55.8
-80044	57.8
-79223	59.2
-78088	61.2
-77211	62.8
-76593	63.9
-75301	66.2
-74241	68.0
-73629	69.1
-72681	70.8
-71855	72.2
-71446	73.0
-70586	74.5
-69599	76.2
-68830	77.6
-68354	78.4
-66896	81.0
-66670	81.4
-65649	83.2
-63763	86.5
-61948	89.7
-60988	91.4
-59655	93.8
-58671	95.5
-56876	98.7
-55360	101.4
-54395	103.1
-53168	105.2
-52133	107.1
-50808	109.4
-50304	110.3
-49857	111.1
-49051	112.5
-47772	114.8
-47206	115.8
-46256	117.4
-45013	119.6
-43893	121.6
-42115	124.8
-40462	127.7
-39088	130.1
-38342	131.4
-36545	134.6
-36627	134.4
-37143	133.5
-34930	137.4
-34077	138.9
-37844	132.3
-41514	125.8
-40501	127.6
-45284	119.2
-54685	102.6
-69792	75.9
-106985	10.2
-132101	-34.1
-93630	33.8
-111179	2.8
-129681	-29.8
-93170	34.6
-114832	-3.6
-127711	-26.4
-92075	36.5
-117656	-8.6
-124247	-20.3
-92428	35.9
-120123	-13.0
-121141	-14.8
-93008	34.9
-122331	-16.9
-117707	-8.7
-94073	33.0
-124829	-21.3
-114841	-3.6
-95495	30.5
-126033	-23.4
-111358	2.5
-97583	26.8
-127183	-25.4
-108676	7.2
-99460	23.5
-127077	-25.3
-106236	11.5
-102462	18.2
-127069	-25.2
-103956	15.6
-104802	14.1
-126440	-24.1
-102414	18.3
-106952	10.3
-125763	-22.9
-101113	20.6
-110079	4.8
-124057	-19.9
-99765	23.0
-111544	2.2
-122697	-17.5
-98970	24.4
-114874	-3.7
-120950	-14.4
-98535	25.1
-116532	-6.6
-118518	-10.1
-99008	24.3
-118323	-9.8
-116893	-7.3
-99300	23.8
-120293	-13.3
-114591	-3.2
-100334	22.0
-121117	-14.7
-112450	0.6
-101219	20.4
-121711	-15.8
-110238	4.5
-102969	17.3
-122361	-16.9
-109425	5.9
-104816	14.1
-121990	-16.3
-106930	10.3
-105909	12.1
-122274	-16.8
-105803	12.3
-107587	9.2
-121267	-15.0
-104423	14.7
-109148	6.4
-120542	-13.7
-103920	15.6
-111387	2.4
-120305	-13.3
-103234	16.8
-112790	-0.0
-118451	-10.0
-102885	17.5
-114717	-3.4
-117573	-8.5
-103175	16.9
-115359	-4.6
-115638	-5.1
-103380	16.6
-116450	-6.5
-114941	-3.8
-103323	16.7
-117345	-8.1
-112982	-0.4
-104152	15.2
-118035	-9.3
-112039	1.3
-105038	13.7
-118768	-10.6
-110380	4.2
-105810	12.3
-118699	-10.5
-109706	5.4
-107203	9.8
-118784	-10.6
-108258	8.0
-108281	7.9
-118957	-10.9
-107338	9.6
-109382	6.0
-118630	-10.3
-106788	10.6
-110505	4.0
-118074	-9.4
-105899	12.1
-111619	2.0
-117107	-7.7
-105607	12.7
-112323	0.8
-115864	-5.5
-105094	13.6
-113973	-2.1
-115515	-4.8
-105765	12.4
-113937	-2.1
-114948	-3.8
-105521	12.8
-114902	-3.8
-113886	-2.0
-106723	10.7
-115624	-5.0
-112726	0.1
-106424	11.2
-116179	-6.0
-111332	2.5
-107261	9.7
-116877	-7.2
-110715	3.6
-107351	9.6
-116588	-6.7
-109528	5.7
-109227	6.3
-116416	-6.4
-109493	5.8
-109469	5.8
-117008	-7.5
-108790	7.0
-109916	5.0
-116594	-6.7
-108179	8.1
-110997	3.1
-115966	-5.6
-107727	8.9
-111753	1.8
-115649	-5.1
-106739	10.7
-112212	1.0
-114257	-2.6
-107282	9.7
-113186	-0.7
-113701	-1.6
-107499	9.3
-113488	-1.3
-113520	-1.3
-107248	9.8
-114480	-3.0
-113310	-0.9
-107825	8.7
-115491	-4.8
-111792	1.7
-108269	8.0
-115193	-4.3
-112122	1.2
-108960	6.7
-115580	-5.0
-110582	3.9
-109586	5.6
-114948	-3.8
-110427	4.1
-109775	5.3
-114960	-3.9
-110043	4.8
-110907	3.3
-115247	-4.4
-109358	6.0
-110809	3.5
-115351	-4.5
-108768	7.1
-111446	2.3
-114533	-3.1
-108887	6.9
-111945	1.5
-114368	-2.8
-108449	7.6
-112577	0.3
-113695	-1.6
-108778	7.1
-113190	-0.7
-113318	-1.0
-108304	7.9
-113918	-2.0
-112828	-0.1
-108429	7.7
-113721	-1.7
-112481	0.5
-108985	6.7
-114343	-2.8
-111494	2.3
-109431	5.9
-114283	-2.7
-110800	3.5
-109385	6.0
-114362	-2.8
-110901	3.3
-109719	5.4
-114514	-3.1
-109695	5.4
-110704	3.7
-114066	-2.3
-109868	5.1
-111158	2.9
-114113	-2.4
-109773	5.3
-111241	2.7
-113647	-1.5
-109856	5.2
-111512	2.2
-114031	-2.2
-109191	6.3
-112333	0.8
-113476	-1.2
-109273	6.2
-112884	-0.2
-113132	-0.6
-109313	6.1
-112691	0.1
-112267	0.9
-109077	6.5
-112823	-0.1
-112682	0.2
-109564	5.7
-113183	-0.7
-111794	1.7
-109173	6.4
-113341	-1.0
-111731	1.8
-110093	4.7
-113115	-0.6
-111373	2.5
-110038	4.8
-113370	-1.1
-110994	3.1
-110909	3.3
-113628	-1.5
-110369	4.2
-110658	3.7
-113286	-0.9
-110419	4.2
-111507	2.2
-113032	-0.5
-110212	4.5
-111587	2.1
-113236	-0.8
-110093	4.7
-111989	1.4
-112984	-0.4
-110232	4.5
-111808	1.7
-112938	-0.3
-109568	5.7
-112417	0.6
-112869	-0.2
-110144	4.6
-112275	0.9
-112333	0.8
-109731	5.4
-112960	-0.3
-111499	2.3
-110288	4.4
-112939	-0.3
-111658	2.0
-110356	4.3
-112778	-0.0
-111434	2.4
-110100	4.7
-112922	-0.3
-111239	2.7
-110893	3.3
-112620	0.3
-110875	3.4
-110953	3.2
-113000	-0.4
-110734	3.6
-110820	3.4
-113433	-1.2
-110410	4.2
-111155	2.9
-112993	-0.4
-110206	4.5
-111843	1.6
-112433	0.6
-110891	3.3
-111590	2.1
-112583	0.3
-109868	5.1
-111950	1.5
-112317	0.8
-110107	4.7
-112066	1.3
-112338	0.8
-110546	3.9
-112267	0.9
-112041	1.3
-110247	4.5
-112319	0.8
-111789	1.7
-110548	3.9
-113058	-0.5
-111588	2.1
-110932	3.3
-112749	0.0
-111830	1.7
-110981	3.2
-112607	0.3
-111707	1.9
-111089	3.0
-112562	0.4
-111202	2.8
-110975	3.2
-112618	0.3
-110868	3.4
-111418	2.4
-112598	0.3
-111105	2.9
-111426	2.4
-112858	-0.1
-110956	3.2
-111623	2.0
-112458	0.6
-110789	3.5
-111605	2.1
-112727	0.1
-111175	2.8
-112518	0.5
-112339	0.8
-110719	3.6
-112126	1.1
-111981	1.4
-110460	4.1
-112760	0.0
-112063	1.3
-110807	3.5
-112241	0.9
-110886	3.3
-110654	3.7
-112836	-0.1
-111668	2.0
-110857	3.4
-112200	1.0
-111444	2.3
-111157	2.9
-112459	0.6
-111673	1.9
-111649	2.0
-112038	1.3
-111217	2.7
-111401	2.4
-112860	-0.2
-111227	2.7
-111537	2.2
-112129	1.1
-110827	3.4
-111484	2.3
-111641	2.0
-111181	2.8
-112010	1.3
-112648	0.2
-110654	3.7
-111952	1.5
-111893	1.6
-111011	3.1
-112077	1.2
-111930	1.5
-111405	2.4
-111766	1.8
-111681	1.9
-111009	3.1
-111781	1.8
-112064	1.3
-110668	3.7
-112470	0.5
-110943	3.2
-111339	2.5
-112278	0.9
-111630	2.0
-111010	3.1
-111945	1.5
-111298	2.6
-111655	2.0
-112359	0.7
-111281	2.6
-111321	2.6
-111926	1.5
-111189	2.8
-111260	2.7
-112412	0.6
-111109	2.9
-111904	1.5
-111958	1.4
-111116	2.9
-111186	2.8
-112049	1.3
-111655	2.0
-111625	2.0
-111532	2.2
-111480	2.3
-111801	1.7
-111413	2.4
-110574	3.9
-112170	1.1
-112427	0.6
-111231	2.7
-112041	1.3
-111611	2.1
-111021	3.1
-112380	0.7
-111868	1.6
-111446	2.3
-111722	1.9
-111652	2.0
-111519	2.2
-112178	1.1
-111578	2.1
-111105	2.9
-112395	0.7
-111845	1.6
-111525	2.2
-111987	1.4
-111426	2.4
-111320	2.6
-112251	0.9
-111282	2.6
-111689	1.9
-112085	1.2
-111149	2.9
-110974	3.2
-112196	1.0
-111341	2.5
-112155	1.1
-111091	3.0
-111132	2.9
-111490	2.3
-111802	1.7
-110975	3.2
-111704	1.9
-111702	1.9
-111252	2.7
-111799	1.7
-111892	1.6
-111338	2.5
-112369	0.7
-111784	1.7
-111316	2.6
-111671	1.9
-111594	2.1
-111155	2.9
-111988	1.4
-112025	1.3
-111880	1.6
-111634	2.0
-111412	2.4
-111651	2.0
-111465	2.3
-111893	1.6
-111647	2.0
-111564	2.1
-111001	3.1
-110902	3.3
-111980	1.4
-111459	2.3
-111561	2.1
-111385	2.5
-111442	2.4
-111425	2.4
-111931	1.5
-111000	3.1
-111823	1.7
-111394	2.4
-111171	2.8
-111354	2.5
-111988	1.4
-111110	2.9
-111596	2.1
-111762	1.8
-111772	1.8
-112191	1.0
-111630	2.0
-111205	2.8
-111884	1.6
-111514	2.2
-111046	3.1
-111899	1.5
-111320	2.6
-111354	2.5
-112032	1.3
-111813	1.7
-111620	2.0
-111765	1.8
-111832	1.7
-111305	2.6
-112105	1.2
-111644	2.0
-111090	3.0
-111533	2.2
-111724	1.9
-111810	1.7
-111747	1.8
-111176	2.8
-111528	2.2
-111582	2.1
-111761	1.8
-111266	2.7
-111763	1.8
-111301	2.6
-111759	1.8
-111928	1.5
-111461	2.3
-111888	1.6
-111341	2.5
-111373	2.5
-111456	2.3
-111372	2.5
-111899	1.5
-112233	1.0
-111997	1.4
-111654	2.0
-111548	2.2
-111435	2.4
-111371	2.5
-112012	1.3
-111227	2.7
-111337	2.5
-111601	2.1
-111614	2.0
-111893	1.6
-112010	1.3
-111326	2.6
-111813	1.7
-111713	1.9
-111881	1.6
-111466	2.3
-111705	1.9
-111073	3.0
-111400	2.4
-111776	1.8
-111872	1.6
-111954	1.4
-112022	1.3
-111248	2.7
-111733	1.8
-111716	1.9
-111382	2.5
-112178	1.1
-111294	2.6
-111522	2.2
-112072	1.2
-111593	2.1
-111266	2.7
-111716	1.9
-111840	1.6
-111666	2.0
-111983	1.4
-111473	2.3
-111521	2.2
-111755	1.8
-111533	2.2
-111726	1.9
-111758	1.8
-111893	1.6
-111432	2.4
-111694	1.9
-111426	2.4
-111857	1.6
-111541	2.2
-112035	1.3
-111324	2.6
-111543	2.2
-111155	2.9
-111652	2.0
-111371	2.5
-111453	2.3
-111768	1.8
-111237	2.7
-111595	2.1
-111347	2.5
-111001	3.1
-111746	1.8
-112103	1.2
-112317	0.8
-112260	0.9
-111413	2.4
-111438	2.4
-111513	2.2
-111820	1.7
-111171	2.8
-111400	2.4
-111855	1.6
-111466	2.3
-111310	2.6
-111434	2.4
-111468	2.3
-111851	1.6
-111573	2.1
-111936	1.5
-111940	1.5
-111788	1.7
-111669	2.0
-111656	2.0
-112000	1.4
-111407	2.4
-111654	2.0
-111155	2.9
-111501	2.2
-111836	1.7
-111726	1.9
-112068	1.2
-111271	2.7
-111161	2.8
-111505	2.2
-111141	2.9
-112297	0.8
-111619	2.0
-111962	1.4
-111394	2.4
-111633	2.0
-111825	1.7
-111966	1.4
-111558	2.1
-111398	2.4
-111611	2.1
-111494	2.3
-111544	2.2
-111623	2.0
-111651	2.0
-111582	2.1
-111813	1.7
-111359	2.5
-111171	2.8
-111273	2.7
-112398	0.7
-111499	2.3
-111289	2.6
-111496	2.3
-111161	2.8
-111415	2.4
-110919	3.3
-111548	2.2
-111161	2.8
-111656	2.0
-111827	1.7
-111139	2.9
-111312	2.6
-111579	2.1
-112217	1.0
-111757	1.8
-111264	2.7
-111725	1.9
-111400	2.4
-111784	1.7
-112225	1.0
-111559	2.1
-111204	2.8
-112222	1.0
-111508	2.2
-111876	1.6
-111774	1.8
-111927	1.5
-111492	2.3
-111428	2.4
-111680	1.9
-111375	2.5
-111833	1.7
-111998	1.4
-111635	2.0
-111403	2.4
-111123	2.9
-111953	1.4
-111457	2.3
-111702	1.9
-111791	1.7
-111386	2.5
-111512	2.2
-111449	2.3
-111271	2.7
-111741	1.8
-111432	2.4
-111722	1.9
-111825	1.7
-110947	3.2
-111355	2.5
-111574	2.1
-111555	2.2
-111403	2.4
-111595	2.1
-111483	2.3
-111062	3.0
-111789	1.7
-111156	2.9
-111814	1.7
-111595	2.1
-111736	1.8
-111049	3.0
-112089	1.2
-111114	2.9
-112017	1.3
-111612	2.1
-111375	2.5
-111194	2.8
-111124	2.9
-111272	2.7
-111740	1.8
-111761	1.8
-111782	1.8
-111683	1.9
-111351	2.5
-111762	1.8
-112098	1.2
-111573	2.1
-111462	2.3
-111402	2.4
-112095	1.2
-111286	2.6
-111663	2.0
-111419	2.4
-111827	1.7
-112042	1.3
-111500	2.2
-111296	2.6
-111252	2.7
-111498	2.3
-111374	2.5
-111935	1.5
-111913	1.5
-112051	1.3
-111813	1.7
-111585	2.1
-111399	2.4
-110905	3.3
-112050	1.3
-111744	1.8
-111819	1.7
-111724	1.9
-111700	1.9
-111668	2.0
-111790	1.7
-111306	2.6
-111657	2.0
-111773	1.8
-111402	2.4
-111389	2.4
-111204	2.8
-111626	2.0
-111745	1.8
-111715	1.9
-111851	1.6
-111591	2.1
-111464	2.3
-111376	2.5
-111646	2.0
-112039	1.3
-111377	2.5
-111362	2.5
-111983	1.4
-111362	2.5
-111457	2.3
-111703	1.9
-111480	2.3
-111573	2.1
-111972	1.4
-111880	1.6
-111712	1.9
-111397	2.4
-111805	1.7
-111911	1.5
-111917	1.5
-111166	2.8
-111748	1.8
-111617	2.0
-111639	2.0
-111046	3.1
-111932	1.5
-111980	1.4
-111949	1.5
-111534	2.2
-111255	2.7
-111006	3.1
-111779	1.8
-111464	2.3
-111332	2.5
-111887	1.6
-111628	2.0
-111750	1.8
-111444	2.3
-111110	2.9
-112209	1.0
-111706	1.9
-111482	2.3
-111462	2.3
-111687	1.9
-111512	2.2
-111686	1.9
-111886	1.6
-111238	2.7
-111757	1.8
-111373	2.5
-111400	2.4
-111500	2.2
-111409	2.4
-111648	2.0
-111250	2.7
-111776	1.8
-111481	2.3
-111303	2.6
-111021	3.1
-111743	1.8
-111736	1.8
-111180	2.8
-111654	2.0
-111445	2.3
-111718	1.9
-111416	2.4
-111832	1.7
-111933	1.5
-112099	1.2
-111056	3.0
-111587	2.1
-112013	1.3
-112073	1.2
-111646	2.0
-111688	1.9
-111904	1.5
-111189	2.8
-111227	2.7
-111974	1.4
-111484	2.3
-112012	1.3
-111825	1.7
-111729	1.8
-111542	2.2
-111577	2.1
-111188	2.8
-111707	1.9
-111855	1.6
-111991	1.4
-112239	0.9
-111817	1.7
-111972	1.4
-111567	2.1
-111782	1.8
-111572	2.1
-111493	2.3
-111656	2.0
-111776	1.8
-111235	2.7
-111914	1.5
-111201	2.8
-111149	2.9
-111880	1.6
-111943	1.5
-111704	1.9
-111770	1.8
-111280	2.6
-111737	1.8
-111619	2.0
-111440	2.4
-111785	1.7
-111693	1.9
-111703	1.9
-111876	1.6
-111843	1.6
-111294	2.6
-111767	1.8
-111383	2.5
-111352	2.5
-111759	1.8
-111949	1.5
-111504	2.2
-111346	2.5
-111930	1.5
-112022	1.3
-111855	1.6
-112393	0.7
-111231	2.7
-112062	1.3
-111634	2.0
-111179	2.8
-111923	1.5
-111150	2.9
-111594	2.1
-111501	2.2
-111733	1.8
-111450	2.3
-111415	2.4
-111407	2.4
-111958	1.4
-111794	1.7
-111231	2.7
-111728	1.8
-111649	2.0
-111319	2.6
-111776	1.8
-111309	2.6
-110969	3.2
-112056	1.3
-111088	3.0
-111815	1.7
-111780	1.8
-112123	1.1
-111569	2.1
-111867	1.6
-111500	2.2
-111633	2.0
-111663	2.0
-111409	2.4
-111171	2.8
-111637	2.0
-112124	1.1
-111838	1.7
-111627	2.0
-112000	1.4
-111974	1.4
-111194	2.8
-111885	1.6
-111441	2.4
-112206	1.0
-111577	2.1
-111644	2.0
-111612	2.1
-111884	1.6
-111609	2.1
-111355	2.5
-111886	1.6
-112053	1.3
-112041	1.3
-111651	2.0
-111860	1.6
-111597	2.1
-111901	1.5
-111497	2.3
-111732	1.8
-111890	1.6
-111449	2.3
-111847	1.6
-111570	2.1
-111155	2.9
-109808	5.2
-106515	11.1
-106234	11.5
-104067	15.4
-102368	18.4
-100951	20.9
-100455	21.7
-100042	22.5
-100297	22.0
-100806	21.1
-101221	20.4
-101682	19.6
-100871	21.0
-101159	20.5
-100905	21.0
-100992	20.8
-100794	21.2
-100653	21.4
-100718	21.3
-100505	21.7
-100563	21.6
-100409	21.8
-100501	21.7
-99332	23.7
-99435	23.6
-99101	24.1
-98963	24.4
-97998	26.1
-97192	27.5
-96430	28.9
-95504	30.5
-94258	32.7
-93497	34.0
-91788	37.1
-91299	37.9
-89414	41.2
-88017	43.7
-86299	46.7
-84404	50.1
-83466	51.7
-81250	55.7
-80014	57.8
-78434	60.6
-77011	63.1
-75371	66.0
-74012	68.4
-72240	71.6
-71548	72.8
-70625	74.4
-68994	77.3
-68822	77.6
-68084	78.9
-66965	80.9
-66836	81.1
-65497	83.5
-64826	84.7
-63870	86.3
-62551	88.7
-61410	90.7
-59722	93.7
-57948	96.8
-56223	99.8
-54834	102.3
-54073	103.6
-52533	106.4
-50949	109.2
-50083	110.7
-49194	112.3
-47092	116.0
-46801	116.5
-45798	118.2
-44758	120.1
-44162	121.1
-43311	122.6
-42649	123.8
-41881	125.2
-41382	126.0
-40617	127.4
-40298	128.0
-39669	129.1
-39190	129.9
-38858	130.5
-38351	131.4
-38649	130.9
-38732	130.7
-38575	131.0
-39266	129.8
-38639	130.9
-38847	130.5
-40602	127.4
-42236	124.5
-41269	126.2
-41418	126.0
-43164	122.9
-45360	119.0
-47046	116.0
-51706	107.8
-61505	90.5
-82806	52.9
-123340	-18.7
-117285	-8.0
-94253	32.7
-124500	-20.7
-114173	-2.5
-96065	29.5
-126514	-24.3
-111641	2.0
-97983	26.1
-127206	-25.5
-108739	7.1
-100058	22.5
-127197	-25.5
-105793	12.3
-103053	17.2
-127237	-25.5
-103937	15.6
-105507	12.8
-125584	-22.6
-101934	19.1
-107929	8.6
-124942	-21.5
-100756	21.2
-110133	4.7
-124116	-20.0
-99814	22.9
-112777	-0.0
-121709	-15.8
-99087	24.2
-114372	-2.8
-119808	-12.4
-99137	24.1
-116524	-6.6
-118494	-10.1
-99425	23.6
-118313	-9.8
-115524	-4.9
-99713	23.1
-120204	-13.1
-114483	-3.0
-100846	21.1
-120506	-13.7
-112385	0.7
-102133	18.8
-121454	-15.3
-110188	4.6
-103149	17.0
-122066	-16.4
-108556	7.4
-104913	13.9
-122207	-16.7
-106549	11.0
-106548	11.0
-121750	-15.8
-105662	12.6
-108431	7.7
-120902	-14.4
-104599	14.4
-110002	4.9
-120071	-12.9
-103784	15.9
-111578	2.1
-119323	-11.6
-103560	16.3
-113370	-1.1
-117929	-9.1
-102962	17.3
-115168	-4.2
-116770	-7.1
-103427	16.5
-116082	-5.8
-114664	-3.3
-103783	15.9
-116958	-7.4
-113667	-1.6
-103852	15.8
-117384	-8.1
-112693	0.1
-104349	14.9
-117655	-8.6
-111482	2.3
-105528	12.8
-119037	-11.1
-110128	4.7
-106878	10.4
-118393	-9.9
-108940	6.8
-107593	9.1
-118615	-10.3
-108132	8.2
-108770	7.1
-118586	-10.3
-106675	10.8
-109897	5.1
-117906	-9.1
-106465	11.1
-110614	3.8
-117437	-8.2
-106744	10.6
-112021	1.3
-116203	-6.1
-105807	12.3
-113160	-0.7
-115866	-5.5
-106001	12.0
-113886	-2.0
-114631	-3.3
-106003	12.0
-114608	-3.2
-114158	-2.4
-106026	11.9
-115689	-5.1
-112731	0.1
-106593	10.9
-116226	-6.1
-112060	1.3
-107097	10.0
-116460	-6.5
-111061	3.0
-107477	9.4
-116373	-6.4
-110321	4.3
-108419	7.7
-116458	-6.5
-109531	5.7
-108923	6.8
-116388	-6.4
-108908	6.8
-109571	5.7
-116553	-6.7
-108363	7.8
-110233	4.5
-116191	-6.0
-108283	7.9
-111362	2.5
-115028	-4.0
-107779	8.8
-112354	0.7
-115026	-4.0
-107825	8.7
-112492	0.5
-114293	-2.7
-107674	9.0
-113550	-1.4
-113319	-1.0
-107465	9.4
-113714	-1.7
-113301	-0.9
-108143	8.2
-114599	-3.2
-112551	0.4
-108110	8.2
-114527	-3.1
-112043	1.3
-107988	8.4
-114674	-3.4
-111599	2.1
-108864	6.9
-115434	-4.7
-110069	4.8
-108845	6.9
-115255	-4.4
-110434	4.1
-110427	4.1
-114950	-3.8
-109973	4.9
-110008	4.9
-114935	-3.8
-109188	6.3
-111181	2.8
-114546	-3.1
-109125	6.4
-111673	1.9
-113884	-2.0
-109097	6.5
-112603	0.3
-113930	-2.0
-108854	6.9
-112731	0.1
-113356	-1.0
-108775	7.1
-113498	-1.3
-112757	0.0
-108558	7.4
-113722	-1.7
-112850	-0.1
-108947	6.8
-113980	-2.1
-112338	0.8
-109019	6.6
-113799	-1.8
-111895	1.6
-109062	6.6
-114253	-2.6
-110951	3.2
-109884	5.1
-114985	-3.9
-110679	3.7
-109808	5.2
-114141	-2.4
-110490	4.0
-111321	2.6
-114260	-2.6
-109941	5.0
-111159	2.9
-113847	-1.9
-109564	5.7
-111253	2.7
-113800	-1.8
-110009	4.9
-111483	2.3
-113578	-1.4
-109328	6.1
-112080	1.2
-113150	-0.7
-109681	5.5
-112678	0.2
-112521	0.4
-109246	6.2
-112740	0.1
-112129	1.1
-109932	5.0
-112392	0.7
-112068	1.2
-109864	5.1
-113267	-0.9
-111545	2.2
-109874	5.1
-113370	-1.1
-111305	2.6
-110109	4.7
-113581	-1.4
-111267	2.7
-110520	4.0
-113560	-1.4
-110884	3.3
-110467	4.1
-113450	-1.2
-110038	4.8
-111198	2.8
-113189	-0.7
-110522	4.0
-111236	2.7
-113357	-1.0
-110186	4.6
-112055	1.3
-113173	-0.7
-110134	4.7
-111732	1.8
-112599	0.3
-109689	5.4
-111696	1.9
-112656	0.2
-109919	5.0
-112597	0.3
-112106	1.2
-109718	5.4
-112310	0.8
-111936	1.5
-110352	4.3
-112921	-0.3
-111672	1.9
-110004	4.9
-111996	1.4
-111507	2.2
-110461	4.1
-113229	-0.8
-111139	2.9
-110538	3.9
-113394	-1.1
-111202	2.8
-110446	4.1
-112939	-0.3
-110912	3.3
-110882	3.3
-112924	-0.3
-111123	2.9
-110927	3.3
-112985	-0.4
-110775	3.5
-111408	2.4
-112694	0.1
-110286	4.4
-111298	2.6
-113045	-0.5
-110405	4.2
-112386	0.7
-112482	0.5
-110393	4.2
-112062	1.3
-111813	1.7
-110706	3.7
-112373	0.7
-112133	1.1
-110396	4.2
-112310	0.8
-111546	2.2
-110625	3.8
-112665	0.2
-112090	1.2
-110994	3.1
-112739	0.1
-110998	3.1
-110455	4.1
-112434	0.6
-111466	2.3
-110603	3.8
-112397	0.7
-110926	3.3
-110782	3.5
-112635	0.2
-110591	3.9
-111239	2.7
-112858	-0.1
-111301	2.6
-111539	2.2
-112290	0.9
-110959	3.2
-111627	2.0
-112512	0.5
-110430	4.1
-111537	2.2
-112004	1.4
-110613	3.8
-111771	1.8
-112032	1.3
-110273	4.4
-112092	1.2
-111454	2.3
-111472	2.3
-112420	0.6
-111872	1.6
-110698	3.7
-112755	0.0
-112045	1.3
-110391	4.2
-112013	1.3
-111261	2.7
-111035	3.1
-112843	-0.1
-111431	2.4
-110951	3.2
-111788	1.7
-111197	2.8
-110643	3.8
-112521	0.4
-111693	1.9
-111135	2.9
-112375	0.7
-111089	3.0
-111558	2.1
-112147	1.1
-111315	2.6
-111678	1.9
-111655	2.0
-111147	2.9
-111421	2.4
-111989	1.4
-110751	3.6
-111331	2.5
-112434	0.6
-111244	2.7
-111707	1.9
-111854	1.6
-111184	2.8
-112249	0.9
-111855	1.6
-110360	4.3
-112156	1.1
-111560	2.1
-111283	2.6
-112749	0.0
-111728	1.8
-111406	2.4
-111921	1.5
-111491	2.3
-110759	3.6
-112205	1.0
-110808	3.5
-110781	3.5
-112342	0.8
-111023	3.1
-111105	2.9
-112145	1.1
-111697	1.9
-111649	2.0
-111824	1.7
-111373	2.5
-111253	2.7
-112117	1.2
-111291	2.6
-111618	2.0
-111757	1.8
-111432	2.4
-111894	1.6
-112023	1.3
-110712	3.6
-112249	0.9
-112218	1.0
-111316	2.6
-111933	1.5
-112007	1.4
-111522	2.2
-112131	1.1
-112090	1.2
-111479	2.3
-111817	1.7
-111778	1.8
-111672	1.9
-112411	0.6
-111635	2.0
-110801	3.5
-111481	2.3
-112054	1.3
-111052	3.0
-112551	0.4
-111483	2.3
-111568	2.1
-112644	0.2
-111337	2.5
-111814	1.7
-112411	0.6
-111112	2.9
-111653	2.0
-111500	2.2
-111254	2.7
-111299	2.6
-112174	1.1
-111189	2.8
-111998	1.4
-111920	1.5
-111331	2.5
-111445	2.3
-111232	2.7
-111415	2.4
-111969	1.4
-111850	1.6
-111061	3.0
-111807	1.7
-111899	1.5
-110928	3.3
-111875	1.6
-111849	1.6
-111453	2.3
-112375	0.7
-111736	1.8
-111221	2.7
-112283	0.9
-111281	2.6
-111823	1.7
-112054	1.3
-111695	1.9
-111539	2.2
-111532	2.2
-111223	2.7
-111304	2.6
-112244	0.9
-111814	1.7
-110991	3.1
-111787	1.7
-111508	2.2
-111422	2.4
-112076	1.2
-111346	2.5
-111582	2.1
-112411	0.6
-111247	2.7
-111616	2.0
-111573	2.1
-111473	2.3
-111830	1.7
-111937	1.5
-111192	2.8
-111807	1.7
-111926	1.5
-111489	2.3
-111889	1.6
-111469	2.3
-111270	2.7
-111468	2.3
-111693	1.9
-111745	1.8
-112311	0.8
-111227	2.7
-111521	2.2
-111857	1.6
-111219	2.7
-111487	2.3
-112197	1.0
-111373	2.5
-111074	3.0
-111714	1.9
-111719	1.9
-111434	2.4
-111874	1.6
-111420	2.4
-112059	1.3
-112022	1.3
-111420	2.4
-111969	1.4
-112221	1.0
-111583	2.1
-111670	1.9
-111991	1.4
-111147	2.9
-111616	2.0
-111717	1.9
-111172	2.8
-111817	1.7
-111786	1.7
-111284	2.6
-111713	1.9
-111488	2.3
-111992	1.4
-111986	1.4
-111693	1.9
-111489	2.3
-111404	2.4
-111375	2.5
-111243	2.7
-112226	1.0
-111803	1.7
-112018	1.3
-111957	1.4
-111282	2.6
-111361	2.5
-111385	2.5
-111164	2.8
-111419	2.4
-112117	1.2
-111592	2.1
-111593	2.1
-111753	1.8
-111492	2.3
-111682	1.9
-111916	1.5
-111248	2.7
-111463	2.3
-111582	2.1
-111323	2.6
-111905	1.5
-111814	1.7
-111257	2.7
-111995	1.4
-111878	1.6
-111770	1.8
-112098	1.2
-111957	1.4
-111598	2.1
-111510	2.2
-111817	1.7
-111700	1.9
-111799	1.7
-111753	1.8
-111873	1.6
-111883	1.6
-111653	2.0
-111562	2.1
-111693	1.9
-111276	2.6
-111544	2.2
-111258	2.7
-111771	1.8
-111814	1.7
-111601	2.1
-111553	2.2
-111607	2.1
-111536	2.2
-111231	2.7
-111758	1.8
-112128	1.1
-111245	2.7
-111609	2.1
-111929	1.5
-111442	2.4
-111684	1.9
-111539	2.2
-111526	2.2
-111211	2.8
-111830	1.7
-111792	1.7
-111905	1.5
-111540	2.2
-111728	1.8
-111551	2.2
-111734	1.8
-111128	2.9
-111432	2.4
-111846	1.6
-111559	2.1
-111869	1.6
-111527	2.2
-112015	1.3
-111724	1.9
-111083	3.0
-111552	2.2
-111506	2.2
-111374	2.5
-111769	1.8
-111604	2.1
-111264	2.7
-111722	1.9
-111819	1.7
-111223	2.7
-111918	1.5
-112006	1.4
-112148	1.1
-111127	2.9
-111555	2.2
-111366	2.5
-111865	1.6
-111526	2.2
-111954	1.4
-112653	0.2
-111985	1.4
-111519	2.2
-111448	2.3
-111970	1.4
-111261	2.7
-112262	0.9
-111588	2.1
-111348	2.5
-111729	1.8
-112083	1.2
-111616	2.0
-112353	0.7
-112085	1.2
-111506	2.2
-112015	1.3
-111949	1.5
-111586	2.1
-111515	2.2
-111364	2.5
-111605	2.1
-111682	1.9
-112311	0.8
-110960	3.2
-111992	1.4
-112007	1.4
-112124	1.1
-111906	1.5
-112121	1.2
-111597	2.1
-111639	2.0
-111131	2.9
-111800	1.7
-112118	1.2
-111619	2.0
-111564	2.1
-111540	2.2
-111541	2.2
-111580	2.1
-111572	2.1
-111537	2.2
-111546	2.2
-111714	1.9
-111597	2.1
-111476	2.3
-112143	1.1
-111068	3.0
-111486	2.3
-111516	2.2
-111750	1.8
-111616	2.0
-111609	2.1
-111438	2.4
-111634	2.0
-110784	3.5
-111708	1.9
-111971	1.4
-112264	0.9
-111695	1.9
-111464	2.3
-111941	1.5
-111547	2.2
-111679	1.9
-111951	1.5
-111816	1.7
-111185	2.8
-111424	2.4
-111531	2.2
-111745	1.8
-111847	1.6
-111549	2.2
-111589	2.1
-111554	2.2
-112187	1.0
-112169	1.1
-111236	2.7
-111829	1.7
-111559	2.1
-111697	1.9
-111681	1.9
-111716	1.9
-111026	3.1
-112007	1.4
-111923	1.5
-111517	2.2
-111658	2.0
-111792	1.7
-111582	2.1
-111870	1.6
-111730	1.8
-111517	2.2
-111475	2.3
-111615	2.0
-112132	1.1
-111640	2.0
-111215	2.8
-111264	2.7
-111847	1.6
-111786	1.7
-111975	1.4
-111583	2.1
-111903	1.5
-111436	2.4
-111820	1.7
-111827	1.7
-111365	2.5
-111347	2.5
-111379	2.5
-111736	1.8
-111614	2.0
-111244	2.7
-111756	1.8
-111821	1.7
-111693	1.9
-111319	2.6
-111216	2.8
-111437	2.4
-111847	1.6
-111781	1.8
-111509	2.2
-111974	1.4
-111582	2.1
-111494	2.3
-111876	1.6
-111761	1.8
-111464	2.3
-111772	1.8
-111801	1.7
-111690	1.9
-111803	1.7
-111980	1.4
-111095	3.0
-111679	1.9
-111438	2.4
-111649	2.0
-111915	1.5
-111266	2.7
-111495	2.3
-112034	1.3
-111819	1.7
-111588	2.1
-110963	3.2
-111474	2.3
-111840	1.6
-111704	1.9
-111515	2.2
-112023	1.3
-111550	2.2
-111742	1.8
-111738	1.8
-111305	2.6
-112236	0.9
-111435	2.4
-111843	1.6
-111348	2.5
-111598	2.1
-111451	2.3
-112010	1.3
-111553	2.2
-111537	2.2
-111824	1.7
-111203	2.8
-111553	2.2
-111699	1.9
-111749	1.8
-111798	1.7
-111926	1.5
-112182	1.0
-111673	1.9
-111752	1.8
-111156	2.9
-111028	3.1
-111676	1.9
-111748	1.8
-111689	1.9
-111603	2.1
-111423	2.4
-112157	1.1
-111677	1.9
-110856	3.4
-111626	2.0
-111623	2.0
-111536	2.2
-111858	1.6
-111661	2.0
-111769	1.8
-111437	2.4
-111697	1.9
-111698	1.9
-111950	1.5
-111197	2.8
-111962	1.4
-111354	2.5
-111851	1.6
-111418	2.4
-112003	1.4
-111376	2.5
-111380	2.5
-111386	2.5
-111792	1.7
-110847	3.4
-111795	1.7
-111747	1.8
-111667	2.0
-111815	1.7
-111881	1.6
-111373	2.5
-112350	0.7
-111822	1.7
-111502	2.2
-111880	1.6
-111531	2.2
-111738	1.8
-111642	2.0
-111784	1.7
-111890	1.6
-111825	1.7
-111729	1.8
-111242	2.7
-111592	2.1
-111731	1.8
-111721	1.9
-111209	2.8
-111902	1.5
-111351	2.5
-111411	2.4
-111502	2.2
-112215	1.0
-111898	1.5
-111482	2.3
-111959	1.4
-111328	2.6
-111691	1.9
-111480	2.3
-111742	1.8
-111950	1.5
-111726	1.9
-111450	2.3
-111267	2.7
-111774	1.8
-112027	1.3
-111726	1.9
-111618	2.0
-111743	1.8
-111673	1.9
-111821	1.7
-111519	2.2
-111661	2.0
-111490	2.3
-111804	1.7
-111583	2.1
-111084	3.0
-111671	1.9
-111805	1.7
-112106	1.2
-111646	2.0
-111461	2.3
-111696	1.9
-111653	2.0
-111291	2.6
-111843	1.6
-111270	2.7
-111759	1.8
-111657	2.0
-111674	1.9
-111184	2.8
-111845	1.6
-111787	1.7
-111483	2.3
-111635	2.0
-111697	1.9
-111569	2.1
-111915	1.5
-111682	1.9
-111711	1.9
-111730	1.8
-111729	1.8
-111571	2.1
-111935	1.5
-111939	1.5
-111738	1.8
-111505	2.2
-111373	2.5
-111445	2.3
-111658	2.0
-111585	2.1
-111739	1.8
-111974	1.4
-111327	2.6
-111590	2.1
-111729	1.8
-111883	1.6
-111612	2.1
-111763	1.8
-111479	2.3
-111428	2.4
-111279	2.6
-111411	2.4
-111682	1.9
-111700	1.9
-111653	2.0
-111528	2.2
-111412	2.4
-111222	2.7
-111544	2.2
-111824	1.7
-111649	2.0
-110957	3.2
-111091	3.0
-111771	1.8
-111551	2.2
-112022	1.3
-111763	1.8
-111684	1.9
-112025	1.3
-111625	2.0
-111093	3.0
-111184	2.8
-112119	1.2
-111821	1.7
-111636	2.0
-111140	2.9
-111507	2.2
-111975	1.4
-111303	2.6
-111582	2.1
-111618	2.0
-111887	1.6
-111850	1.6
-111476	2.3
-111500	2.2
-111798	1.7
-111672	1.9
-111766	1.8
-111464	2.3
-111606	2.1
-111257	2.7
-111136	2.9
-111754	1.8
-111319	2.6
-111663	2.0
-111261	2.7
-111950	1.5
-111534	2.2
-111161	2.8
-111215	2.8
-111918	1.5
-111634	2.0
-111554	2.2
-111731	1.8
-111223	2.7
-111405	2.4
-111439	2.4
-111579	2.1
-111339	2.5
-111443	2.3
-111524	2.2
-111877	1.6
-112010	1.3
-112149	1.1
-111423	2.4
-111378	2.5
-111238	2.7
-112222	1.0
-111279	2.6
-111724	1.9
-111734	1.8
-111545	2.2
-111561	2.1
-111609	2.1
-111922	1.5
-111352	2.5
-111877	1.6
-111910	1.5
-111979	1.4
-111730	1.8
-111749	1.8
-111921	1.5
-111353	2.5
-111699	1.9
-111474	2.3
-111407	2.4
-111764	1.8
-111691	1.9
-111643	2.0
-111636	2.0
-111796	1.7
-111244	2.7
-111850	1.6
-111503	2.2
-111422	2.4
-111710	1.9
-111150	2.9
-111990	1.4
-111362	2.5
-111864	1.6
-112036	1.3
-112102	1.2
-111471	2.3
-111562	2.1
-111188	2.8
-111622	2.0
-112026	1.3
-111606	2.1
-111572	2.1
-111644	2.0
-111761	1.8
-112164	1.1
-111565	2.1
-111780	1.8
-111602	2.1
-111821	1.7
-111172	2.8
-111483	2.3
-111309	2.6
-111724	1.9
-111180	2.8
-112032	1.3
-111312	2.6
-111789	1.7
-111720	1.9
-111631	2.0
-111376	2.5
-111938	1.5
-111175	2.8
-111639	2.0
-111357	2.5
-111911	1.5
-111111	2.9
-111683	1.9
-112003	1.4
-111873	1.6
-112000	1.4
-111387	2.4
-111498	2.3
-112212	1.0
-111401	2.4
-111028	3.1
-111553	2.2
-111371	2.5
-111571	2.1
-111635	2.0
-111466	2.3
-111910	1.5
-111583	2.1
-111315	2.6
-111240	2.7
-111441	2.4
-112125	1.1
-111644	2.0
-111594	2.1
-111457	2.3
-111083	3.0
-111733	1.8
-111510	2.2
-112027	1.3
-111447	2.3
-111376	2.5
-111617	2.0
-110970	3.2
-111523	2.2
-111548	2.2
-111805	1.7
-111592	2.1
-111539	2.2
-111567	2.1
-111764	1.8
-111822	1.7
-111835	1.7
-111764	1.8
-111399	2.4
-111577	2.1
-111965	1.4
-111906	1.5
-111611	2.1
-111570	2.1
-111913	1.5
-111244	2.7
-111983	1.4
-112041	1.3
-111609	2.1
-111041	3.1
-111688	1.9
-111596	2.1
-111579	2.1
-110923	3.3
-111329	2.6
-111364	2.5
-111770	1.8
-111577	2.1
-111791	1.7
-111849	1.6
-111955	1.4
-112013	1.3
-111429	2.4
-111467	2.3
-111748	1.8
-111713	1.9
-111656	2.0
-111718	1.9
-111907	1.5
-111437	2.4
-111988	1.4
-111556	2.2
-111464	2.3
-111860	1.6
-111536	2.2
-111639	2.0
-111750	1.8
-111340	2.5
-111692	1.9
-111481	2.3
-111573	2.1
-111705	1.9
-112067	1.2
-111483	2.3
-111766	1.8
-111325	2.6
-111562	2.1
-111692	1.9
-111875	1.6
-111601	2.1
-111788	1.7
-111512	2.2
-111725	1.9
-111539	2.2
-111642	2.0
-111485	2.3
-111578	2.1
-111713	1.9
-111269	2.7
-111560	2.1
-111772	1.8
-111203	2.8
-111171	2.8
-111843	1.6
-111332	2.5
-110999	3.1
-111551	2.2
-111072	3.0
-111792	1.7
-111674	1.9
-111319	2.6
-111693	1.9
-110995	3.1
-112010	1.3
-111801	1.7
-111517	2.2
-111617	2.0
-111922	1.5
-111243	2.7
-112020	1.3
-111780	1.8
-111805	1.7
-111643	2.0
-111378	2.5
-111894	1.6
-111986	1.4
-111661	2.0
-111432	2.4
-110975	3.2
-111270	2.7
-111516	2.2
-111714	1.9
-111412	2.4
-112313	0.8
-111124	2.9
-111817	1.7
-111781	1.8
-111327	2.6
-111345	2.5
-111652	2.0
-112042	1.3
-111643	2.0
-111737	1.8
-111714	1.9
-111415	2.4
-111838	1.7
-111938	1.5
-111677	1.9
-111526	2.2
-111236	2.7
-111640	2.0
-111609	2.1
-111745	1.8
-111512	2.2
-111550	2.2
-112245	0.9
-111382	2.5
-111143	2.9
-111530	2.2
-111357	2.5
-111587	2.1
-111423	2.4
-111441	2.4
-110963	3.2
-107163	9.9
-101659	19.6
-97864	26.3
-92588	35.6
-88621	42.6
-86787	45.9
-86331	46.7
-86027	47.2
-85383	48.4
-84791	49.4
-82797	52.9
-81274	55.6
-79645	58.5
-77805	61.7
-76080	64.8
-75074	66.6
-74069	68.3
-74059	68.4
-73260	69.8
-72374	71.3
-72152	71.7
-71408	73.0
-70479	74.7
-69707	76.0
-68860	77.5
-67785	79.4
-67734	79.5
-66837	81.1
-65933	82.7
-65173	84.0
-64617	85.0
-63644	86.7
-62750	88.3
-62426	88.9
-61163	91.1
-61072	91.3
-60393	92.5
-59036	94.9
-58994	95.0
-57793	97.1
-57416	97.7
-56725	99.0
-55208	101.6
-54682	102.6
-53995	103.8
-53716	104.3
-52578	106.3
-51867	107.5
-52438	106.5
-52694	106.1
-51497	108.2
-52206	106.9
-51380	108.4
-52727	106.0
-53341	104.9
-53867	104.0
-56777	98.9
-58080	96.6
-59960	93.2
-64033	86.1
-77958	61.5
-96900	28.0
-112760	0.0
-116840	-7.2
-104947	13.8
-114407	-2.9
-115752	-5.3
-105134	13.5
-115122	-4.1
-114021	-2.2
-104997	13.7
-115768	-5.3
-113726	-1.7
-105422	13.0
-116674	-6.9
-112338	0.8
-106070	11.8
-117253	-7.9
-111801	1.7
-107058	10.1
-117297	-8.0
-109932	5.0
-107654	9.0
-117114	-7.7
-109140	6.4
-108728	7.1
-117147	-7.7
-109057	6.6
-109670	5.5
-116791	-7.1
-107433	9.4
-109957	5.0
-116202	-6.1
-107537	9.2
-111474	2.3
-116103	-5.9
-107431	9.4
-111992	1.4
-115107	-4.1
-107162	9.9
-113005	-0.4
-114676	-3.4
-106830	10.5
-114234	-2.6
-113976	-2.1
-107319	9.6
-114663	-3.3
-113162	-0.7
-107762	8.8
-114736	-3.5
-112455	0.6
-107927	8.6
-115509	-4.8
-111770	1.8
-108335	7.8
-115256	-4.4
-110475	4.1
-108725	7.1
-115433	-4.7
-110019	4.9
-109857	5.2
-115407	-4.6
-109032	6.6
-109954	5.0
-114802	-3.6
-109471	5.8
-110925	3.3
-115249	-4.4
-108864	6.9
-111520	2.2
-114572	-3.2
-108611	7.3
-111808	1.7
-113855	-1.9
-108134	8.2
-112206	1.0
-113925	-2.0
-108185	8.1
-112904	-0.2
-112757	0.0
-108340	7.8
-113205	-0.8
-112848	-0.1
-108519	7.5
-113755	-1.7
-112615	0.3
-108433	7.7
-114053	-2.3
-111404	2.4
-109181	6.3
-114074	-2.3
-111272	2.7
-109638	5.5
-114533	-3.1
-110834	3.4
-109962	5.0
-113691	-1.6
-110227	4.5
-110357	4.3
-114178	-2.5
-109921	5.0
-111284	2.6
-114031	-2.2
-109420	5.9
-111610	2.1
-113558	-1.4
-109937	5.0
-111492	2.3
-113743	-1.7
-108763	7.1
-112069	1.2
-113822	-1.9
-109239	6.2
-112025	1.3
-112960	-0.3
-109169	6.4
-112351	0.7
-112282	0.9
-109343	6.1
-113164	-0.7
-112031	1.3
-109191	6.3
-113404	-1.1
-111819	1.7
-109621	5.6
-113398	-1.1
-111156	2.9
-109911	5.1
-113173	-0.7
-111387	2.4
-110154	4.6
-113710	-1.7
-110869	3.4
-110584	3.9
-113309	-0.9
-111306	2.6
-111071	3.0
-113731	-1.7
-110182	4.6
-110942	3.2
-113325	-1.0
-110361	4.3
-111374	2.5
-113231	-0.8
-110249	4.5
-111568	2.1
-112917	-0.3
-110030	4.8
-112102	1.2
-112734	0.1
-110052	4.8
-111887	1.6
-112339	0.8
-110112	4.7
-112622	0.3
-112557	0.4
-110110	4.7
-113063	-0.5
-112097	1.2
-110065	4.8
-112872	-0.2
-111055	3.0
-110125	4.7
-113140	-0.6
-111142	2.9
-111039	3.1
-113128	-0.6
-111323	2.6
-110794	3.5
-113485	-1.3
-110864	3.4
-110963	3.2
-112903	-0.2
-110872	3.4
-111169	2.8
-113366	-1.0
-110660	3.7
-111780	1.8
-113352	-1.0
-110748	3.6
-111304	2.6
-112965	-0.3
-110902	3.3
-111756	1.8
-112526	0.4
-110345	4.3
-112004	1.4
-112073	1.2
-110547	3.9
-112362	0.7
-112138	1.1
-110616	3.8
-112445	0.6
-111933	1.5
-110905	3.3
-112380	0.7
-111567	2.1
-110420	4.2
-112504	0.5
-111741	1.8
-110949	3.2
-112628	0.3
-111473	2.3
-111021	3.1
-113138	-0.6
-111047	3.0
-111011	3.1
-112890	-0.2
-111245	2.7
-111004	3.1
-112638	0.2
-110899	3.3
-110748	3.6
-112649	0.2
-110681	3.7
-111527	2.2
-112386	0.7
-111044	3.1
-111762	1.8
-112133	1.1
-110644	3.8
-112437	0.6
-112009	1.4
-110783	3.5
-112286	0.9
-112029	1.3
-111310	2.6
-111998	1.4
-111751	1.8
-110969	3.2
-112190	1.0
-111704	1.9
-110802	3.5
-112152	1.1
-111817	1.7
-111129	2.9
-112198	1.0
-111808	1.7
-111160	2.8
-112399	0.7
-110987	3.2
-111187	2.8
-112486	0.5
-111001	3.1
-111363	2.5
-112451	0.6
-111290	2.6
-111641	2.0
-112299	0.8
-110879	3.3
-111667	2.0
-112241	0.9
-111183	2.8
-111540	2.2
-112245	0.9
-111162	2.8
-111748	1.8
-111756	1.8
-111329	2.6
-111978	1.4
-111738	1.8
-111072	3.0
-111555	2.2
-111808	1.7
-110798	3.5
-111899	1.5
-112261	0.9
-111305	2.6
-112169	1.1
-112102	1.2
-111123	2.9
-112153	1.1
-111843	1.6
-111875	1.6
-112359	0.7
-111467	2.3
-111458	2.3
-111859	1.6
-111389	2.4
-111318	2.6
-112376	0.7
-111351	2.5
-111630	2.0
-112126	1.1
-111015	3.1
-111392	2.4
-112180	1.0
-111193	2.8
-111803	1.7
-112296	0.8
-111178	2.8
-111771	1.8
-111365	2.5
-111244	2.7
-111575	2.1
-112230	1.0
-111453	2.3
-111736	1.8
-111835	1.7
-111672	1.9
-112214	1.0
-111508	2.2
-111338	2.5
-111892	1.6
-111479	2.3
-111369	2.5
-111575	2.1
-111657	2.0
-111413	2.4
-112338	0.8
-111185	2.8
-111250	2.7
-111891	1.6
-111843	1.6
-111571	2.1
-112284	0.9
-111433	2.4
-111216	2.8
-112062	1.3
-111721	1.9
-111358	2.5
-112304	0.8
-111514	2.2
-111813	1.7
-111884	1.6
-111041	3.1
-111533	2.2
-111583	2.1
-111971	1.4
-112437	0.6
-111833	1.7
-111217	2.7
-111919	1.5
-111950	1.5
-111330	2.5
-111925	1.5
-111805	1.7
-111173	2.8
-112285	0.9
-111834	1.7
-111186	2.8
-111973	1.4
-111450	2.3
-111705	1.9
-111788	1.7
-111602	2.1
-111571	2.1
-112323	0.8
-111275	2.6
-111263	2.7
-111615	2.0
-111963	1.4
-112021	1.3
-111871	1.6
-111537	2.2
-111677	1.9
-112117	1.2
-112103	1.2
-111424	2.4
-111832	1.7
-111152	2.9
-111636	2.0
-112488	0.5
-111113	2.9
-111663	2.0
-111712	1.9
-111732	1.8
-111779	1.8
-111982	1.4
-111739	1.8
-111259	2.7
-111522	2.2
-111308	2.6
-112033	1.3
-111778	1.8
-111837	1.7
-111788	1.7
-111743	1.8
-111821	1.7
-112507	0.5
-111519	2.2
-111508	2.2
-111751	1.8
-111733	1.8
-111774	1.8
-111639	2.0
-111161	2.8
-111749	1.8
-111537	2.2
-111317	2.6
-111784	1.7
-112241	0.9
-110849	3.4
-111477	2.3
-111778	1.8
-111516	2.2
-111380	2.5
-111893	1.6
-111522	2.2
-111583	2.1
-111152	2.9
-111102	3.0
-111376	2.5
-111691	1.9
-111051	3.0
-111736	1.8
-112053	1.3
-111554	2.2
-111857	1.6
-112134	1.1
-111390	2.4
-111719	1.9
-111464	2.3
-111710	1.9
-111656	2.0
-111668	2.0
-111619	2.0
-112085	1.2
-111747	1.8
-111784	1.7
-111619	2.0
-111341	2.5
-111552	2.2
-111721	1.9
-111461	2.3
-111332	2.5
-111855	1.6
-111089	3.0
-111588	2.1
-111865	1.6
-111131	2.9
-111281	2.6
-111433	2.4
-111837	1.7
-111480	2.3
-112021	1.3
-111763	1.8
-111858	1.6
-111629	2.0
-111011	3.1
-111624	2.0
-111364	2.5
-111226	2.7
-111820	1.7
-111544	2.2
-111925	1.5
-111989	1.4
-111027	3.1
-111283	2.6
-111725	1.9
-111629	2.0
-111368	2.5
-111729	1.8
-111460	2.3
-111653	2.0
-111453	2.3
-111726	1.9
-111437	2.4
-111684	1.9
-111915	1.5
-111727	1.8
-111473	2.3
-111334	2.5
-111694	1.9
-111759	1.8
-111368	2.5
-111410	2.4
-111469	2.3
-111461	2.3
-112092	1.2
-111879	1.6
-111344	2.5
-111683	1.9
-111554	2.2
-111614	2.0
-111480	2.3
-111870	1.6
-112008	1.4
-111468	2.3
-111927	1.5
-111707	1.9
-111701	1.9
-111978	1.4
-111428	2.4
-111653	2.0
-111811	1.7
-111168	2.8
-111687	1.9
-111484	2.3
-111715	1.9
-111861	1.6
-111598	2.1
-111592	2.1
-111424	2.4
-111761	1.8
-111988	1.4
-111767	1.8
-111470	2.3
-111885	1.6
-111321	2.6
-111320	2.6
-111739	1.8
-111279	2.6
-111481	2.3
-111395	2.4
-111659	2.0
-111408	2.4
-111027	3.1
-111337	2.5
-111450	2.3
-111675	1.9
-111653	2.0
-111397	2.4
-111357	2.5
-111604	2.1
-111353	2.5
-111702	1.9
-111395	2.4
-111214	2.8
-111493	2.3
-111103	3.0
-111871	1.6
-111369	2.5
-111047	3.0
-111502	2.2
-111087	3.0
-111740	1.8
-111338	2.5
-111849	1.6
-111388	2.4
-111100	3.0
-111482	2.3
-111557	2.1
-111093	3.0
-111841	1.6
-111582	2.1
-111745	1.8
-111748	1.8
-111285	2.6
-112232	1.0
-111796	1.7
-111719	1.9
-111899	1.5
-111340	2.5
-111622	2.0
-111650	2.0
-111657	2.0
-111561	2.1
-111868	1.6
-111730	1.8
-111576	2.1
-112187	1.0
-111373	2.5
-111240	2.7
-111771	1.8
-110916	3.3
-111657	2.0
-111446	2.3
-111538	2.2
-111835	1.7
-112120	1.2
-111608	2.1
-111920	1.5
-111702	1.9
-111746	1.8
-111273	2.7
-112476	0.5
-111800	1.7
-112147	1.1
-111716	1.9
-111152	2.9
-111748	1.8
-111666	2.0
-111726	1.9
-111631	2.0
-111569	2.1
-111720	1.9
-111445	2.3
-111345	2.5
-111431	2.4
-111002	3.1
-111718	1.9
-111626	2.0
-111834	1.7
-111624	2.0
-111644	2.0
-112191	1.0
-111477	2.3
-111383	2.5
-111548	2.2
-111499	2.3
-111750	1.8
-111412	2.4
-111712	1.9
-111795	1.7
-111659	2.0
-112080	1.2
-111708	1.9
-111386	2.5
-111695	1.9
-111671	1.9
-111744	1.8
-111907	1.5
-111913	1.5
-111456	2.3
-112111	1.2
-111862	1.6
-111635	2.0
-112360	0.7
-111267	2.7
-111482	2.3
-111503	2.2
-111682	1.9
-111721	1.9
-111450	2.3
-112006	1.4
-111955	1.4
-111353	2.5
-111461	2.3
-110993	3.1
-111402	2.4
-112076	1.2
-111624	2.0
-111418	2.4
-112021	1.3
-111695	1.9
-111566	2.1
-112026	1.3
-111370	2.5
-111700	1.9
-111485	2.3
-111824	1.7
-111924	1.5
-112144	1.1
-111972	1.4
-111538	2.2
-111855	1.6
-111754	1.8
-111610	2.1
-111954	1.4
-112002	1.4
-111224	2.7
-111544	2.2
-111519	2.2
-111397	2.4
-111965	1.4
-111464	2.3
-111794	1.7
-111534	2.2
-112050	1.3
-111696	1.9
-111632	2.0
-111707	1.9
-111539	2.2
-111827	1.7
-111596	2.1
-111302	2.6
-111535	2.2
-112131	1.1
-111840	1.6
-111601	2.1
-111335	2.5
-111437	2.4
-111067	3.0
-111541	2.2
-111353	2.5
-111838	1.7
-111324	2.6
-111578	2.1
-111116	2.9
-111867	1.6
-111787	1.7
-112284	0.9
-111464	2.3
-111579	2.1
-111475	2.3
-111674	1.9
-111665	2.0
-111843	1.6
-111918	1.5
-111105	2.9
-112005	1.4
-111518	2.2
-111640	2.0
-111068	3.0
-111300	2.6
-105316	13.2
-100581	21.5
-102579	18.0
-103162	17.0
-103863	15.7
-104577	14.5
-105443	12.9
-105587	12.7
-106226	11.6
-105903	12.1
-105479	12.9
-105309	13.2
-105775	12.4
-106112	11.8
-106640	10.8
-106785	10.6
-106339	11.4
-106666	10.8
-106878	10.4
-106709	10.7
-106588	10.9
-105886	12.2
-105782	12.3
-106177	11.6
-104739	14.2
-104316	14.9
-103776	15.9
-102015	19.0
-100376	21.9
-99304	23.8
-97704	26.6
-95731	30.1
-93586	33.9
-92384	36.0
-90292	39.7
-88910	42.1
-87582	44.5
-86448	46.5
-85231	48.6
-83924	50.9
-83465	51.7
-82062	54.2
-80910	56.3
-80010	57.8
-79182	59.3
-77816	61.7
-77322	62.6
-75865	65.2
-74877	66.9
-73972	68.5
-73156	69.9
-71946	72.1
-70619	74.4
-69413	76.6
-68429	78.3
-66955	80.9
-66119	82.4
-64977	84.4
-64851	84.6
-63829	86.4
-62884	88.1
-62704	88.4
-61680	90.2
-61031	91.4
-60601	92.1
-61059	91.3
-60286	92.7
-59946	93.3
-60720	91.9
-59529	94.0
-58469	95.9
-58062	96.6
-58855	95.2
-60921	91.5
-61232	91.0
-62805	88.2
-66400	81.9
-79523	58.7
-127813	-26.6
-118607	-10.3
-88527	42.8
-130111	-30.6
-114492	-3.0
-90515	39.3
-131209	-32.5
-110281	4.4
-93154	34.6
-132986	-35.7
-106924	10.3
-96301	29.1
-132881	-35.5
-103568	16.3
-99319	23.8
-132192	-34.3
-100401	21.8
-102968	17.3
-131495	-33.1
-98350	25.5
-106657	10.8
-129986	-30.4
-96540	28.7
-110684	3.7
-128248	-27.3
-94936	31.5
-113186	-0.7
-125468	-22.4
-95088	31.2
-115987	-5.7
-123155	-18.3
-94459	32.3
-119042	-11.1
-120249	-13.2
-94974	31.4
-120758	-14.1
-117828	-8.9
-95639	30.3
-123080	-18.2
-114828	-3.6
-97018	27.8
-124622	-20.9
-111622	2.0
-99014	24.3
-125219	-22.0
-109267	6.2
-100386	21.9
-126072	-23.5
-107039	10.1
-102711	17.8
-125641	-22.7
-104986	13.8
-104960	13.8
-125452	-22.4
-102615	17.9
-107342	9.6
-124396	-20.5
-101770	19.4
-109421	5.9
-123017	-18.1
-101087	20.6
-111411	2.4
-121846	-16.0
-100156	22.3
-113702	-1.6
-120343	-13.4
-100212	22.2
-116109	-5.9
-118173	-9.5
-99801	22.9
-117549	-8.4
-116311	-6.2
-100129	22.3
-118418	-10.0
-115034	-4.0
-101393	20.1
-119488	-11.9
-112882	-0.2
-102211	18.6
-120336	-13.4
-111353	2.5
-103860	15.7
-120863	-14.3
-109647	5.5
-104972	13.8
-121161	-14.8
-107734	8.9
-105978	12.0
-121036	-14.6
-106392	11.3
-108113	8.2
-120848	-14.3
-105391	13.0
-109374	6.0
-119573	-12.0
-105025	13.7
-110969	3.2
-120231	-13.2
-104232	15.1
-112289	0.9
-118148	-9.5
-103988	15.5
-114032	-2.2
-117424	-8.2
-103411	16.5
-114632	-3.3
-115771	-5.3
-103923	15.6
-115348	-4.5
-114882	-3.7
-104428	14.7
-116353	-6.3
-113604	-1.5
-104965	13.8
-117288	-8.0
-112414	0.6
-105536	12.8
-118015	-9.3
-111194	2.8
-105932	12.1
-118240	-9.7
-109689	5.4
-106942	10.3
-117950	-9.1
-109228	6.3
-108312	7.9
-118157	-9.5
-107447	9.4
-108732	7.1
-117736	-8.8
-107373	9.5
-110129	4.7
-117463	-8.3
-106700	10.7
-111118	2.9
-117021	-7.5
-106266	11.5
-111945	1.5
-116113	-5.9
-105900	12.1
-113290	-0.9
-115259	-4.4
-106410	11.2
-114027	-2.2
-114656	-3.3
-105991	12.0
-114826	-3.6
-113680	-1.6
-106668	10.8
-115083	-4.1
-112529	0.4
-107105	10.0
-116124	-5.9
-111787	1.7
-107681	9.0
-116176	-6.0
-111289	2.6
-107933	8.5
-116440	-6.5
-110314	4.3
-108698	7.2
-116225	-6.1
-109214	6.3
-109296	6.1
-115925	-5.6
-108470	7.6
-110434	4.1
-116028	-5.7
-108383	7.8
-111233	2.7
-115576	-4.9
-107777	8.8
-111793	1.7
-115017	-4.0
-107758	8.9
-112327	0.8
-115004	-3.9
-107709	8.9
-113243	-0.8
-113800	-1.8
-107505	9.3
-113134	-0.6
-113328	-1.0
-107375	9.5
-114340	-2.8
-112746	0.0
-107187	9.9
-114548	-3.1
-112313	0.8
-108473	7.6
-114678	-3.4
-111613	2.0
-108057	8.3
-115184	-4.3
-110510	4.0
-108906	6.8
-114903	-3.8
-110509	4.0
-109318	6.1
-114799	-3.6
-110208	4.5
-109948	5.0
-114527	-3.1
-109813	5.2
-110313	4.3
-114555	-3.1
-109193	6.3
-111060	3.0
-114485	-3.0
-108837	7.0
-111625	2.0
-113964	-2.1
-108580	7.4
-111991	1.4
-113497	-1.3
-108360	7.8
-113224	-0.8
-113358	-1.0
-108770	7.1
-113005	-0.4
-112427	0.6
-109147	6.4
-114010	-2.2
-112522	0.4
-108665	7.3
-113778	-1.8
-111856	1.6
-109419	5.9
-114152	-2.4
-111745	1.8
-109487	5.8
-114154	-2.4
-110384	4.2
-110516	4.0
-114425	-2.9
-110331	4.3
-110316	4.3
-114389	-2.9
-110194	4.6
-110655	3.7
-113585	-1.4
-109999	4.9
-110961	3.2
-113542	-1.4
-109986	4.9
-111504	2.2
-113485	-1.3
-109963	5.0
-112082	1.2
-113059	-0.5
-109269	6.2
-112503	0.5
-112958	-0.3
-109256	6.2
-112964	-0.3
-112206	1.0
-109456	5.9
-113187	-0.7
-112533	0.4
-109791	5.3
-113477	-1.2
-112080	1.2
-109629	5.6
-113198	-0.7
-111534	2.2
-110091	4.7
-113318	-1.0
-111335	2.5
-110479	4.1
-113354	-1.0
-110302	4.4
-110476	4.1
-113379	-1.1
-110090	4.7
-110753	3.6
-113452	-1.2
-110242	4.5
-111274	2.6
-113014	-0.4
-110083	4.8
-111568	2.1
-112755	0.0
-109860	5.1
-111942	1.5
-113025	-0.4
-109949	5.0
-111756	1.8
-113077	-0.5
-110568	3.9
-112267	0.9
-112568	0.4
-110279	4.4
-112292	0.9
-111975	1.4
-110252	4.5
-112479	0.5
-111678	1.9
-110285	4.4
-112489	0.5
-111987	1.4
-110102	4.7
-113069	-0.5
-111968	1.4
-110182	4.6
-113508	-1.3
-110932	3.3
-110132	4.7
-112888	-0.2
-110685	3.7
-110643	3.8
-112782	-0.0
-111338	2.5
-111565	2.1
-112689	0.2
-110890	3.3
-111550	2.2
-112797	-0.0
-110047	4.8
-111646	2.0
-112975	-0.4
-109602	5.6
-111438	2.4
-112401	0.7
-110490	4.0
-111901	1.5
-112080	1.2
-110529	4.0
-111546	2.2
-112156	1.1
-110978	3.2
-112604	0.3
-111893	1.6
-110672	3.7
-112304	0.8
-111861	1.6
-111385	2.5
-113344	-1.0
-111633	2.0
-110908	3.3
-112325	0.8
-111427	2.4
-110755	3.6
-112689	0.2
-111281	2.6
-111519	2.2
-112773	0.0
-111350	2.5
-111057	3.0
-112637	0.2
-111401	2.4
-111646	2.0
-112283	0.9
-110840	3.4
-111574	2.1
-112538	0.4
-110456	4.1
-111729	1.8
-112601	0.3
-110765	3.5
-112077	1.2
-112183	1.0
-110447	4.1
-111746	1.8
-112552	0.4
-110736	3.6
-112474	0.5
-111869	1.6
-111073	3.0
-112372	0.7
-111542	2.2
-111036	3.1
-112343	0.8
-111447	2.3
-110735	3.6
-111941	1.5
-111062	3.0
-110446	4.1
-112531	0.4
-111826	1.7
-111190	2.8
-112319	0.8
-111497	2.3
-111237	2.7
-112012	1.3
-110711	3.6
-111316	2.6
-112255	0.9
-111449	2.3
-111130	2.9
-112182	1.0
-110819	3.5
-111732	1.8
-111892	1.6
-110723	3.6
-111908	1.5
-111881	1.6
-110990	3.1
-111727	1.8
-111587	2.1
-111096	3.0
-111860	1.6
-111825	1.7
-110904	3.3
-111917	1.5
-111374	2.5
-110949	3.2
-112551	0.4
-111585	2.1
-110724	3.6
-112040	1.3
-111110	2.9
-111405	2.4
-111960	1.4
-111272	2.7
-111123	2.9
-112520	0.4
-111092	3.0
-110899	3.3
-112603	0.3
-111401	2.4
-111562	2.1
-111682	1.9
-111177	2.8
-111613	2.0
-112308	0.8
-111035	3.1
-111858	1.6
-111860	1.6
-111482	2.3
-112022	1.3
-112265	0.9
-110998	3.1
-112128	1.1
-111987	1.4
-110548	3.9
-112124	1.1
-112149	1.1
-111455	2.3
-111710	1.9
-111444	2.3
-111809	1.7
-112293	0.8
-112012	1.3
-111010	3.1
-111978	1.4
-111330	2.5
-110837	3.4
-111810	1.7
-111397	2.4
-111305	2.6
-111944	1.5
-111469	2.3
-111037	3.1
-111417	2.4
-111433	2.4
-111581	2.1
-111842	1.6
-111368	2.5
-111674	1.9
-112186	1.0
-111469	2.3
-111370	2.5
-111854	1.6
-111523	2.2
-111804	1.7
-112000	1.4
-111293	2.6
-111799	1.7
-111239	2.7
-111457	2.3
-111850	1.6
-110866	3.4
-111631	2.0
-112109	1.2
-112048	1.3
-111449	2.3
-112196	1.0
-111796	1.7
-110981	3.2
-111656	2.0
-111576	2.1
-111347	2.5
-111713	1.9
-111633	2.0
-110788	3.5
-112151	1.1
-111243	2.7
-111514	2.2
-111855	1.6
-111380	2.5
-111195	2.8
-112656	0.2
-110926	3.3
-111358	2.5
-111693	1.9
-111373	2.5
-111734	1.8
-111638	2.0
-111326	2.6
-111365	2.5
-111714	1.9
-111587	2.1
-112324	0.8
-111805	1.7
-111658	2.0
-111882	1.6
-111452	2.3
-111506	2.2
-111584	2.1
-111545	2.2
-111421	2.4
-111298	2.6
-111524	2.2
-111022	3.1
-111736	1.8
-111641	2.0
-111814	1.7
-111756	1.8
-111488	2.3
-111815	1.7
-112385	0.7
-111659	2.0
-112215	1.0
-111736	1.8
-111213	2.8
-111828	1.7
-111944	1.5
-111314	2.6
-111072	3.0
-111532	2.2
-111465	2.3
-111624	2.0
-111749	1.8
-111846	1.6
-111911	1.5
-111941	1.5
-111368	2.5
-112013	1.3
-111933	1.5
-111384	2.5
-111585	2.1
-111491	2.3
-111549	2.2
-111004	3.1
-111763	1.8
-111546	2.2
-112044	1.3
-111977	1.4
-111187	2.8
-111415	2.4
-111675	1.9
-111429	2.4
-112208	1.0
-111255	2.7
-111761	1.8
-112405	0.7
-111563	2.1
-111898	1.5
-111361	2.5
-111497	2.3
-111184	2.8
-111910	1.5
-111266	2.7
-111263	2.7
-112011	1.3
-111724	1.9
-111470	2.3
-111642	2.0
-110808	3.5
-111688	1.9
-111803	1.7
-111582	2.1
-111629	2.0
-111685	1.9
-111125	2.9
-112014	1.3
-111476	2.3
-111309	2.6
-111420	2.4
-111497	2.3
-111469	2.3
-111975	1.4
-111338	2.5
-111328	2.6
-111593	2.1
-111432	2.4
-111591	2.1
-111690	1.9
-111823	1.7
-111141	2.9
-111899	1.5
-111790	1.7
-111654	2.0
-111218	2.7
-111442	2.4
-112099	1.2
-111472	2.3
-111596	2.1
-111219	2.7
-111936	1.5
-111408	2.4
-111380	2.5
-112165	1.1
-111631	2.0
-111377	2.5
-111564	2.1
-111410	2.4
-111372	2.5
-111888	1.6
-111538	2.2
-111758	1.8
-111841	1.6
-111734	1.8
-111579	2.1
-111863	1.6
-111179	2.8
-111588	2.1
-111543	2.2
-111987	1.4
-111870	1.6
-111538	2.2
-111480	2.3
-111582	2.1
-111511	2.2
-111506	2.2
-111416	2.4
-112201	1.0
-111145	2.9
-111996	1.4
-111764	1.8
-111729	1.8
-111912	1.5
-111622	2.0
-111458	2.3
-112055	1.3
-111360	2.5
-111532	2.2
-111281	2.6
-111702	1.9
-111630	2.0
-111954	1.4
-111291	2.6
-111527	2.2
-111589	2.1
-111399	2.4
-111221	2.7
-111541	2.2
-111554	2.2
-111709	1.9
-111489	2.3
-111933	1.5
-111575	2.1
-111923	1.5
-111491	2.3
-111447	2.3
-111760	1.8
-111486	2.3
-111506	2.2
-111754	1.8
-111434	2.4
-112032	1.3
-111508	2.2
-111806	1.7
-111138	2.9
-111700	1.9
-111447	2.3
-111531	2.2
-111392	2.4
-111663	2.0
-111820	1.7
-111613	2.0
-111849	1.6
-111843	1.6
-111692	1.9
-111353	2.5
-111433	2.4
-111681	1.9
-111475	2.3
-111417	2.4
-111774	1.8
-111604	2.1
-111630	2.0
-111434	2.4
-111842	1.6
-111963	1.4
-111382	2.5
-111774	1.8
-111280	2.6
-111808	1.7
-111492	2.3
-111847	1.6
-111362	2.5
-111703	1.9
-111816	1.7
-111212	2.8
-111627	2.0
-111210	2.8
-111564	2.1
-111880	1.6
-111425	2.4
-111145	2.9
-111733	1.8
-111509	2.2
-111503	2.2
-111575	2.1
-111665	2.0
-111388	2.4
-111819	1.7
-111794	1.7
-111457	2.3
-111569	2.1
-111546	2.2
-112069	1.2
-111581	2.1
-111157	2.9
-111897	1.5
-111694	1.9
-111560	2.1
-111288	2.6
-111818	1.7
-111439	2.4
-111441	2.4
-112216	1.0
-111988	1.4
-111772	1.8
-111237	2.7
-111427	2.4
-111461	2.3
-111520	2.2
-111534	2.2
-111798	1.7
-111373	2.5
-111553	2.2
-111220	2.7
-111110	2.9
-112256	0.9
-111516	2.2
-111509	2.2
-111508	2.2
-111330	2.5
-111268	2.7
-110812	3.5
-111628	2.0
-111780	1.8
-111765	1.8
-111784	1.7
-111687	1.9
-111287	2.6
-111846	1.6
-111540	2.2
-111524	2.2
-111538	2.2
-110873	3.4
-111519	2.2
-111750	1.8
-111529	2.2
-111737	1.8
-111859	1.6
-111554	2.2
-111472	2.3
-111703	1.9
-111552	2.2
-111409	2.4
-111439	2.4
-111747	1.8
-111394	2.4
-111781	1.8
-111880	1.6
-111530	2.2
-111231	2.7
-111495	2.3
-112076	1.2
-111315	2.6
-111762	1.8
-111992	1.4
-111882	1.6
-112020	1.3
-111322	2.6
-111844	1.6
-111334	2.5
-111706	1.9
-112033	1.3
-111847	1.6
-111603	2.1
-111850	1.6
-111343	2.5
-111588	2.1
-111692	1.9
-111652	2.0
-111008	3.1
-111757	1.8
-111074	3.0
-111634	2.0
-111966	1.4
-110541	3.9
-106355	11.3
-105191	13.4
-104912	13.9
-102811	17.6
-102698	17.8
-102059	18.9
-101154	20.5
-100088	22.4
-99727	23.0
-98617	25.0
-97946	26.2
-96492	28.7
-95738	30.1
-95157	31.1
-94386	32.5
-93094	34.7
-91884	36.9
-91028	38.4
-90565	39.2
-89368	41.3
-88349	43.1
-86663	46.1
-85091	48.9
-83125	52.3
-81681	54.9
-79901	58.0
-77784	61.8
-76814	63.5
-75323	66.1
-73698	69.0
-72742	70.7
-71933	72.1
-70960	73.8
-69482	76.4
-68196	78.7
-67532	79.9
-65889	82.8
-65336	83.8
-63863	86.4
-62668	88.5
-61554	90.4
-59745	93.6
-58774	95.3
-57972	96.8
-56325	99.7
-55467	101.2
-54223	103.4
-53032	105.5
-51783	107.7
-50965	109.1
-50004	110.8
-48667	113.2
-48102	114.2
-46965	116.2
-45534	118.7
-45361	119.0
-44113	121.2
-42870	123.4
-41959	125.0
-40949	126.8
-40199	128.1
-39483	129.4
-38259	131.6
-36723	134.3
-35501	136.4
-35590	136.3
-35964	135.6
-35407	136.6
-37603	132.7
-40177	128.2
-43576	122.2
-52283	106.8
-75782	65.3
-111943	1.5
-121974	-16.2
-99701	23.1
-114740	-3.5
-120435	-13.5
-99668	23.1
-116461	-6.5
-118300	-9.8
-99298	23.8
-117488	-8.3
-116246	-6.1
-100811	21.1
-119367	-11.6
-113912	-2.0
-101231	20.4
-120364	-13.4
-112411	0.6
-102801	17.6
-120736	-14.1
-110664	3.7
-103606	16.2
-121322	-15.1
-108774	7.1
-105413	13.0
-121662	-15.7
-107603	9.1
-106665	10.8
-120628	-13.9
-105811	12.3
-108513	7.5
-120748	-14.1
-104775	14.1
-110417	4.2
-119763	-12.3
-103963	15.6
-111434	2.4
-118737	-10.5
-103901	15.7
-113307	-0.9
-117679	-8.7
-103688	16.0
-114162	-2.5
-116198	-6.0
-103789	15.9
-115527	-4.9
-115125	-4.2
-104007	15.5
-116111	-5.9
-113850	-1.9
-104629	14.4
-116944	-7.4
-112285	0.9
-105473	12.9
-118092	-9.4
-111887	1.6
-106169	11.7
-117972	-9.2
-110161	4.6
-106884	10.4
-118295	-9.7
-108627	7.3
-108288	7.9
-117909	-9.1
-107644	9.1
-109013	6.6
-117330	-8.0
-106943	10.3
-110074	4.8
-117108	-7.7
-106880	10.4
-110512	4.0
-116894	-7.3
-106310	11.4
-112149	1.1
-116304	-6.2
-105855	12.2
-112788	-0.0
-115133	-4.2
-106315	11.4
-114116	-2.4
-114417	-2.9
-106324	11.4
-114779	-3.5
-113605	-1.5
-106769	10.6
-115544	-4.9
-112341	0.8
-107226	9.8
-114888	-3.7
-111684	1.9
-107447	9.4
-115506	-4.8
-110747	3.6
-108421	7.7
-115817	-5.4
-109941	5.0
-108997	6.7
-115792	-5.3
-109282	6.2
-109507	5.8
-116053	-5.8
-108669	7.2
-110206	4.5
-115660	-5.1
-108635	7.3
-111022	3.1
-115652	-5.1
-107860	8.7
-111443	2.3
-114786	-3.6
-108622	7.3
-112114	1.2
-114404	-2.9
-108207	8.1
-112924	-0.3
-114345	-2.8
-107557	9.2
-113456	-1.2
-113137	-0.6
-107688	9.0
-113342	-1.0
-112486	0.5
-108202	8.1
-113743	-1.7
-111838	1.7
-108526	7.5
-114173	-2.5
-111319	2.6
-108864	6.9
-114822	-3.6
-110306	4.4
-109107	6.5
-114645	-3.3
-110982	3.2
-109869	5.1
-114836	-3.6
-109504	5.8
-110286	4.4
-114903	-3.8
-109242	6.2
-110919	3.3
-114452	-3.0
-109178	6.3
-111555	2.2
-113343	-1.0
-108549	7.5
-111786	1.7
-113953	-2.1
-109144	6.4
-112359	0.7
-113046	-0.5
-108970	6.7
-112950	-0.3
-113708	-1.6
-108721	7.2
-113099	-0.6
-112535	0.4
-108587	7.4
-113571	-1.4
-112369	0.7
-109541	5.7
-113762	-1.7
-111924	1.5
-109206	6.3
-113693	-1.6
-111460	2.3
-109719	5.4
-113687	-1.6
-110927	3.3
-110264	4.4
-113641	-1.5
-111232	2.7
-110793	3.5
-114173	-2.5
-110761	3.6
-110586	3.9
-113839	-1.9
-110210	4.5
-111662	2.0
-113821	-1.8
-110042	4.8
-111515	2.2
-113391	-1.1
-109627	5.6
-111918	1.5
-113203	-0.8
-110008	4.9
-112389	0.7
-112869	-0.2
-109819	5.2
-112603	0.3
-112711	0.1
-109832	5.2
-113126	-0.6
-111952	1.5
-109453	5.9
-113362	-1.0
-111960	1.4
-109679	5.5
-112966	-0.3
-111752	1.8
-110140	4.7
-113360	-1.0
-111301	2.6
-110182	4.6
-113322	-1.0
-111105	2.9
-110483	4.0
-113091	-0.6
-110762	3.6
-110975	3.2
-113488	-1.3
-110948	3.2
-110931	3.3
-113378	-1.1
-109934	5.0
-111699	1.9
-112542	0.4
-110617	3.8
-111736	1.8
-112997	-0.4
-110169	4.6
-112023	1.3
-112727	0.1
-110454	4.1
-112292	0.9
-112681	0.2
-110073	4.8
-112037	1.3
-112177	1.1
-110304	4.4
-113072	-0.5
-111885	1.6
-110428	4.1
-112589	0.3
-111815	1.7
-110343	4.3
-113036	-0.5
-111443	2.3
-110281	4.4
-112488	0.5
-111061	3.0
-110940	3.2
-112847	-0.1
-111011	3.1
-111495	2.3
-112646	0.2
-110937	3.2
-110796	3.5
-112813	-0.1
-110908	3.3
-111669	2.0
-112413	0.6
-111047	3.0
-111247	2.7
-113031	-0.5
-110482	4.0
-111673	1.9
-112180	1.0
-110362	4.3
-112232	1.0
-112172	1.1
-110111	4.7
-112012	1.3
-112529	0.4
-110528	4.0
-112152	1.1
-111898	1.5
-111034	3.1
-112336	0.8
-111781	1.8
-110583	3.9
-112464	0.5
-111652	2.0
-110571	3.9
-112943	-0.3
-111487	2.3
-111311	2.6
-112245	0.9
-111493	2.3
-111199	2.8
-112109	1.2
-110789	3.5
-111590	2.1
-112766	0.0
-110923	3.3
-110959	3.2
-112791	-0.0
-111117	2.9
-111643	2.0
-112520	0.4
-111421	2.4
-111610	2.1
-112340	0.8
-110267	4.4
-111835	1.7
-112123	1.1
-110776	3.5
-112045	1.3
-111864	1.6
-110682	3.7
-111994	1.4
-111759	1.8
-110994	3.1
-112261	0.9
-111410	2.4
-111143	2.9
-111907	1.5
-111874	1.6
-110234	4.5
-112349	0.8
-111612	2.1
-111074	3.0
-112203	1.0
-111731	1.8
-110943	3.2
-112430	0.6
-111316	2.6
-111447	2.3
-112373	0.7
-110837	3.4
-111134	2.9
-112140	1.1
-111178	2.8
-111808	1.7
-112427	0.6
-111089	3.0
-111659	2.0
-112563	0.4
-111182	2.8
-112350	0.7
-111747	1.8
-110904	3.3
-111461	2.3
-112002	1.4
-111235	2.7
-112518	0.5
-111935	1.5
-111165	2.8
-112070	1.2
-111613	2.0
-110946	3.2
-112333	0.8
-111542	2.2
-110552	3.9
-111960	1.4
-111491	2.3
-110984	3.2
-112059	1.3
-111278	2.6
-111466	2.3
-112422	0.6
-111347	2.5
-111190	2.8
-112318	0.8
-111001	3.1
-111511	2.2
-111931	1.5
-111102	3.0
-111249	2.7
-112333	0.8
-111257	2.7
-111955	1.4
-112526	0.4
-111492	2.3
-111402	2.4
-111980	1.4
-111597	2.1
-111979	1.4
-111850	1.6
-110892	3.3
-111249	2.7
-112031	1.3
-111233	2.7
-112003	1.4
-111705	1.9
-111323	2.6
-111800	1.7
-111199	2.8
-111490	2.3
-111652	2.0
-112016	1.3
-111552	2.2
-112185	1.0
-111919	1.5
-111437	2.4
-111835	1.7
-111422	2.4
-111620	2.0
-112419	0.6
-111457	2.3
-111640	2.0
-112059	1.3
-111398	2.4
-111767	1.8
-111841	1.6
-111011	3.1
-111278	2.6
-111609	2.1
-111873	1.6
-111456	2.3
-111936	1.5
-111729	1.8
-112021	1.3
-112213	1.0
-111342	2.5
-111444	2.3
-111592	2.1
-111860	1.6
-111550	2.2
-111999	1.4
-111225	2.7
-112082	1.2
-111817	1.7
-111568	2.1
-112149	1.1
-111592	2.1
-111750	1.8
-111708	1.9
-111624	2.0
-111657	2.0
-111820	1.7
-111825	1.7
-111383	2.5
-112237	0.9
-111542	2.2
-111432	2.4
-112023	1.3
-111834	1.7
-111295	2.6
-111845	1.6
-110811	3.5
-111717	1.9
-112403	0.7
-111127	2.9
-111849	1.6
-111937	1.5
-111141	2.9
-111610	2.1
-112167	1.1
-111698	1.9
-111832	1.7
-111646	2.0
-111596	2.1
-111561	2.1
-111534	2.2
-111464	2.3
-112180	1.0
-111961	1.4
-111821	1.7
-112184	1.0
-111649	2.0
-111798	1.7
-111313	2.6
-111569	2.1
-111582	2.1
-111461	2.3
-111466	2.3
-111276	2.6
-111860	1.6
-111323	2.6
-111429	2.4
-111886	1.6
-111117	2.9
-111447	2.3
-111447	2.3
-111549	2.2
-111797	1.7
-111979	1.4
-111580	2.1
-111940	1.5
-111533	2.2
-111429	2.4
-111463	2.3
-111634	2.0
-111314	2.6
-112105	1.2
-112191	1.0
-111429	2.4
-111739	1.8
-111740	1.8
-111892	1.6
-111363	2.5
-111694	1.9
-111519	2.2
-111537	2.2
-111468	2.3
-111151	2.9
-111332	2.5
-111899	1.5
-111634	2.0
-111732	1.8
-111453	2.3
-111604	2.1
-111781	1.8
-110909	3.3
-112022	1.3
-111654	2.0
-111749	1.8
-111898	1.5
-111960	1.4
-111552	2.2
-111500	2.2
-111987	1.4
-111395	2.4
-111888	1.6
-112332	0.8
-111520	2.2
-112188	1.0
-111712	1.9
-111528	2.2
-111874	1.6
-111790	1.7
-111518	2.2
-111709	1.9
-111476	2.3
-111715	1.9
-112109	1.2
-111773	1.8
-111266	2.7
-111458	2.3
-111342	2.5
-111090	3.0
-112009	1.4
-111501	2.2
-111759	1.8
-111496	2.3
-111632	2.0
-111531	2.2
-111480	2.3
-111965	1.4
-111311	2.6
-111809	1.7
-111141	2.9
-111580	2.1
-111828	1.7
-111817	1.7
-111297	2.6
-111512	2.2
-111159	2.9
-111503	2.2
-111359	2.5
-110928	3.3
-111480	2.3
-111244	2.7
-111890	1.6
-111583	2.1
-111737	1.8
-111444	2.3
-112046	1.3
-112079	1.2
-112028	1.3
-111597	2.1
-111763	1.8
-111531	2.2
-111334	2.5
-111621	2.0
-111681	1.9
-111705	1.9
-111297	2.6
-111588	2.1
-111769	1.8
-111257	2.7
-111850	1.6
-111779	1.8
-111624	2.0
-111188	2.8
-111673	1.9
-111370	2.5
-111268	2.7
-111632	2.0
-111717	1.9
-111688	1.9
-111499	2.3
-111620	2.0
-111311	2.6
-111618	2.0
-111961	1.4
-111470	2.3
-111902	1.5
-111745	1.8
-111284	2.6
-111400	2.4
-111649	2.0
-112012	1.3
-111459	2.3
-111455	2.3
-111512	2.2
-111737	1.8
-111584	2.1
-111574	2.1
-111840	1.6
-111479	2.3
-111893	1.6
-111426	2.4
-112016	1.3
-111788	1.7
-111578	2.1
-112026	1.3
-111537	2.2
-111556	2.2
-111765	1.8
-111761	1.8
-111692	1.9
-111971	1.4
-112468	0.5
-111457	2.3
-111653	2.0
-112002	1.4
-111889	1.6
-111544	2.2
-111307	2.6
-111602	2.1
-111629	2.0
-111945	1.5
-112145	1.1
-112182	1.0
-111753	1.8
-111521	2.2
-111572	2.1
-111950	1.5
-111676	1.9
-111911	1.5
-111946	1.5
-111722	1.9
-111945	1.5
-111169	2.8
-111699	1.9
-111380	2.5
-111742	1.8
-111844	1.6
-111503	2.2
-110959	3.2
-111415	2.4
-111690	1.9
-111731	1.8
-111586	2.1
-111266	2.7
-111743	1.8
-112064	1.3
-111731	1.8
-111845	1.6
-111922	1.5
-111556	2.2
-111978	1.4
-111782	1.8
-112201	1.0
-111441	2.4
-111468	2.3
-111909	1.5
-111773	1.8
-111522	2.2
-111388	2.4
-111737	1.8
-111832	1.7
-111779	1.8
-111527	2.2
-111560	2.1
-111160	2.8
-111618	2.0
-111777	1.8
-111507	2.2
-111373	2.5
-111805	1.7
-111746	1.8
-111635	2.0
-111890	1.6
-112011	1.3
-111995	1.4
-112018	1.3
-111293	2.6
-111438	2.4
-111641	2.0
-111518	2.2
-111612	2.1
-111990	1.4
-111768	1.8
-111596	2.1
-111854	1.6
-111467	2.3
-111946	1.5
-111559	2.1
-112122	1.2
-111390	2.4
-111701	1.9
-111510	2.2
-111610	2.1
-111390	2.4
-111274	2.6
-112024	1.3
-111650	2.0
-111488	2.3
-111744	1.8
-111511	2.2
-112177	1.1
-112059	1.3
-112153	1.1
-111819	1.7
-111841	1.6
-111770	1.8
-111544	2.2
-111734	1.8
-111704	1.9
-111931	1.5
-111596	2.1
-111707	1.9
-111723	1.9
-111999	1.4
-111380	2.5
-111457	2.3
-111473	2.3
-111439	2.4
-111622	2.0
-111059	3.0
-111643	2.0
-111997	1.4
-111476	2.3
-111481	2.3
-111807	1.7
-111958	1.4
-112186	1.0
-111646	2.0
-111527	2.2
-111108	2.9
-111466	2.3
-111875	1.6
-111647	2.0
-111711	1.9
-111526	2.2
-111597	2.1
-111610	2.1
-111625	2.0
-111406	2.4
-111375	2.5
-112187	1.0
-111397	2.4
-111931	1.5
-111948	1.5
-111362	2.5
-111417	2.4
-111400	2.4
-111966	1.4
-111742	1.8
-111836	1.7
-111395	2.4
-111514	2.2
-111726	1.9
-111679	1.9
-112107	1.2
-111327	2.6
-111569	2.1
-111358	2.5
-111802	1.7
-111888	1.6
-111452	2.3
-111289	2.6
-111451	2.3
-111291	2.6
-112135	1.1
-111211	2.8
-111730	1.8
-111732	1.8
-111959	1.4
-111413	2.4
-111526	2.2
-111303	2.6
-111857	1.6
-111651	2.0
-111644	2.0
-111402	2.4
-111615	2.0
-111765	1.8
-111306	2.6
-111464	2.3
-111573	2.1
-111635	2.0
-111479	2.3
-111871	1.6
-111722	1.9
-111509	2.2
-112511	0.5
-111846	1.6
-111501	2.2
-111310	2.6
-112138	1.1
-111782	1.8
-112071	1.2
-111893	1.6
-111623	2.0
-111424	2.4
-111601	2.1
-112164	1.1
-111556	2.2
-111303	2.6
-111725	1.9
-111189	2.8
-111383	2.5
-111765	1.8
-111898	1.5
-111904	1.5
-111766	1.8
-111717	1.9
-111484	2.3
-112270	0.9
-111706	1.9
-111692	1.9
-111525	2.2
-111638	2.0
-111611	2.1
-111656	2.0
-111722	1.9
-112250	0.9
-111447	2.3
-112063	1.3
-111751	1.8
-111561	2.1
-111666	2.0
-111854	1.6
-111770	1.8
-111314	2.6
-111888	1.6
-111641	2.0
-111633	2.0
-111600	2.1
-111825	1.7
-111519	2.2
-111792	1.7
-111216	2.8
-111552	2.2
-111710	1.9
-111368	2.5
-111635	2.0
-111622	2.0
-111533	2.2
-112048	1.3
-111658	2.0
-111363	2.5
-111989	1.4
-111636	2.0
-111738	1.8
-111431	2.4
-111577	2.1
-111386	2.5
-111436	2.4
-111372	2.5
-111626	2.0
-111835	1.7
-111753	1.8
-111222	2.7
-111915	1.5
-111524	2.2
-111486	2.3
-111493	2.3
-111427	2.4
-111816	1.7
-111502	2.2
-111564	2.1
-111668	2.0
-111753	1.8
-111241	2.7
-111324	2.6
-111477	2.3
-111739	1.8
-111714	1.9
-111971	1.4
-111918	1.5
-111764	1.8
-111767	1.8
-111545	2.2
-111488	2.3
-112006	1.4
-111897	1.5
-111827	1.7
-111596	2.1
-111807	1.7
-112061	1.3
-111097	3.0
-111558	2.1
-111759	1.8
-111992	1.4
-111781	1.8
-111875	1.6
-111226	2.7
-111623	2.0
-111548	2.2
-111508	2.2
-111390	2.4
-112125	1.1
-111189	2.8
-111711	1.9
-111584	2.1
-111341	2.5
-111335	2.5
-111121	2.9
-111601	2.1
-111848	1.6
-111510	2.2
-111463	2.3
-111746	1.8
-112002	1.4
-111811	1.7
-111848	1.6
-111616	2.0
-111675	1.9
-112080	1.2
-111745	1.8
-111502	2.2
-112001	1.4
-111710	1.9
-111642	2.0
-111711	1.9
-111545	2.2
-112153	1.1
-111500	2.2
-111797	1.7
-111219	2.7
-111404	2.4
-111019	3.1
-111830	1.7
-111249	2.7
-111930	1.5
-111791	1.7
-111799	1.7
-111211	2.8
-111139	2.9
-111693	1.9
-111200	2.8
-111626	2.0
-111364	2.5
-111651	2.0
-111455	2.3
-111635	2.0
-111577	2.1
-111104	2.9
-111492	2.3
-111709	1.9
-111801	1.7
-111790	1.7
-111354	2.5
-111600	2.1
-111441	2.4
-111629	2.0
-112077	1.2
-112326	0.8
-111409	2.4
-111384	2.5
-111787	1.7
-111622	2.0
-111484	2.3
-111668	2.0
-111627	2.0
-111768	1.8
-111716	1.9
-111286	2.6
-111328	2.6
-111582	2.1
-111687	1.9
-111250	2.7
-111603	2.1
-111101	3.0
-111716	1.9
-111679	1.9
-112131	1.1
-111829	1.7
-111450	2.3
-111789	1.7
-111863	1.6
-111600	2.1
-111309	2.6
-111431	2.4
-111787	1.7
-112013	1.3
-111604	2.1
-111556	2.2
-111700	1.9
-111986	1.4
-111747	1.8
-111319	2.6
-111810	1.7
-111688	1.9
-111458	2.3
-112513	0.5
-111795	1.7
-111715	1.9
-111672	1.9
-111636	2.0
-111647	2.0
-111758	1.8
-111681	1.9
-111536	2.2
-111263	2.7
-111640	2.0
-111326	2.6
-111335	2.5
-111088	3.0
-111787	1.7
-111629	2.0
-111145	2.9
-111281	2.6
-111190	2.8
-111556	2.2
-111569	2.1
-111403	2.4
-111693	1.9
-111345	2.5
-111447	2.3
-111636	2.0
-111341	2.5
-112054	1.3
-111353	2.5
-111775	1.8
-112156	1.1
-111382	2.5
-112393	0.7
-111297	2.6
-111812	1.7
-112439	0.6
-111545	2.2
-111642	2.0
-111759	1.8
-112010	1.3
-111653	2.0
-111260	2.7
-111157	2.9
-111366	2.5
-111792	1.7
-111638	2.0
-111679	1.9
-111992	1.4
-111722	1.9
-111303	2.6
-111681	1.9
-111895	1.6
-111933	1.5
-111327	2.6
-111366	2.5
-111570	2.1
-111893	1.6
-112152	1.1
-111776	1.8
-111833	1.7
-111197	2.8
-111537	2.2
-111547	2.2
-111306	2.6
-111383	2.5
-111609	2.1
-111781	1.8
-111983	1.4
-111385	2.5
-111763	1.8
-111316	2.6
-111519	2.2
-111146	2.9
-112252	0.9
-111485	2.3
-111625	2.0
-111655	2.0
-111238	2.7
-111388	2.4
-111318	2.6
-111342	2.5
-111750	1.8
-111774	1.8
-111957	1.4
-111453	2.3
-111405	2.4
-111585	2.1
-111851	1.6
-111847	1.6
-111786	1.7
-111578	2.1
-111280	2.6
-111354	2.5
-111844	1.6
-111529	2.2
-111375	2.5
-111093	3.0
-111216	2.8
-111994	1.4
-111601	2.1
-111313	2.6
-111160	2.8
-111808	1.7
-111750	1.8
-111173	2.8
-111964	1.4
-111726	1.9
-111829	1.7
-112219	1.0
-111729	1.8
-111135	2.9
-111329	2.6
-111417	2.4
-111187	2.8
-111751	1.8
-111348	2.5
-111126	2.9
-111895	1.6
-111578	2.1
-111692	1.9
-111373	2.5
-111662	2.0
-111713	1.9
-111941	1.5
-111285	2.6
-112060	1.3
-111781	1.8
-112071	1.2
-111686	1.9
-111928	1.5
-111652	2.0
-112158	1.1
-111566	2.1
-111247	2.7
-110917	3.3
-111096	3.0
-111424	2.4
-111763	1.8
-110996	3.1
-111548	2.2
-111656	2.0
-111370	2.5
-111224	2.7
-111626	2.0
-111648	2.0
-111924	1.5
-111894	1.6
-111514	2.2
-111757	1.8
-112040	1.3
-111796	1.7
-111390	2.4
-111103	3.0
-111635	2.0
-111647	2.0
-112068	1.2
-111151	2.9
-111585	2.1
-111695	1.9
-111980	1.4
-111705	1.9
-111308	2.6
-111506	2.2
-111487	2.3
-111749	1.8
-111524	2.2
-110987	3.2
-111637	2.0
-111256	2.7
-111503	2.2
-111463	2.3
-111725	1.9
-111841	1.6
-111899	1.5
-111862	1.6
-111205	2.8
-111617	2.0
-111997	1.4
-111431	2.4
-111128	2.9
-111985	1.4
-111866	1.6
-111955	1.4
-111651	2.0
-111587	2.1
-111760	1.8
-111893	1.6
-111481	2.3
-110926	3.3
-111919	1.5
-111314	2.6
-111816	1.7
-111312	2.6
-111740	1.8
-111212	2.8
-112199	1.0
-111068	3.0
-111067	3.0
-111801	1.7
-111854	1.6
-111377	2.5
-111030	3.1
-111604	2.1
-111517	2.2
-111919	1.5
-111427	2.4
-111960	1.4
-111651	2.0
-112091	1.2
-111404	2.4
-111457	2.3
-111843	1.6
-111663	2.0
-111412	2.4
-111683	1.9
-111726	1.9
-112326	0.8
-111480	2.3
-111784	1.7
-111811	1.7
-111380	2.5
-111831	1.7
-111711	1.9
-111887	1.6
-111214	2.8
-111174	2.8
-111651	2.0
-111401	2.4
-111239	2.7
-111251	2.7
-111820	1.7
-111422	2.4
-111555	2.2
-111907	1.5
-111345	2.5
-111795	1.7
-111851	1.6
-111547	2.2
-111266	2.7
-111908	1.5
-111620	2.0
-111394	2.4
-111810	1.7
-111998	1.4
-111601	2.1
-111716	1.9
-111399	2.4
-111145	2.9
-111816	1.7
-111379	2.5
-111365	2.5
-111327	2.6
-111749	1.8
-111585	2.1
-111879	1.6
-111747	1.8
-111142	2.9
-111748	1.8
-111889	1.6
-111725	1.9
-111347	2.5
-111413	2.4
-111854	1.6
-111978	1.4
-111268	2.7
-111855	1.6
-111902	1.5
-111621	2.0
-111207	2.8
-111521	2.2
-111487	2.3
-111279	2.6
-111781	1.8
-111797	1.7
-111117	2.9
-111248	2.7
-111534	2.2
-111672	1.9
-111842	1.6
-111649	2.0
-111516	2.2
-111448	2.3
-111247	2.7
-111633	2.0
-111179	2.8
-111460	2.3
-111327	2.6
-111419	2.4
-111752	1.8
-112036	1.3
-112018	1.3
-111383	2.5
-111009	3.1
-111998	1.4
-111480	2.3
-111441	2.4
-111983	1.4
-111790	1.7
-111695	1.9
-111438	2.4
-112010	1.3
-111534	2.2
-111425	2.4
-111687	1.9
-111537	2.2
-112097	1.2
-111608	2.1
-111793	1.7
-111744	1.8
-111548	2.2
-111572	2.1
-111752	1.8
-111298	2.6
-111549	2.2
-111746	1.8
-111782	1.8
-111266	2.7
-111520	2.2
-111474	2.3
-111481	2.3
-111630	2.0
-111819	1.7
-111604	2.1
-111128	2.9
-111319	2.6
-111752	1.8
-111616	2.0
-111749	1.8
-111901	1.5
-111554	2.2
-112005	1.4
-111290	2.6
-111818	1.7
-111460	2.3
-111739	1.8
-111705	1.9
-111290	2.6
-111696	1.9
-111132	2.9
-111526	2.2
-111151	2.9
-112148	1.1
-111411	2.4
-111518	2.2
-111744	1.8
-112028	1.3
-111726	1.9
-111368	2.5
-111800	1.7
-111338	2.5
-111698	1.9
-111669	2.0
-111339	2.5
-111980	1.4
-111510	2.2
-111627	2.0
-112204	1.0
-111473	2.3
-111961	1.4
-111527	2.2
-112011	1.3
-111425	2.4
-111787	1.7
-111405	2.4
-111424	2.4
-111827	1.7
-111568	2.1
-111789	1.7
-111545	2.2
-111843	1.6
-111962	1.4
-111915	1.5
-111751	1.8
-111769	1.8
-111381	2.5
-111550	2.2
-112071	1.2
-111360	2.5
-111972	1.4
-111869	1.6
-111596	2.1
-111828	1.7
-111516	2.2
-111303	2.6
-111442	2.4
-111570	2.1
-111908	1.5
-111615	2.0
-111805	1.7
-111837	1.7
-110982	3.2
-112039	1.3
-111912	1.5
-111503	2.2
-111788	1.7
-111362	2.5
-112335	0.8
-112459	0.6
-111378	2.5
-111613	2.0
-111639	2.0
-111566	2.1
-111066	3.0
-112001	1.4
-112107	1.2
-111732	1.8
-112205	1.0
-111727	1.8
-111306	2.6
-111802	1.7
-112177	1.1
-111772	1.8
-111545	2.2
-111635	2.0
-111437	2.4
-111347	2.5
-111505	2.2
-112152	1.1
-111500	2.2
-111061	3.0
-111659	2.0
-111654	2.0
-112102	1.2
-112335	0.8
-111788	1.7
-111811	1.7
-111436	2.4
-111556	2.2
-111529	2.2
-112007	1.4
-112002	1.4
-111528	2.2
-111450	2.3
-111113	2.9
-111720	1.9
-111785	1.7
-111558	2.1
-111560	2.1
-111778	1.8
-111299	2.6
-111330	2.5
-111774	1.8
-112040	1.3
-111589	2.1
-111691	1.9
-112041	1.3
-111753	1.8
-111771	1.8
-111606	2.1
-111841	1.6
-111274	2.6
-111462	2.3
-111252	2.7
-112227	1.0
-110988	3.2
-111836	1.7
-111019	3.1
-111093	3.0
-111792	1.7
-111235	2.7
-111768	1.8
-111412	2.4
-112165	1.1
-111432	2.4
-111188	2.8
-111673	1.9
-112074	1.2
-111136	2.9
-111473	2.3
-111606	2.1
-111865	1.6
-111450	2.3
-111622	2.0
-111453	2.3
-111655	2.0
-111376	2.5
-111240	2.7
-112146	1.1
-111798	1.7
-111836	1.7
-111686	1.9
-111785	1.7
-111990	1.4
-111974	1.4
-111630	2.0
-111540	2.2
-111556	2.2
-111455	2.3
-111486	2.3
-111974	1.4
-111099	3.0
-111825	1.7
-111657	2.0
-111946	1.5
-111823	1.7
-111446	2.3
-111634	2.0
-111450	2.3
-111859	1.6
-111860	1.6
-111527	2.2
-111187	2.8
-112033	1.3
-111413	2.4
-111693	1.9
-111748	1.8
-111662	2.0
-111865	1.6
-112098	1.2
-111666	2.0
-111234	2.7
-111734	1.8
-111209	2.8
-111398	2.4
-111718	1.9
-111227	2.7
-111328	2.6
-111370	2.5
-111321	2.6
-111915	1.5
-111610	2.1
-111941	1.5
-111624	2.0
-111526	2.2
-111490	2.3
-111296	2.6
-111538	2.2
-111794	1.7
-111892	1.6
-111703	1.9
-111413	2.4
-111470	2.3
-111509	2.2
-111521	2.2
-111602	2.1
-111633	2.0
-111915	1.5
-111836	1.7
-112129	1.1
-111864	1.6
-111990	1.4
-111311	2.6
-111502	2.2
-111937	1.5
-111709	1.9
-111465	2.3
-111660	2.0
-111455	2.3
-111255	2.7
-111669	2.0
-111790	1.7
-111603	2.1
-111363	2.5
-111737	1.8
-111194	2.8
-111039	3.1
-111811	1.7
-111791	1.7
-111770	1.8
-111599	2.1
-111551	2.2
-111416	2.4
-111555	2.2
-111537	2.2
-111659	2.0
-111424	2.4
-111295	2.6
-111413	2.4
-111826	1.7
-111147	2.9
-111602	2.1
-111532	2.2
-111610	2.1
-111493	2.3
-111579	2.1
-111771	1.8
-111430	2.4
-111759	1.8
-111702	1.9
-111293	2.6
-111423	2.4
-111189	2.8
-111293	2.6
-111650	2.0
-111951	1.5
-111499	2.3
-111208	2.8
-111129	2.9
-111895	1.6
-111842	1.6
-111587	2.1
-112135	1.1
-112051	1.3
-111622	2.0
-111112	2.9
-112161	1.1
-111218	2.7
-111509	2.2
-111201	2.8
-111853	1.6
-111840	1.6
-111928	1.5
-111272	2.7
-111545	2.2
-110989	3.2
-111510	2.2
-111677	1.9
-111853	1.6
-111542	2.2
-111254	2.7
-111685	1.9
-111939	1.5
-111614	2.0
-111820	1.7
-111565	2.1
-111877	1.6
-111664	2.0
-111560	2.1
-111918	1.5
-111923	1.5
-111691	1.9
-111461	2.3
-111295	2.6
-111060	3.0
-111886	1.6
-112031	1.3
-111332	2.5
-111548	2.2
-111746	1.8
-111647	2.0
-111567	2.1
-111309	2.6
-111506	2.2
-111793	1.7
-111360	2.5
-111253	2.7
-111881	1.6
-111859	1.6
-111551	2.2
-111640	2.0
-111723	1.9
-111140	2.9
-111699	1.9
-111296	2.6
-111985	1.4
-111430	2.4
-111487	2.3
-111733	1.8
-112057	1.3
-111609	2.1
-111931	1.5
-111171	2.8
-111424	2.4
-112006	1.4
-111408	2.4
-111276	2.6
-111834	1.7
-111977	1.4
-111587	2.1
-111624	2.0
-111339	2.5
-111931	1.5
-111262	2.7
-111875	1.6
-112273	0.9
-111639	2.0
-111782	1.8
-111540	2.2
-111134	2.9
-111788	1.7
-111979	1.4
-111387	2.4
-111776	1.8
-111548	2.2
-111820	1.7
-110978	3.2
-111395	2.4
-111321	2.6
-111242	2.7
-111512	2.2
-111992	1.4
-111554	2.2
-111176	2.8
-111705	1.9
-111485	2.3
-111832	1.7
-111633	2.0
-111652	2.0
-111756	1.8
-111602	2.1
-111617	2.0
-111672	1.9
-111287	2.6
-111471	2.3
-111578	2.1
-111742	1.8
-111715	1.9
-111944	1.5
-111499	2.3
-111387	2.4
-111437	2.4
-111450	2.3
-111463	2.3
-111694	1.9
-111306	2.6
-111426	2.4
-111666	2.0
-111716	1.9
-111583	2.1
-111203	2.8
-111092	3.0
-111842	1.6
-111585	2.1
-111570	2.1
-111293	2.6
-112026	1.3
-111666	2.0
-111667	2.0
-111552	2.2
-111718	1.9
-112041	1.3
-111542	2.2
-111545	2.2
-111315	2.6
-111512	2.2
-111695	1.9
-111352	2.5
-111717	1.9
-111778	1.8
-111865	1.6
-111708	1.9
-111433	2.4
-111051	3.0
-111696	1.9
-111308	2.6
-112072	1.2
-111519	2.2
-112126	1.1
-111290	2.6
-111718	1.9
-111668	2.0
-111766	1.8
-111709	1.9
-111636	2.0
-111484	2.3
-111918	1.5
-111430	2.4
-111540	2.2
-111463	2.3
-111647	2.0
-111775	1.8
-111378	2.5
-111196	2.8
-111810	1.7
-111582	2.1
-111356	2.5
-111367	2.5
-111602	2.1
-111592	2.1
-111439	2.4
-111338	2.5
-112024	1.3
-111830	1.7
-111546	2.2
-111372	2.5
-111267	2.7
-111720	1.9
-111279	2.6
-111069	3.0
-111473	2.3
-111692	1.9
-112003	1.4
-111343	2.5
-111619	2.0
-111654	2.0
-111779	1.8
-111466	2.3
-111579	2.1
-111921	1.5
-111736	1.8
-112001	1.4
-111454	2.3
-111678	1.9
-111890	1.6
-110882	3.3
-111433	2.4
-111636	2.0
-111860	1.6
-111630	2.0
-111775	1.8
-111897	1.5
-111670	1.9
-111362	2.5
-111380	2.5
-111720	1.9
-111597	2.1
-111411	2.4
-111645	2.0
-111713	1.9
-111893	1.6
-111838	1.7
-111720	1.9
-111875	1.6
-111814	1.7
-111851	1.6
-111610	2.1
-111792	1.7
-111698	1.9
-111321	2.6
-111380	2.5
-111422	2.4
-111218	2.7
-111333	2.5
-111545	2.2
-111867	1.6
-111717	1.9
-111521	2.2
-111272	2.7
-111144	2.9
-111656	2.0
-111461	2.3
-111891	1.6
-111575	2.1
-111344	2.5
-111549	2.2
-111784	1.7
-111986	1.4
-111408	2.4
-111432	2.4
-112015	1.3
-111627	2.0
-111618	2.0
-111524	2.2
-111792	1.7
-111833	1.7
-111686	1.9
-111899	1.5
-111157	2.9
-111575	2.1
-111373	2.5
-111825	1.7
-111556	2.2
-111468	2.3
-111499	2.3
-111444	2.3
-111387	2.4
-111661	2.0
-111755	1.8
-111906	1.5
-111610	2.1
-111934	1.5
-111283	2.6
-111613	2.0
-112014	1.3
-111828	1.7
-111416	2.4
-111644	2.0
-111097	3.0
-112132	1.1
-111756	1.8
-112047	1.3
-111795	1.7
-112252	0.9
-111639	2.0
-111817	1.7
-111372	2.5
-112089	1.2
-111889	1.6
-111532	2.2
-111064	3.0
-111369	2.5
-111577	2.1
-111770	1.8
-112095	1.2
-111979	1.4
-111667	2.0
-111698	1.9
-111896	1.6
-111468	2.3
-111551	2.2
-111348	2.5
-111727	1.8
-111417	2.4
-111901	1.5
-111408	2.4
-111554	2.2
-111662	2.0
-111342	2.5
-111309	2.6
-111798	1.7
-110924	3.3
-111996	1.4
-111467	2.3
-111580	2.1
-111542	2.2
-111398	2.4
-111211	2.8
-111212	2.8
-111844	1.6
-111418	2.4
-111394	2.4
-111716	1.9
-111764	1.8
-111859	1.6
-112068	1.2
-111833	1.7
-111680	1.9
-111269	2.7
-111274	2.6
-112043	1.3
-111336	2.5
-111470	2.3
-111212	2.8
-111272	2.7
-111513	2.2
-111648	2.0
-111229	2.7
-111036	3.1
-111198	2.8
-111549	2.2
-111397	2.4
-111685	1.9
-111423	2.4
-111441	2.4
-111773	1.8
-111515	2.2
-111368	2.5
-112154	1.1
-111699	1.9
-111580	2.1
-111884	1.6
-111567	2.1
-111227	2.7
-111824	1.7
-111021	3.1
-111793	1.7
-111242	2.7
-111389	2.4
-111529	2.2
-111441	2.4
-111333	2.5
-111205	2.8
-111743	1.8
-111312	2.6
-111948	1.5
-111391	2.4
-111860	1.6
-111875	1.6
-112268	0.9
-111569	2.1
-111510	2.2
-111370	2.5
-111987	1.4
-111908	1.5
-111439	2.4
-111708	1.9
-111628	2.0
-111441	2.4
-111618	2.0
-111880	1.6
-111700	1.9
-111837	1.7
-111048	3.0
-111674	1.9
-111708	1.9
-111892	1.6
-111905	1.5
-111938	1.5
-111027	3.1
-111699	1.9
-111852	1.6
-111353	2.5
-111419	2.4
-111526	2.2
-111672	1.9
-112030	1.3
-111866	1.6
-111260	2.7
-111422	2.4
-111610	2.1
-111907	1.5
-111370	2.5
-111406	2.4
-111460	2.3
-111361	2.5
-111717	1.9
-112068	1.2
-111811	1.7
-111866	1.6
-111578	2.1
-111677	1.9
-111589	2.1
-111496	2.3
-111350	2.5
-111556	2.2
-111743	1.8
-112038	1.3
-111894	1.6
-111540	2.2
-111551	2.2
-111840	1.6
-111257	2.7
-111700	1.9
-111208	2.8
-111491	2.3
-111142	2.9
-111768	1.8
-111461	2.3
-111341	2.5
-111466	2.3
-111449	2.3
-111893	1.6
-111993	1.4
-111503	2.2
-111537	2.2
-111596	2.1
-111497	2.3
-111271	2.7
-111874	1.6
-111620	2.0
-111717	1.9
-111576	2.1
-111766	1.8
-111299	2.6
-111841	1.6
-111545	2.2
-111872	1.6
-111416	2.4
-111760	1.8
-111456	2.3
-111198	2.8
-111505	2.2
-111604	2.1
-111471	2.3
-112014	1.3
-111494	2.3
-111793	1.7
-111730	1.8
-111460	2.3
-111306	2.6
-111331	2.5
-111047	3.0
-111434	2.4
-111493	2.3
-111297	2.6
-111152	2.9
-111634	2.0
-111584	2.1
-111823	1.7
-111763	1.8
-111652	2.0
-111590	2.1
-111557	2.1
-111662	2.0
-111919	1.5
-111598	2.1
-111867	1.6
-111694	1.9
-111551	2.2
-111543	2.2
-111882	1.6
-111910	1.5
-111778	1.8
-111723	1.9
-111941	1.5
-111356	2.5
-112095	1.2
-111146	2.9
-111634	2.0
-112191	1.0
-111833	1.7
-111426	2.4
-111380	2.5
-111315	2.6
-111501	2.2
-111962	1.4
-111259	2.7
-112188	1.0
-111406	2.4
-111841	1.6
-111126	2.9
-112032	1.3
-111341	2.5
-111781	1.8
-111711	1.9
-111426	2.4
-111358	2.5
-111354	2.5
-111735	1.8
-111252	2.7
-111918	1.5
-111198	2.8
-111663	2.0
-111704	1.9
-111903	1.5
-111653	2.0
-111531	2.2
-111110	2.9
-111815	1.7
-111710	1.9
-111609	2.1
-111371	2.5
-111437	2.4
-111979	1.4
-111426	2.4
-111716	1.9
-111492	2.3
-111450	2.3
-111844	1.6
-111660	2.0
-111529	2.2
-112060	1.3
-111244	2.7
-111442	2.4
-111163	2.8
-111954	1.4
-111821	1.7
-111881	1.6
-111472	2.3
-111996	1.4
-111607	2.1
-111685	1.9
-111455	2.3
-111291	2.6
-111729	1.8
-111262	2.7
-112201	1.0
-112081	1.2
-111787	1.7
-111934	1.5
-111948	1.5
-111886	1.6
-111566	2.1
-111908	1.5
-111323	2.6
-111769	1.8
-111108	2.9
-111511	2.2
-111309	2.6
-111277	2.6
-111895	1.6
-111631	2.0
-111428	2.4
-111354	2.5
-111692	1.9
-111798	1.7
-111366	2.5
-112041	1.3
-110988	3.2
-111808	1.7
-111644	2.0
-111484	2.3
-111348	2.5
-111506	2.2
-111884	1.6
-111914	1.5
-111467	2.3
-111784	1.7
-111263	2.7
-111246	2.7
-112275	0.9
-111889	1.6
-111266	2.7
-111171	2.8
-111451	2.3
-111733	1.8
-111915	1.5
-111459	2.3
-111798	1.7
-111574	2.1
-111641	2.0
-111650	2.0
-111400	2.4
-111365	2.5
-111388	2.4
-111763	1.8
-111285	2.6
-111280	2.6
-111995	1.4
-112014	1.3
-111270	2.7
-111583	2.1
-111366	2.5
-111543	2.2
-111530	2.2
-111887	1.6
-111589	2.1
-111640	2.0
-111364	2.5
-111281	2.6
-111321	2.6
-111506	2.2
-111341	2.5
-112304	0.8
-111404	2.4
-111404	2.4
-111618	2.0
-111441	2.4
-111611	2.1
-112332	0.8
-111758	1.8
-111559	2.1
-111492	2.3
-111968	1.4
-111689	1.9
-111225	2.7
-111258	2.7
-111731	1.8
-111848	1.6
-111388	2.4
-111887	1.6
-111887	1.6
-111669	2.0
-111622	2.0
-111456	2.3
-111103	3.0
-111567	2.1
-111772	1.8
-112117	1.2
-112471	0.5
-111715	1.9
-111548	2.2
-111609	2.1
-112008	1.4
-112110	1.2
-111979	1.4
-112082	1.2
-111157	2.9
-111287	2.6
-111774	1.8
-111521	2.2
-111467	2.3
-111498	2.3
-111501	2.2
-111887	1.6
-111344	2.5
-111618	2.0
-111633	2.0
-111561	2.1
-111458	2.3
-111947	1.5
-111617	2.0
-111023	3.1
-111535	2.2
-111656	2.0
-111708	1.9
-111628	2.0
-111139	2.9
-111834	1.7
-111694	1.9
-111605	2.1
-111975	1.4
-111741	1.8
-111759	1.8
-112051	1.3
-111630	2.0
-111637	2.0
-111694	1.9
-111679	1.9
-111040	3.1
-111404	2.4
-111731	1.8
-111566	2.1
-111629	2.0
-111724	1.9
-111667	2.0
-111884	1.6
-111443	2.3
-111647	2.0
-111427	2.4
-111566	2.1
-111942	1.5
-111818	1.7
-111734	1.8
-111338	2.5
-111431	2.4
-112015	1.3
-111961	1.4
-111552	2.2
-112117	1.2
-111171	2.8
-111340	2.5
-112079	1.2
-111427	2.4
-111366	2.5
-111437	2.4
-111792	1.7
-111139	2.9
-111459	2.3
-111704	1.9
-111547	2.2
-111434	2.4
-111450	2.3
-111595	2.1
-111531	2.2
-111596	2.1
-111608	2.1
-111877	1.6
-111642	2.0
-111685	1.9
-111541	2.2
-111810	1.7
-111908	1.5
-111204	2.8
-111202	2.8
-111257	2.7
-111647	2.0
-111432	2.4
-111333	2.5
-111586	2.1
-111479	2.3
-111849	1.6
-111314	2.6
-111383	2.5
-111514	2.2
-111429	2.4
-111603	2.1
-111372	2.5
-111499	2.3
-111120	2.9
-111108	2.9
-111704	1.9
-111779	1.8
-111085	3.0
-111689	1.9
-111783	1.7
-111548	2.2
-111528	2.2
-111438	2.4
-111715	1.9
-111594	2.1
-111458	2.3
-111481	2.3
-111591	2.1
-111315	2.6
-111152	2.9
-111782	1.8
-111660	2.0
-111287	2.6
-111257	2.7
-111138	2.9
-111087	3.0
-111594	2.1
-111564	2.1
-111365	2.5
-111642	2.0
-111877	1.6
-111483	2.3
-111386	2.5
-111838	1.7
-111626	2.0
-111665	2.0
-111777	1.8
-110872	3.4
-112165	1.1
-111483	2.3
-111669	2.0
-111613	2.0
-111132	2.9
-111343	2.5
-111676	1.9
-111877	1.6
-111619	2.0
-111735	1.8
-111954	1.4
-111858	1.6
-111772	1.8
-111399	2.4
-111675	1.9
-112005	1.4
-111606	2.1
-111491	2.3
-111956	1.4
-111808	1.7
-111293	2.6
-111383	2.5
-111425	2.4
-111997	1.4
-111429	2.4
-111797	1.7
-111898	1.5
-111889	1.6
-111577	2.1
-112049	1.3
-111529	2.2
-111701	1.9
-111611	2.1
-112169	1.1
-111609	2.1
-111638	2.0
-111954	1.4
-111510	2.2
-111572	2.1
-111174	2.8
-111560	2.1
-112342	0.8
-111546	2.2
-111847	1.6
-111235	2.7
-111509	2.2
-112108	1.2
-111535	2.2
-111700	1.9
-111739	1.8
-111729	1.8
-111430	2.4
-111572	2.1
-112006	1.4
-111714	1.9
-111210	2.8
-111893	1.6
-111710	1.9
-111213	2.8
-111962	1.4
-111592	2.1
-111450	2.3
-112029	1.3
-111181	2.8
-111942	1.5
-110940	3.2
-112007	1.4
-111408	2.4
-112084	1.2
-111491	2.3
-112019	1.3
-111956	1.4
-111687	1.9
-111662	2.0
-111605	2.1
-111596	2.1
-111063	3.0
-111063	3.0
-112076	1.2
-111604	2.1
-111949	1.5
-111679	1.9
-111389	2.4
-111589	2.1
-112026	1.3
-111246	2.7
-111567	2.1
-111260	2.7
-110986	3.2
-111249	2.7
-111592	2.1
-111482	2.3
-112201	1.0
-111444	2.3
-111367	2.5
-111394	2.4
-111606	2.1
-111460	2.3
-111477	2.3
-111272	2.7
-111687	1.9
-111137	2.9
-111292	2.6
-111128	2.9
-112047	1.3
-111431	2.4
-111209	2.8
-111769	1.8
-111514	2.2
-111787	1.7
-111729	1.8
-111434	2.4
-111533	2.2
-111986	1.4
-111697	1.9
-111727	1.8
-111879	1.6
-111601	2.1
-111978	1.4
-111866	1.6
-111707	1.9
-111449	2.3
-111768	1.8
-111577	2.1
-111382	2.5
-111408	2.4
-111026	3.1
-110868	3.4
-111486	2.3
-111528	2.2
-111764	1.8
-111882	1.6
-111982	1.4
-111667	2.0
-111331	2.5
-111727	1.8
-111419	2.4
-111574	2.1
-111594	2.1
-111585	2.1
-111708	1.9
-111656	2.0
-111265	2.7
-111680	1.9
-111316	2.6
-111882	1.6
-111606	2.1
-111449	2.3
-111440	2.4
-111764	1.8
-111390	2.4
-111557	2.1
-111856	1.6
-111321	2.6
-111646	2.0
-111474	2.3
-111520	2.2
-111616	2.0
-111735	1.8
-111709	1.9
-111123	2.9
-111700	1.9
-111646	2.0
-111768	1.8
-111325	2.6
-111860	1.6
-112397	0.7
-111174	2.8
-111914	1.5
-112022	1.3
-111437	2.4
-111386	2.5
-111301	2.6
-111253	2.7
-111341	2.5
-111561	2.1
-111626	2.0
-111539	2.2
-111325	2.6
-111599	2.1
-111579	2.1
-111600	2.1
-111477	2.3
-111285	2.6
-111507	2.2
-111499	2.3
-111596	2.1
-111500	2.2
-111674	1.9
-111775	1.8
-111725	1.9
-111968	1.4
-112361	0.7
-111614	2.0
-111567	2.1
-112050	1.3
-111743	1.8
-111813	1.7
-112302	0.8
-111305	2.6
-111301	2.6
-111749	1.8
-111767	1.8
-111430	2.4
-111925	1.5
-111810	1.7
-112183	1.0
-111735	1.8
-111066	3.0
-112028	1.3
-111534	2.2
-111737	1.8
-111667	2.0
-111792	1.7
-111628	2.0
-111631	2.0
-111601	2.1
-111614	2.0
-111199	2.8
-111125	2.9
-111924	1.5
-111554	2.2
-112109	1.2
-111668	2.0
-111657	2.0
-111650	2.0
-111313	2.6
-111597	2.1
-111311	2.6
-111702	1.9
-110997	3.1
-111264	2.7
-111491	2.3
-111657	2.0
-112200	1.0
-111703	1.9
-111469	2.3
-111393	2.4
-111691	1.9
-111256	2.7
-111349	2.5
-111744	1.8
-111750	1.8
-111649	2.0
-111181	2.8
-111448	2.3
-111195	2.8
-111572	2.1
-111524	2.2
-111417	2.4
-111347	2.5
-111646	2.0
-111173	2.8
-111534	2.2
-111430	2.4
-111474	2.3
-111449	2.3
-111705	1.9
-111629	2.0
-111865	1.6
-111606	2.1
-111271	2.7
-111278	2.6
-111309	2.6
-111518	2.2
-111544	2.2
-111586	2.1
-111940	1.5
-111882	1.6
-111936	1.5
-111498	2.3
-111368	2.5
-111338	2.5
-111802	1.7
-111692	1.9
-111986	1.4
-112000	1.4
-111827	1.7
-110840	3.4
-110829	3.4
-111553	2.2
-111597	2.1
-111393	2.4
-112022	1.3
-111397	2.4
-111130	2.9
-111526	2.2
-111619	2.0
-111845	1.6
-111378	2.5
-111587	2.1
-111334	2.5
-111728	1.8
-111163	2.8
-111577	2.1
-111442	2.4
-111732	1.8
-111445	2.3
-111420	2.4
-111721	1.9
-111351	2.5
-111689	1.9
-111923	1.5
-111334	2.5
-111260	2.7
-111714	1.9
-111579	2.1
-111999	1.4
-112028	1.3
-111604	2.1
-112093	1.2
-111486	2.3
-111163	2.8
-111493	2.3
-112202	1.0
-111949	1.5
-111434	2.4
-111304	2.6
-111897	1.5
-111346	2.5
-111375	2.5
-111991	1.4
-111606	2.1
-111544	2.2
-111652	2.0
-111484	2.3
-111587	2.1
-111628	2.0
-111600	2.1
-111376	2.5
-111710	1.9
-111459	2.3
-111696	1.9
-111941	1.5
-111533	2.2
-111854	1.6
-111609	2.1
-111610	2.1
-111848	1.6
-111144	2.9
-111478	2.3
-111550	2.2
-111777	1.8
-111048	3.0
-111394	2.4
-111730	1.8
-111647	2.0
-111934	1.5
-111995	1.4
-111721	1.9
-111809	1.7
-111862	1.6
-111776	1.8
-112010	1.3
-111629	2.0
-112041	1.3
-111235	2.7
-111412	2.4
-111642	2.0
-111935	1.5
-111402	2.4
-111388	2.4
-111303	2.6
-111866	1.6
-111836	1.7
-111671	1.9
-111941	1.5
-111209	2.8
-111742	1.8
-111552	2.2
-111624	2.0
-111960	1.4
-111742	1.8
-111550	2.2
-111556	2.2
-111954	1.4
-111276	2.6
-111614	2.0
-111314	2.6
-111875	1.6
-111545	2.2
-111622	2.0
-111079	3.0
-111335	2.5
-111625	2.0
-111103	3.0
-111222	2.7
-111177	2.8
-111736	1.8
-111628	2.0
-111988	1.4
-111988	1.4
-111774	1.8
-111700	1.9
-111367	2.5
-111561	2.1
-111608	2.1
-111643	2.0
-111764	1.8
-111710	1.9
-111369	2.5
-111738	1.8
-111397	2.4
-110851	3.4
-112019	1.3
-111587	2.1
-111324	2.6
-112067	1.2
-111758	1.8
-111591	2.1
-111837	1.7
-111635	2.0
-111083	3.0
-111485	2.3
-111314	2.6
-111482	2.3
-111256	2.7
-111420	2.4
-111709	1.9
-111534	2.2
-111230	2.7
-111801	1.7
-111431	2.4
-111634	2.0
-111495	2.3
-111777	1.8
-111672	1.9
-111211	2.8
-111457	2.3
-111911	1.5
-111819	1.7
-111309	2.6
-111539	2.2
-111485	2.3
-111166	2.8
-111665	2.0
-111993	1.4
-111666	2.0
-111915	1.5
-111035	3.1
-111411	2.4
-111653	2.0
-111935	1.5
-111914	1.5
-111387	2.4
-111465	2.3
-111841	1.6
-111485	2.3
-111164	2.8
-111286	2.6
-111247	2.7
-111357	2.5
-111219	2.7
-111607	2.1
-111428	2.4
-111241	2.7
-111938	1.5
-111889	1.6
-111509	2.2
-111389	2.4
-111432	2.4
-111946	1.5
-111738	1.8
-111977	1.4
-111339	2.5
-112190	1.0
-111472	2.3
-111358	2.5
-111998	1.4
-111618	2.0
-112547	0.4
-111817	1.7
-111593	2.1
-111573	2.1
-111957	1.4
-111747	1.8
-111471	2.3
-111528	2.2
-111902	1.5
-112065	1.3
-111822	1.7
-111491	2.3
-111896	1.6
-112281	0.9
-111944	1.5
-111683	1.9
-111590	2.1
-111733	1.8
-111330	2.5
-111325	2.6
-111426	2.4
-111352	2.5
-111485	2.3
-111478	2.3
-111660	2.0
-111564	2.1
-111406	2.4
-111594	2.1
-111677	1.9
-111546	2.2
-111359	2.5
-111720	1.9
-111648	2.0
-111900	1.5
-112089	1.2
-111738	1.8
-111880	1.6
-111295	2.6
-112025	1.3
-111701	1.9
-111665	2.0
-111623	2.0
-111134	2.9
-111281	2.6
-111582	2.1
-111784	1.7
-111718	1.9
-111556	2.2
-111908	1.5
-111474	2.3
-111589	2.1
-111867	1.6
-111724	1.9
-111689	1.9
-111572	2.1
-111525	2.2
-111615	2.0
-111538	2.2
-111160	2.8
-111671	1.9
-111874	1.6
-111484	2.3
-111543	2.2
-111590	2.1
-111273	2.7
-112054	1.3
-111769	1.8
-111781	1.8
-111480	2.3
-111288	2.6
-111394	2.4
-112299	0.8
-111728	1.8
-111399	2.4
-111192	2.8
-111676	1.9
-111657	2.0
-111808	1.7
-111642	2.0
-111508	2.2
-111591	2.1
-111915	1.5
-111872	1.6
-111473	2.3
-111490	2.3
-111635	2.0
-112011	1.3
-111846	1.6
-111821	1.7
-111668	2.0
-111440	2.4
-112069	1.2
-111698	1.9
-112095	1.2
-112146	1.1
-111880	1.6
-111567	2.1
-111694	1.9
-112033	1.3
-111873	1.6
-111533	2.2
-111663	2.0
-111877	1.6
-111555	2.2
-111906	1.5
-111835	1.7
-112452	0.6
-111538	2.2
-111855	1.6
-111782	1.8
-111313	2.6
-111784	1.7
-111490	2.3
-111048	3.0
-112393	0.7
-111505	2.2
-111797	1.7
-111637	2.0
-111449	2.3
-111465	2.3
-111121	2.9
-111376	2.5
-111506	2.2
-111799	1.7
-111926	1.5
-111519	2.2
-111251	2.7
-111730	1.8
-111646	2.0
-112101	1.2
-111763	1.8
-111769	1.8
-111804	1.7
-111708	1.9
-111601	2.1
-112167	1.1
-111367	2.5
-112103	1.2
-111482	2.3
-111705	1.9
-111327	2.6
-111550	2.2
-111160	2.8
-111600	2.1
-111267	2.7
-111953	1.4
-111564	2.1
-111205	2.8
-111863	1.6
-111491	2.3
-111660	2.0
-111178	2.8
-112019	1.3
-111373	2.5
-112316	0.8
-111414	2.4
-111722	1.9
-111520	2.2
-112173	1.1
-111327	2.6
-111312	2.6
-111632	2.0
-111843	1.6
-111635	2.0
-111695	1.9
-111542	2.2
-111958	1.4
-111949	1.5
-111374	2.5
-111332	2.5
-111787	1.7
-111659	2.0
-111307	2.6
-111598	2.1
-111538	2.2
-111658	2.0
-111407	2.4
-111870	1.6
-111184	2.8
-111365	2.5
-111337	2.5
-111396	2.4
-111841	1.6
-112014	1.3
-111949	1.5
-111268	2.7
-111487	2.3
-111400	2.4
-111639	2.0
-111605	2.1
-111308	2.6
-111743	1.8
-111261	2.7
-112339	0.8
-111733	1.8
-111967	1.4
-111590	2.1
-111743	1.8
-111455	2.3
-111646	2.0
-111649	2.0
-111673	1.9
-111944	1.5
-112164	1.1
-111579	2.1
-111603	2.1
-111543	2.2
-111407	2.4
-111681	1.9
-111619	2.0
-111329	2.6
-111315	2.6
-111710	1.9
-111077	3.0
-111545	2.2
-111631	2.0
-111619	2.0
-111705	1.9
-111507	2.2
-111456	2.3
-111266	2.7
-111767	1.8
-111676	1.9
-111328	2.6
-111906	1.5
-111443	2.3
-111454	2.3
-111662	2.0
-110998	3.1
-111378	2.5
-112004	1.4
-111261	2.7
-111615	2.0
-111824	1.7
-111859	1.6
-111562	2.1
-111470	2.3
-111710	1.9
-111125	2.9
-111253	2.7
-111725	1.9
-111677	1.9
-111590	2.1
-112147	1.1
-111722	1.9
-111796	1.7
-111474	2.3
-112101	1.2
-111495	2.3
-111880	1.6
-110981	3.2
-111237	2.7
-111814	1.7
-111127	2.9
-111218	2.7
-111787	1.7
-111869	1.6
-111518	2.2
-111413	2.4
-112185	1.0
-111641	2.0
-111322	2.6
-111546	2.2
-112098	1.2
-111421	2.4
-110998	3.1
-111646	2.0
-111572	2.1
-111376	2.5
-111693	1.9
-111506	2.2
-111740	1.8
-111449	2.3
-111936	1.5
-111513	2.2
-111315	2.6
-111401	2.4
-111390	2.4
-111963	1.4
-111756	1.8
-111652	2.0
-111791	1.7
-111557	2.1
-112038	1.3
-111549	2.2
-111412	2.4
-111522	2.2
-111633	2.0
-111590	2.1
-111213	2.8
-111489	2.3
-110972	3.2
-111231	2.7
-111549	2.2
-111478	2.3
-111997	1.4
-111699	1.9
-111426	2.4
-111521	2.2
-111308	2.6
-111233	2.7
-111665	2.0
-111494	2.3
-111492	2.3
-111209	2.8
-111150	2.9
-112226	1.0
-111592	2.1
-111498	2.3
-111486	2.3
-111324	2.6
-111748	1.8
-111474	2.3
-111360	2.5
-112052	1.3
-111732	1.8
-112164	1.1
-111680	1.9
-111799	1.7
-111937	1.5
-111423	2.4
-111852	1.6
-110899	3.3
-111960	1.4
-111092	3.0
-111698	1.9
-111486	2.3
-111460	2.3
-111088	3.0
-111693	1.9
-111618	2.0
-111091	3.0
-111784	1.7
-111851	1.6
-111266	2.7
-111409	2.4
-111439	2.4
-112104	1.2
-111658	2.0
-111392	2.4
-111483	2.3
-111450	2.3
-111789	1.7
-111056	3.0
-111620	2.0
-111547	2.2
-111713	1.9
-111467	2.3
-111747	1.8
-111651	2.0
-111444	2.3
-111758	1.8
-111376	2.5
-112076	1.2
-111448	2.3
-111278	2.6
-110926	3.3
-111055	3.0
-111405	2.4
-112044	1.3
-111753	1.8
-111505	2.2
-111792	1.7
-111373	2.5
-111044	3.1
-112229	1.0
-111978	1.4
-111865	1.6
-111179	2.8
-111496	2.3
-111401	2.4
-111649	2.0
-111957	1.4
-111618	2.0
-111463	2.3
-112362	0.7
-111660	2.0
-111462	2.3
-111528	2.2
-111726	1.9
-112148	1.1
-111721	1.9
-111585	2.1
-111504	2.2
-111268	2.7
-111714	1.9
-111865	1.6
-111615	2.0
-112101	1.2
-111811	1.7
-111713	1.9
-111780	1.8
-112059	1.3
-111575	2.1
-110999	3.1
-111717	1.9
-111799	1.7
-111420	2.4
-111895	1.6
-112226	1.0
-111934	1.5
-111114	2.9
-111685	1.9
-111960	1.4
-111980	1.4
-111859	1.6
-111491	2.3
-111503	2.2
-111431	2.4
-111173	2.8
-111628	2.0
-111603	2.1
-111778	1.8
-111044	3.1
-111094	3.0
-111519	2.2
-111595	2.1
-111771	1.8
-111702	1.9
-111601	2.1
-111641	2.0
-111572	2.1
-111750	1.8
-111734	1.8
-112273	0.9
-111635	2.0
-111560	2.1
-111590	2.1
-112256	0.9
-111628	2.0
-111816	1.7
-111251	2.7
-111479	2.3
-111290	2.6
-111621	2.0
-111448	2.3
-112337	0.8
-111346	2.5
-111502	2.2
-111479	2.3
-111166	2.8
-111927	1.5
-111582	2.1
-111934	1.5
-111630	2.0
-111627	2.0
-111479	2.3
-111489	2.3
-111507	2.2
-110936	3.2
-112126	1.1
-112080	1.2
-111653	2.0
-111737	1.8
-111895	1.6
-111369	2.5
-111817	1.7
-111230	2.7
-111817	1.7
-111360	2.5
-111238	2.7
-111330	2.5
-111583	2.1
-111716	1.9
-111646	2.0
-111816	1.7
-111304	2.6
-111760	1.8
-111893	1.6
-111415	2.4
-111589	2.1
-111226	2.7
-111381	2.5
-111332	2.5
-111474	2.3
-111773	1.8
-111898	1.5
-111711	1.9
-111495	2.3
-111394	2.4
-111220	2.7
-111397	2.4
-111563	2.1
-111813	1.7
-111910	1.5
-111589	2.1
-111219	2.7
-111558	2.1
-111569	2.1
-112319	0.8
-111761	1.8
-112076	1.2
-111917	1.5
-111509	2.2
-112060	1.3
-112118	1.2
-111660	2.0
-111341	2.5
-111416	2.4
-111614	2.0
-111684	1.9
-111417	2.4
-111473	2.3
-111562	2.1
-111485	2.3
-111613	2.0
-111399	2.4
-111323	2.6
-111025	3.1
-111828	1.7
-111668	2.0
-111978	1.4
-111776	1.8
-111395	2.4
-112178	1.1
-111557	2.1
-111293	2.6
-111608	2.1
-111534	2.2
-111386	2.5
-111605	2.1
-111594	2.1
-111796	1.7
-111469	2.3
-111752	1.8
-111775	1.8
-110927	3.3
-111922	1.5
-111703	1.9
-111546	2.2
-111843	1.6
-111299	2.6
-111376	2.5
-111537	2.2
-111441	2.4
-111680	1.9
-111710	1.9
-111853	1.6
-111580	2.1
-111770	1.8
-111814	1.7
-111554	2.2
-111382	2.5
-111543	2.2
-111223	2.7
-111397	2.4
-111339	2.5
-111279	2.6
-112353	0.7
-111543	2.2
-111784	1.7
-111253	2.7
-111527	2.2
-111648	2.0
-111350	2.5
-111553	2.2
-111923	1.5
-111848	1.6
-111689	1.9
-111468	2.3
-111510	2.2
-111397	2.4
-111764	1.8
-111858	1.6
-111101	3.0
-111630	2.0
-111781	1.8
-111512	2.2
-111847	1.6
-111554	2.2
-111642	2.0
-111437	2.4
-111787	1.7
-111527	2.2
-111770	1.8
-111217	2.7
-111289	2.6
-111672	1.9
-111635	2.0
-112029	1.3
-111365	2.5
-111813	1.7
-111558	2.1
-111648	2.0
-111411	2.4
-111261	2.7
-111643	2.0
-111342	2.5
-111736	1.8
-111489	2.3
-111733	1.8
-111772	1.8
-111944	1.5
-111885	1.6
-111821	1.7
-111078	3.0
-110802	3.5
-111818	1.7
-111839	1.7
-111446	2.3
-111820	1.7
-111509	2.2
-111755	1.8
-111834	1.7
-111347	2.5
-111508	2.2
-112046	1.3
-111612	2.1
-111284	2.6
-110837	3.4
-111335	2.5
-111637	2.0
-112044	1.3
-111738	1.8
-111577	2.1
-111760	1.8
-111668	2.0
-111535	2.2
-111825	1.7
-111725	1.9
-111632	2.0
-111879	1.6
-111954	1.4
-111619	2.0
-111447	2.3
-111608	2.1
-111715	1.9
-111738	1.8
-112106	1.2
-111172	2.8
-111837	1.7
-111831	1.7
-111714	1.9
-112074	1.2
-111798	1.7
-111950	1.5
-111212	2.8
-111460	2.3
-111627	2.0
-111812	1.7
-111635	2.0
-111284	2.6
-111661	2.0
-111316	2.6
-112077	1.2
-111675	1.9
-112098	1.2
-112033	1.3
-111808	1.7
-111874	1.6
-111389	2.4
-111639	2.0
-111661	2.0
-111674	1.9
-111219	2.7
-111769	1.8
-111359	2.5
-111701	1.9
-111532	2.2
-111746	1.8
-111589	2.1
-111139	2.9
-111216	2.8
-111798	1.7
-111380	2.5
-111498	2.3
-111794	1.7
-111914	1.5
-111139	2.9
-112176	1.1
-111349	2.5
-111675	1.9
-111524	2.2
-111598	2.1
-111262	2.7
-111444	2.3
-111474	2.3
-111980	1.4
-111436	2.4
-111625	2.0
-111506	2.2
-111197	2.8
-111955	1.4
-111424	2.4
-111672	1.9
-111848	1.6
-111380	2.5
-111377	2.5
-111482	2.3
-111452	2.3
-111751	1.8
-111632	2.0
-111847	1.6
-111576	2.1
-111741	1.8
-111399	2.4
-111927	1.5
-111667	2.0
-111575	2.1
-111481	2.3
-111054	3.0
-111676	1.9
-111404	2.4
-111689	1.9
-111568	2.1
-111715	1.9
-111902	1.5
-112054	1.3
-111397	2.4
-111425	2.4
-111455	2.3
-111500	2.2
-111719	1.9
-110787	3.5
-111351	2.5
-111570	2.1
-111760	1.8
-111846	1.6
-111780	1.8
-111603	2.1
-111216	2.8
-111489	2.3
-111691	1.9
-111218	2.7
-112050	1.3
-111694	1.9
-111441	2.4
-111728	1.8
-111512	2.2
-111864	1.6
-111340	2.5
-111557	2.1
-111875	1.6
-111284	2.6
-111386	2.5
-111398	2.4
-111436	2.4
-111890	1.6
-111694	1.9
-111458	2.3
-111508	2.2
-111256	2.7
-111756	1.8
-111666	2.0
-111884	1.6
-111320	2.6
-111349	2.5
-111723	1.9
-111664	2.0
-111218	2.7
-111567	2.1
-111691	1.9
-111508	2.2
-111620	2.0
-111424	2.4
-111423	2.4
-111696	1.9
-111522	2.2
-111672	1.9
-111681	1.9
-111468	2.3
-111250	2.7
-111720	1.9
-111584	2.1
-111097	3.0
-111313	2.6
-111828	1.7
-111636	2.0
-111619	2.0
-111774	1.8
-111263	2.7
-112030	1.3
-112178	1.1
-111669	2.0
-111379	2.5
-111782	1.8
-111589	2.1
-111291	2.6
-111051	3.0
-112024	1.3
-111232	2.7
-111719	1.9
-111536	2.2
-111936	1.5
-111555	2.2
-111955	1.4
-111650	2.0
-111806	1.7
-111692	1.9
-111478	2.3
-111857	1.6
-111686	1.9
-111173	2.8
-111672	1.9
-111532	2.2
-111674	1.9
-111968	1.4
-111596	2.1
-111553	2.2
-111709	1.9
-111207	2.8
-111892	1.6
-111379	2.5
-111190	2.8
-111741	1.8
-111319	2.6
-111100	3.0
-111777	1.8
-111341	2.5
-111554	2.2
-111876	1.6
-111896	1.6
-111620	2.0
-111433	2.4
-111412	2.4
-111833	1.7
-111585	2.1
-111866	1.6
-111529	2.2
-111543	2.2
-111223	2.7
-111563	2.1
-111188	2.8
-111825	1.7
-111430	2.4
-111212	2.8
-111856	1.6
-111334	2.5
-111407	2.4
-112103	1.2
-110446	4.1
-111631	2.0
-111389	2.4
-111466	2.3
-111850	1.6
-111615	2.0
-111936	1.5
-111392	2.4
-111277	2.6
-111747	1.8
-111760	1.8
-111447	2.3
-111430	2.4
-111677	1.9
-111479	2.3
-111251	2.7
-111636	2.0
-111758	1.8
-111737	1.8
-111896	1.6
-111432	2.4
-111596	2.1
-111493	2.3
-111668	2.0
-111857	1.6
-111887	1.6
-111095	3.0
-111796	1.7
-111429	2.4
-111735	1.8
-111609	2.1
-112096	1.2
-111673	1.9
-111399	2.4
-110894	3.3
-111636	2.0
-111713	1.9
-111744	1.8
-112065	1.3
-111724	1.9
-111340	2.5
-111425	2.4
-112040	1.3
-111544	2.2
-111133	2.9
-111459	2.3
-111545	2.2
-110873	3.4
-111575	2.1
-111509	2.2
-111694	1.9
-111535	2.2
-111560	2.1
-111661	2.0
-112269	0.9
-111311	2.6
-111771	1.8
-111885	1.6
-111974	1.4
-111846	1.6
-111594	2.1
-111433	2.4
-111255	2.7
-111500	2.2
-111092	3.0
-111493	2.3
-112208	1.0
-111462	2.3
-111366	2.5
-111898	1.5
-111431	2.4
-111365	2.5
-111613	2.0
-111311	2.6
-111896	1.6
-111612	2.1
-111900	1.5
-111859	1.6
-111677	1.9
-111686	1.9
-111623	2.0
-111508	2.2
-111619	2.0
-111790	1.7
-111379	2.5
-111647	2.0
-111606	2.1
-111706	1.9
-111452	2.3
-112084	1.2
-112073	1.2
-111934	1.5
-111576	2.1
-111572	2.1
-111481	2.3
-111747	1.8
-111824	1.7
-111402	2.4
-111360	2.5
-111602	2.1
-111797	1.7
-111520	2.2
-111518	2.2
-111641	2.0
-111609	2.1
-111591	2.1
-111432	2.4
-111729	1.8
-111493	2.3
-111998	1.4
-111479	2.3
-111914	1.5
-111764	1.8
-111948	1.5
-111853	1.6
-111454	2.3
-111564	2.1
-111638	2.0
-111431	2.4
-111331	2.5
-111428	2.4
-111717	1.9
-111578	2.1
-111373	2.5
-111597	2.1
-111372	2.5
-111501	2.2
-111783	1.7
-111623	2.0
-111506	2.2
-111775	1.8
-111068	3.0
-111761	1.8
-111890	1.6
-111516	2.2
-111685	1.9
-111390	2.4
-111765	1.8
-111878	1.6
-111598	2.1
-111395	2.4
-112106	1.2
-111914	1.5
-111500	2.2
-111132	2.9
-111789	1.7
-111935	1.5
-112167	1.1
-111827	1.7
-111689	1.9
-111487	2.3
-111776	1.8
-111669	2.0
-111808	1.7
-112006	1.4
-111587	2.1
-111792	1.7
-112026	1.3
-111253	2.7
-111298	2.6
-111623	2.0
-112201	1.0
-111733	1.8
-111391	2.4
-111261	2.7
-111436	2.4
-111648	2.0
-111472	2.3
-111841	1.6
-111861	1.6
-111801	1.7
-111173	2.8
-111501	2.2
-111498	2.3
-111813	1.7
-111645	2.0
-111410	2.4
-111486	2.3
-111461	2.3
-111803	1.7
-111240	2.7
-111715	1.9
-111696	1.9
-111606	2.1
-111120	2.9
-111859	1.6
-111586	2.1
-111881	1.6
-111795	1.7
-111269	2.7
-111501	2.2
-111907	1.5
-111716	1.9
-111949	1.5
-111950	1.5
-111701	1.9
-111956	1.4
-111422	2.4
-111870	1.6
-111692	1.9
-111340	2.5
-111217	2.7
-111240	2.7
-111697	1.9
-111620	2.0
-111175	2.8
-111546	2.2
-111741	1.8
-111400	2.4
-110997	3.1
-111711	1.9
-111463	2.3
-111616	2.0
-111795	1.7
-111790	1.7
-111480	2.3
-111621	2.0
-111641	2.0
-111272	2.7
-111129	2.9
-111767	1.8
-111687	1.9
-111594	2.1
-111599	2.1
-111579	2.1
-111045	3.1
-111793	1.7
-111559	2.1
-111991	1.4
-111383	2.5
-111418	2.4
-111659	2.0
-111886	1.6
-111260	2.7
-111673	1.9
-111665	2.0
-111677	1.9
-111578	2.1
-111614	2.0
-112257	0.9
-111572	2.1
-111394	2.4
-111839	1.7
-111814	1.7
-111492	2.3
-111381	2.5
-111674	1.9
-111518	2.2
-111515	2.2
-111515	2.2
-111547	2.2
-111883	1.6
-111580	2.1
-111734	1.8
-111697	1.9
-111388	2.4
-111548	2.2
-111814	1.7
-111789	1.7
-111851	1.6
-112023	1.3
-112096	1.2
-111547	2.2
-111625	2.0
-111986	1.4
-111904	1.5
-111509	2.2
-111856	1.6
-111013	3.1
-111621	2.0
-111629	2.0
-111836	1.7
-111456	2.3
-111775	1.8
-111254	2.7
-111489	2.3
-112087	1.2
-111948	1.5
-111422	2.4
-111600	2.1
-111750	1.8
-111656	2.0
-111766	1.8
-111827	1.7
-111728	1.8
-111693	1.9
-111587	2.1
-111374	2.5
-111477	2.3
-111576	2.1
-111822	1.7
-111566	2.1
-111976	1.4
-111472	2.3
-111716	1.9
-111662	2.0
-111306	2.6
-111897	1.5
-111388	2.4
-111921	1.5
-111766	1.8
-111373	2.5
-111962	1.4
-111731	1.8
-111538	2.2
-111557	2.1
-111651	2.0
-111512	2.2
-112021	1.3
-111619	2.0
-111758	1.8
-111786	1.7
-111801	1.7
-111529	2.2
-112169	1.1
-111505	2.2
-111805	1.7
-111399	2.4
-111359	2.5
-111338	2.5
-111909	1.5
-111251	2.7
-111495	2.3
-111667	2.0
-111525	2.2
-111869	1.6
-111634	2.0
-111562	2.1
-111615	2.0
-111154	2.9
-111701	1.9
-111520	2.2
-111597	2.1
-111378	2.5
-111256	2.7
-111780	1.8
-111455	2.3
-111412	2.4
-111926	1.5
-111542	2.2
-111754	1.8
-111482	2.3
-111617	2.0
-111803	1.7
-111862	1.6
-112000	1.4
-111299	2.6
-111399	2.4
-111573	2.1
-111743	1.8
-111614	2.0
-112034	1.3
-112265	0.9
-111356	2.5
-111121	2.9
-112070	1.2
-111694	1.9
-111706	1.9
-111822	1.7
-111633	2.0
-111255	2.7
-110998	3.1
-111883	1.6
-111929	1.5
-111160	2.8
-111290	2.6
-111484	2.3
-111715	1.9
-111966	1.4
-111229	2.7
-111389	2.4
-111557	2.1
-111404	2.4
-111877	1.6
-111343	2.5
-111842	1.6
-111670	1.9
-111729	1.8
-111423	2.4
-111987	1.4
-111463	2.3
-111530	2.2
-111442	2.4
-111392	2.4
-111863	1.6
-111170	2.8
-111219	2.7
-111833	1.7
-111410	2.4
-111820	1.7
-111826	1.7
-111568	2.1
-111119	2.9
-111382	2.5
-111623	2.0
-111972	1.4
-111631	2.0
-111109	2.9
-111876	1.6
-111642	2.0
-111387	2.4
-112198	1.0
-112038	1.3
-111737	1.8
-111396	2.4
-111850	1.6
-111611	2.1
-111668	2.0
-111652	2.0
-111407	2.4
-111381	2.5
-111611	2.1
-111657	2.0
-111575	2.1
-111392	2.4
-111788	1.7
-111199	2.8
-111310	2.6
-111472	2.3
-112277	0.9
-111799	1.7
-111380	2.5
-111801	1.7
-111419	2.4
-111897	1.5
-110880	3.3
-111655	2.0
-111413	2.4
-111781	1.8
-111341	2.5
-111605	2.1
-111704	1.9
-111795	1.7
-111811	1.7
-111924	1.5
-111526	2.2
-111571	2.1
-111948	1.5
-111373	2.5
-111183	2.8
-111717	1.9
-111610	2.1
-111351	2.5
-111395	2.4
-111151	2.9
-111117	2.9
-111339	2.5
-111266	2.7
-111503	2.2
-111436	2.4
-111609	2.1
-111549	2.2
-111830	1.7
-111877	1.6
-111334	2.5
-111976	1.4
-111259	2.7
-111929	1.5
-111380	2.5
-111689	1.9
-111244	2.7
-111746	1.8
-111414	2.4
-111276	2.6
-111691	1.9
-111718	1.9
-111449	2.3
-112010	1.3
-111612	2.1
-111834	1.7
-111866	1.6
-111459	2.3
-111271	2.7
-111601	2.1
-111629	2.0
-111365	2.5
-111474	2.3
-111509	2.2
-112181	1.0
-111654	2.0
-111674	1.9
-111705	1.9
-111615	2.0
-111730	1.8
-111328	2.6
-111475	2.3
-111768	1.8
-111701	1.9
-111047	3.0
-111219	2.7
-111492	2.3
-111742	1.8
-111712	1.9
-111496	2.3
-111243	2.7
-111479	2.3
-111629	2.0
-111508	2.2
-111773	1.8
-111749	1.8
-111910	1.5
-111703	1.9
-111338	2.5
-111535	2.2
-111580	2.1
-111958	1.4
-112108	1.2
-111003	3.1
-111794	1.7
-111870	1.6
-111087	3.0
-111134	2.9
-111635	2.0
-111556	2.2
-111694	1.9
-111786	1.7
-111415	2.4
-111703	1.9
-111968	1.4
-111329	2.6
-111842	1.6
-111350	2.5
-111076	3.0
-111359	2.5
-111417	2.4
-111602	2.1
-111523	2.2
-111551	2.2
-111894	1.6
-111766	1.8
-111440	2.4
-111504	2.2
-112018	1.3
-111630	2.0
-111869	1.6
-111206	2.8
-111396	2.4
-111556	2.2
-111120	2.9
-112095	1.2
-111306	2.6
-111971	1.4
-111609	2.1
-111336	2.5
-111267	2.7
-111687	1.9
-111960	1.4
-112214	1.0
-111387	2.4
-111108	2.9
-111914	1.5
-111807	1.7
-111608	2.1
-111672	1.9
-111824	1.7
-111523	2.2
-111337	2.5
-111506	2.2
-111250	2.7
-111633	2.0
-111150	2.9
-112248	0.9
-111786	1.7
-111708	1.9
-111800	1.7
-111680	1.9
-111324	2.6
-111613	2.0
-111395	2.4
-112415	0.6
-111598	2.1
-111688	1.9
-111048	3.0
-111743	1.8
-111533	2.2
-111912	1.5
-112119	1.2
-112033	1.3
-111990	1.4
-111643	2.0
-111954	1.4
-111746	1.8
-111925	1.5
-111723	1.9
-111861	1.6
-111729	1.8
-111442	2.4
-111893	1.6
-111531	2.2
-111933	1.5
-111679	1.9
-111423	2.4
-111980	1.4
-111523	2.2
-111434	2.4
-111739	1.8
-111793	1.7
-111483	2.3
-111891	1.6
-111343	2.5
-110992	3.1
-111710	1.9
-111561	2.1
-111931	1.5
-111860	1.6
-111821	1.7
-111931	1.5
-111405	2.4
-111609	2.1
-111257	2.7
-111490	2.3
-111303	2.6
-111923	1.5
-111562	2.1
-111628	2.0
-111560	2.1
-111643	2.0
-111388	2.4
-111137	2.9
-111308	2.6
-111254	2.7
-111410	2.4
-111697	1.9
-111631	2.0
-111615	2.0
-111945	1.5
-111417	2.4
-111571	2.1
-111618	2.0
-111770	1.8
-111511	2.2
-111096	3.0
-111951	1.5
-111675	1.9
-111663	2.0
-111962	1.4
-111695	1.9
-111693	1.9
-111685	1.9
-111959	1.4
-111560	2.1
-111404	2.4
-111493	2.3
-111529	2.2
-111513	2.2
-111365	2.5
-111371	2.5
-111695	1.9
-111792	1.7
-111303	2.6
-111719	1.9
-111592	2.1
-111473	2.3
-111687	1.9
-111654	2.0
-111055	3.0
-111615	2.0
-111752	1.8
-111377	2.5
-111003	3.1
-111769	1.8
-112014	1.3
-111687	1.9
-111362	2.5
-111200	2.8
-111583	2.1
-112043	1.3
-111148	2.9
-111700	1.9
-111842	1.6
-111957	1.4
-111804	1.7
-111601	2.1
-111827	1.7
-112300	0.8
-111058	3.0
-111861	1.6
-111689	1.9
-111358	2.5
-111627	2.0
-111591	2.1
-111620	2.0
-111972	1.4
-111154	2.9
-111452	2.3
-111332	2.5
-111372	2.5
-111551	2.2
-111551	2.2
-111985	1.4
-112006	1.4
-111804	1.7
-111564	2.1
-111692	1.9
-111728	1.8
-111492	2.3
-111835	1.7
-111326	2.6
-111026	3.1
-111378	2.5
-111874	1.6
-111658	2.0
-111952	1.5
-111679	1.9
-111982	1.4
-111348	2.5
-111979	1.4
-112087	1.2
-111535	2.2
-111649	2.0
-111504	2.2
-111164	2.8
-111921	1.5
-111540	2.2
-112056	1.3
-111539	2.2
-111457	2.3
-111244	2.7
-111341	2.5
-111518	2.2
-111828	1.7
-111108	2.9
-111247	2.7
-111321	2.6
-111693	1.9
-111984	1.4
-111026	3.1
-111582	2.1
-111427	2.4
-111433	2.4
-111998	1.4
-111167	2.8
-111548	2.2
-111455	2.3
-111680	1.9
-111949	1.5
-111426	2.4
-111163	2.8
-111946	1.5
-111588	2.1
-111663	2.0
-111836	1.7
-111308	2.6
-111930	1.5
-111302	2.6
-111641	2.0
-111056	3.0
-111469	2.3
-111740	1.8
-111724	1.9
-111370	2.5
-111868	1.6
-111711	1.9
-111168	2.8
-111640	2.0
-111840	1.6
-111808	1.7
-111667	2.0
-111990	1.4
-111807	1.7
-111546	2.2
-111750	1.8
-111159	2.9
-111758	1.8
-111564	2.1
-111405	2.4
-111702	1.9
-111734	1.8
-111621	2.0
-111926	1.5
-111529	2.2
-111587	2.1
-111608	2.1
-111577	2.1
-111350	2.5
-111706	1.9
-111559	2.1
-111647	2.0
-111537	2.2
-111408	2.4
-111288	2.6
-111516	2.2
-111337	2.5
-111463	2.3
-111446	2.3
-111737	1.8
-111921	1.5
-111504	2.2
-111731	1.8
-111365	2.5
-111571	2.1
-111420	2.4
-111487	2.3
-111752	1.8
-111316	2.6
-111595	2.1
-111580	2.1
-111684	1.9
-111899	1.5
-111637	2.0
-111727	1.8
-111584	2.1
-111476	2.3
-111931	1.5
-111956	1.4
-111608	2.1
-111620	2.0
-111534	2.2
-111247	2.7
-111300	2.6
-111866	1.6
-111783	1.7
-111688	1.9
-111390	2.4
-111356	2.5
-111640	2.0
-111487	2.3
-111388	2.4
-111773	1.8
-111570	2.1
-111520	2.2
-111808	1.7
-111693	1.9
-111340	2.5
-112031	1.3
-112263	0.9
-111679	1.9
-111954	1.4
-111624	2.0
-111573	2.1
-111758	1.8
-111516	2.2
-111345	2.5
-111750	1.8
-111553	2.2
-111682	1.9
-111701	1.9
-111877	1.6
-111346	2.5
-111969	1.4
-111295	2.6
-111987	1.4
-111954	1.4
-111374	2.5
-111762	1.8
-111631	2.0
-111872	1.6
-111887	1.6
-111301	2.6
-111232	2.7
-111700	1.9
-111965	1.4
-111893	1.6
-111978	1.4
-111759	1.8
-111014	3.1
-111918	1.5
-111856	1.6
-111896	1.6
-111542	2.2
-111118	2.9
-111311	2.6
-111163	2.8
-111401	2.4
-111586	2.1
-111759	1.8
-112178	1.1
-111373	2.5
-111370	2.5
-111680	1.9
-111831	1.7
-111875	1.6
-112273	0.9
-111799	1.7
-111668	2.0
-110993	3.1
-111896	1.6
-111714	1.9
-111231	2.7
-111838	1.7
-111934	1.5
-110873	3.4
-111676	1.9
-111274	2.6
-111839	1.7
-111782	1.8
-111304	2.6
-111500	2.2
-112172	1.1
-111886	1.6
-111814	1.7
-111326	2.6
-111508	2.2
-111860	1.6
-111595	2.1
-112025	1.3
-111682	1.9
-111947	1.5
-111656	2.0
-111797	1.7
-111529	2.2
-111433	2.4
-111216	2.8
-111560	2.1
-111772	1.8
-111623	2.0
-111767	1.8
-111414	2.4
-111406	2.4
-111671	1.9
-111445	2.3
-111363	2.5
-111890	1.6
-111944	1.5
-111328	2.6
-111657	2.0
-111834	1.7
-111685	1.9
-111269	2.7
-111544	2.2
-111484	2.3
-111601	2.1
-111896	1.6
-111645	2.0
-111600	2.1
-111407	2.4
-111831	1.7
-111643	2.0
-111603	2.1
-111559	2.1
-111976	1.4
-111575	2.1
-111031	3.1
-111299	2.6
-111794	1.7
-111642	2.0
-111829	1.7
-111742	1.8
-111202	2.8
-111994	1.4
-111849	1.6
-111420	2.4
-111935	1.5
-111648	2.0
-111635	2.0
-111689	1.9
-111474	2.3
-111772	1.8
-111609	2.1
-111679	1.9
-111280	2.6
-111733	1.8
-111371	2.5
-111968	1.4
-111703	1.9
-111409	2.4
-111346	2.5
-111550	2.2
-111310	2.6
-111102	3.0
-112135	1.1
-112063	1.3
-111214	2.8
-111836	1.7
-111951	1.5
-111657	2.0
-111142	2.9
-111487	2.3
-111342	2.5
-111393	2.4
-111590	2.1
-111681	1.9
-111398	2.4
-111411	2.4
-111613	2.0
-111316	2.6
-111275	2.6
-111703	1.9
-111533	2.2
-111892	1.6
-111770	1.8
-112219	1.0
-111417	2.4
-111789	1.7
-111128	2.9
-111418	2.4
-111681	1.9
-111888	1.6
-111363	2.5
-111459	2.3
-111935	1.5
-111422	2.4
-111628	2.0
-111608	2.1
-111765	1.8
-111904	1.5
-111870	1.6
-111381	2.5
-111518	2.2
-111587	2.1
-112027	1.3
-111370	2.5
-111879	1.6
-112193	1.0
-111643	2.0
-111314	2.6
-111611	2.1
-111498	2.3
-111458	2.3
-111617	2.0
-111831	1.7
-111290	2.6
-111411	2.4
-111525	2.2
-111866	1.6
-111865	1.6
-111105	2.9
-112008	1.4
-112131	1.1
-112035	1.3
-111319	2.6
-111058	3.0
-111791	1.7
-111991	1.4
-111719	1.9
-111691	1.9
-111429	2.4
-111681	1.9
-112343	0.8
-111856	1.6
-111599	2.1
-111177	2.8
-111835	1.7
-111597	2.1
-111865	1.6
-111966	1.4
-111428	2.4
-111721	1.9
-111839	1.7
-111771	1.8
-111656	2.0
-111618	2.0
-111764	1.8
-111741	1.8
-111516	2.2
-111457	2.3
-111831	1.7
-111696	1.9
-111905	1.5
-111493	2.3
-111540	2.2
-111810	1.7
-111189	2.8
-111634	2.0
-111927	1.5
-111486	2.3
-111291	2.6
-111293	2.6
-111657	2.0
-111890	1.6
-111263	2.7
-111641	2.0
-111275	2.6
-111533	2.2
-111530	2.2
-111965	1.4
-111476	2.3
-111370	2.5
-111848	1.6
-112234	1.0
-111712	1.9
-111304	2.6
-111892	1.6
-112031	1.3
-111761	1.8
-112368	0.7
-111811	1.7
-111676	1.9
-111472	2.3
-111596	2.1
-111716	1.9
-112001	1.4
-111381	2.5
-110802	3.5
-111550	2.2
-111659	2.0
-111809	1.7
-111431	2.4
-110934	3.2
-111614	2.0
-111611	2.1
-111513	2.2
-111520	2.2
-111454	2.3
-112041	1.3
-111409	2.4
-111787	1.7
-111303	2.6
-111638	2.0
-111973	1.4
-111242	2.7
-111420	2.4
-111663	2.0
-111901	1.5
-111331	2.5
-111589	2.1
-111790	1.7
-111704	1.9
-111562	2.1
-111951	1.5
-111785	1.7
-111726	1.9
-112028	1.3
-111449	2.3
-111911	1.5
-111208	2.8
-111708	1.9
-112275	0.9
-111416	2.4
-111544	2.2
-111393	2.4
-111299	2.6
-111347	2.5
-111684	1.9
-111640	2.0
-111686	1.9
-111599	2.1
-111289	2.6
-111054	3.0
-111827	1.7
-111105	2.9
-111750	1.8
-111773	1.8
-111245	2.7
-111154	2.9
-111930	1.5
-111749	1.8
-111840	1.6
-111953	1.4
-111518	2.2
-111713	1.9
-111401	2.4
-111566	2.1
-111665	2.0
-112216	1.0
-112006	1.4
-111561	2.1
-111814	1.7
-111498	2.3
-111389	2.4
-111657	2.0
-111313	2.6
-111564	2.1
-111570	2.1
-111698	1.9
-111532	2.2
-111370	2.5
-111343	2.5
-111155	2.9
-111878	1.6
-111436	2.4
-111507	2.2
-111088	3.0
-111705	1.9
-111621	2.0
-111937	1.5
-111572	2.1
-111809	1.7
-111343	2.5
-111140	2.9
-111570	2.1
-112258	0.9
-111120	2.9
-111495	2.3
-111190	2.8
-111508	2.2
-111748	1.8
-111694	1.9
-111477	2.3
-111639	2.0
-112052	1.3
-111619	2.0
-111715	1.9
-111263	2.7
-111981	1.4
-111389	2.4
-111281	2.6
-111319	2.6
-111943	1.5
-111736	1.8
-112042	1.3
-111532	2.2
-111590	2.1
-111524	2.2
-111462	2.3
-111892	1.6
-111651	2.0
-111160	2.8
-111604	2.1
-111641	2.0
-111433	2.4
-111556	2.2
-112234	1.0
-111975	1.4
-111660	2.0
-111698	1.9
-111740	1.8
-111722	1.9
-111484	2.3
-111318	2.6
-111869	1.6
-111366	2.5
-111109	2.9
-111466	2.3
-111582	2.1
-111496	2.3
-111394	2.4
-111351	2.5
-111491	2.3
-111534	2.2
-111801	1.7
-111480	2.3
-111322	2.6
-111815	1.7
-111565	2.1
-111720	1.9
-111561	2.1
-111601	2.1
-111179	2.8
-111564	2.1
-111779	1.8
-111794	1.7
-111860	1.6
-111624	2.0
-111938	1.5
-111474	2.3
-111802	1.7
-111855	1.6
-111478	2.3
-111356	2.5
-111827	1.7
-111729	1.8
-111892	1.6
-111830	1.7
-111908	1.5
-111147	2.9
-111620	2.0
-112005	1.4
-111028	3.1
-111484	2.3
-111841	1.6
-111604	2.1
-111213	2.8
-111011	3.1
-111742	1.8
-111736	1.8
-111538	2.2
-112334	0.8
-111761	1.8
-111152	2.9
-111522	2.2
-111528	2.2
-112036	1.3
-111734	1.8
-111321	2.6
-111341	2.5
-111828	1.7
-111397	2.4
-111712	1.9
-111474	2.3
-111307	2.6
-111601	2.1
-110922	3.3
-111724	1.9
-111929	1.5
-111141	2.9
-112238	0.9
-111544	2.2
-111664	2.0
-111101	3.0
-111658	2.0
-111411	2.4
-111414	2.4
-111701	1.9
-112025	1.3
-111840	1.6
-111397	2.4
-111504	2.2
-111741	1.8
-111846	1.6
-111457	2.3
-111793	1.7
-111092	3.0
-111551	2.2
-111760	1.8
-111486	2.3
-111668	2.0
-112061	1.3
-111174	2.8
-111232	2.7
-111491	2.3
-111172	2.8
-111660	2.0
-111438	2.4
-111694	1.9
-111977	1.4
-111895	1.6
-112162	1.1
-111363	2.5
-111506	2.2
-111780	1.8
-111501	2.2
-111591	2.1
-111752	1.8
-111423	2.4
-111921	1.5
-111414	2.4
-111519	2.2
-111577	2.1
-111649	2.0
-111583	2.1
-111408	2.4
-111276	2.6
-112129	1.1
-111412	2.4
-111570	2.1
-111709	1.9
-111587	2.1
-111890	1.6
-111627	2.0
-112015	1.3
-111483	2.3
-112178	1.1
-111589	2.1
-112055	1.3
-111939	1.5
-110924	3.3
-111767	1.8
-112313	0.8
-111516	2.2
-112191	1.0
-111634	2.0
-112091	1.2
-111676	1.9
-111732	1.8
-111993	1.4
-111073	3.0
-111950	1.5
-111606	2.1
-111845	1.6
-111726	1.9
-111691	1.9
-111463	2.3
-111285	2.6
-111410	2.4
-111539	2.2
-111635	2.0
-111482	2.3
-111678	1.9
-111685	1.9
-111942	1.5
-111794	1.7
-111518	2.2
-111652	2.0
-111369	2.5
-111832	1.7
-111659	2.0
-111440	2.4
-111431	2.4
-111432	2.4
-111681	1.9
-111966	1.4
-111522	2.2
-112249	0.9
-111591	2.1
-112039	1.3
-111248	2.7
-111760	1.8
-111811	1.7
-111587	2.1
-111051	3.0
-111447	2.3
-111655	2.0
-111482	2.3
-111803	1.7
-111429	2.4
-111573	2.1
-111923	1.5
-111456	2.3
-111330	2.5
-111493	2.3
-111983	1.4
-111781	1.8
-112020	1.3
-111744	1.8
-111870	1.6
-111488	2.3
-111675	1.9
-111485	2.3
-111613	2.0
-112074	1.2
-111928	1.5
-111597	2.1
-111691	1.9
-111495	2.3
-111674	1.9
-111676	1.9
-111456	2.3
-111818	1.7
-111878	1.6
-111888	1.6
-111717	1.9
-111465	2.3
-111525	2.2
-111445	2.3
-111275	2.6
-111438	2.4
-111979	1.4
-111295	2.6
-111924	1.5
-111702	1.9
-111152	2.9
-111596	2.1
-111941	1.5
-111617	2.0
-111230	2.7
-111849	1.6
-111778	1.8
-111473	2.3
-111805	1.7
-111598	2.1
-111931	1.5
-111384	2.5
-111536	2.2
-111499	2.3
-111641	2.0
-111535	2.2
-111589	2.1
-112164	1.1
-111366	2.5
-111688	1.9
-111832	1.7
-111571	2.1
-111296	2.6
-111638	2.0
-111575	2.1
-111700	1.9
-111350	2.5
-111895	1.6
-111799	1.7
-111750	1.8
-111379	2.5
-112193	1.0
-110965	3.2
-111412	2.4
-112148	1.1
-111537	2.2
-111586	2.1
-111936	1.5
-110842	3.4
-111105	2.9
-111627	2.0
-111777	1.8
-111522	2.2
-111429	2.4
-111354	2.5
-111259	2.7
-111322	2.6
-111812	1.7
-111388	2.4
-112190	1.0
-112031	1.3
-111347	2.5
-111525	2.2
-112225	1.0
-111352	2.5
-111540	2.2
-111494	2.3
-111636	2.0
-111681	1.9
-111299	2.6
-111315	2.6
-111103	3.0
-111660	2.0
-111642	2.0
-111757	1.8
-111916	1.5
-111851	1.6
-111472	2.3
-111245	2.7
-111384	2.5
-111609	2.1
-111320	2.6
-111308	2.6
-111640	2.0
-111526	2.2
-111921	1.5
-111774	1.8
-111766	1.8
-111724	1.9
-111858	1.6
-111618	2.0
-111739	1.8
-111584	2.1
-111725	1.9
-111775	1.8
-111729	1.8
-110758	3.6
-111704	1.9
-111386	2.5
-111332	2.5
-111623	2.0
-111452	2.3
-111373	2.5
-111302	2.6
-111512	2.2
-111513	2.2
-111683	1.9
-111696	1.9
-111654	2.0
-111378	2.5
-111887	1.6
-111647	2.0
-111944	1.5
-111582	2.1
-111381	2.5
-111487	2.3
-111637	2.0
-111411	2.4
-111318	2.6
-111790	1.7
-111492	2.3
-111816	1.7
-111993	1.4
-111732	1.8
-111623	2.0
-111226	2.7
-111074	3.0
-111632	2.0
-111790	1.7
-111471	2.3
-111676	1.9
-112024	1.3
-111442	2.4
-111246	2.7
-111587	2.1
-111520	2.2
-111267	2.7
-112007	1.4
-111269	2.7
-111143	2.9
-110990	3.1
-111520	2.2
-110956	3.2
-111739	1.8
-111618	2.0
-111595	2.1
-111947	1.5
-112221	1.0
-111165	2.8
-111399	2.4
-111449	2.3
-111558	2.1
-111432	2.4
-111597	2.1
-111354	2.5
-111304	2.6
-111886	1.6
-111319	2.6
-111837	1.7
-111765	1.8
-111626	2.0
-111433	2.4
-112012	1.3
-111380	2.5
-111097	3.0
-111775	1.8
-111213	2.8
-111459	2.3
-111477	2.3
-111841	1.6
-111745	1.8
-111566	2.1
-111796	1.7
-111883	1.6
-111370	2.5
-111665	2.0
-112097	1.2
-111839	1.7
-111590	2.1
-111892	1.6
-111414	2.4
-111555	2.2
-111825	1.7
-110835	3.4
-111238	2.7
-111341	2.5
-111243	2.7
-111331	2.5
-111983	1.4
-111577	2.1
-111923	1.5
-111707	1.9
-111926	1.5
-111825	1.7
-111792	1.7
-111583	2.1
-111630	2.0
-111714	1.9
-111715	1.9
-111245	2.7
-111538	2.2
-111719	1.9
-111577	2.1
-111614	2.0
-111393	2.4
-111421	2.4
-111826	1.7
-111711	1.9
-111709	1.9
-111774	1.8
-112017	1.3
-111698	1.9
-111110	2.9
-111703	1.9
-111928	1.5
-111322	2.6
-111732	1.8
-111766	1.8
-111514	2.2
-111606	2.1
-111772	1.8
-111768	1.8
-112055	1.3
-112142	1.1
-111214	2.8
-111279	2.6
-111255	2.7
-111280	2.6
-112404	0.7
-111490	2.3
-112043	1.3
-111354	2.5
-112032	1.3
-111689	1.9
-111965	1.4
-111896	1.6
-111711	1.9
-111574	2.1
-111453	2.3
-111780	1.8
-111757	1.8
-111565	2.1
-111836	1.7
-112075	1.2
-111800	1.7
-111571	2.1
-111342	2.5
-111338	2.5
-111805	1.7
-111249	2.7
-111943	1.5
-111952	1.5
-111776	1.8
-111619	2.0
-111593	2.1
-111780	1.8
-111993	1.4
-111385	2.5
-111519	2.2
-111370	2.5
-111350	2.5
-111808	1.7
-111463	2.3
-112182	1.0
-111549	2.2
-111304	2.6
-111826	1.7
-111277	2.6
-111156	2.9
-111634	2.0
-111745	1.8
-111013	3.1
-111802	1.7
-111584	2.1
-111660	2.0
-111886	1.6
-112180	1.0
-111320	2.6
-111478	2.3
-111857	1.6
-111966	1.4
-111027	3.1
-111487	2.3
-111317	2.6
-110987	3.2
-111421	2.4
-111583	2.1
-112189	1.0
-110883	3.3
-111480	2.3
-111361	2.5
-111768	1.8
-111580	2.1
-111966	1.4
-112154	1.1
-111725	1.9
-111807	1.7
-112093	1.2
-111834	1.7
-112002	1.4
-111289	2.6
-111821	1.7
-111770	1.8
-111510	2.2
-112069	1.2
-111542	2.2
-111813	1.7
-111346	2.5
-111605	2.1
-111493	2.3
-111455	2.3
-112199	1.0
-111710	1.9
-112229	1.0
-111435	2.4
-111527	2.2
-111297	2.6
-111632	2.0
-111223	2.7
-112205	1.0
-111763	1.8
-111266	2.7
-111156	2.9
-111812	1.7
-111612	2.1
-111408	2.4
-112066	1.3
-111537	2.2
-111388	2.4
-111109	2.9
-111734	1.8
-111907	1.5
-111772	1.8
-111971	1.4
-111501	2.2
-111006	3.1
-111606	2.1
-111532	2.2
-111492	2.3
-111324	2.6
-110918	3.3
-111502	2.2
-111412	2.4
-111324	2.6
-111785	1.7
-111815	1.7
-111437	2.4
-112053	1.3
-111742	1.8
-111585	2.1
-111326	2.6
-111439	2.4
-111454	2.3
-111854	1.6
-111360	2.5
-111991	1.4
-111072	3.0
-111995	1.4
-111467	2.3
-111861	1.6
-111448	2.3
-112054	1.3
-111568	2.1
-111962	1.4
-111126	2.9
-111524	2.2
-111734	1.8
-111555	2.2
-111523	2.2
-111188	2.8
-111559	2.1
-111677	1.9
-112039	1.3
-111765	1.8
-111468	2.3
-111480	2.3
-110986	3.2
-111641	2.0
-112058	1.3
-111737	1.8
-111078	3.0
-111273	2.7
-111591	2.1
-111849	1.6
-111035	3.1
-111826	1.7
-110756	3.6
-111573	2.1
-111219	2.7
-111985	1.4
-111832	1.7
-112303	0.8
-111408	2.4
-111711	1.9
-111829	1.7
-111763	1.8
-111620	2.0
-111088	3.0
-111729	1.8
-111266	2.7
-111653	2.0
-111585	2.1
-111135	2.9
-111442	2.4
-111160	2.8
-111539	2.2
-111742	1.8
-111237	2.7
-111365	2.5
-111384	2.5
-111795	1.7
-111516	2.2
-111362	2.5
-111893	1.6
-111455	2.3
-111559	2.1
-111247	2.7
-111847	1.6
-111181	2.8
-111492	2.3
-111920	1.5
-111539	2.2
-111698	1.9
-112027	1.3
-111646	2.0
-111318	2.6
-111786	1.7
-111822	1.7
-111766	1.8
-111309	2.6
-111997	1.4
-111698	1.9
-111712	1.9
-110976	3.2
-111317	2.6
-111197	2.8
-112063	1.3
-112249	0.9
-111842	1.6
-111685	1.9
-111771	1.8
-111719	1.9
-112086	1.2
-112041	1.3
-111641	2.0
-112334	0.8
-111599	2.1
-111958	1.4
-111610	2.1
-111324	2.6
-112126	1.1
-112020	1.3
-111397	2.4
-111850	1.6
-111936	1.5
-112018	1.3
-111106	2.9
-111640	2.0
-111507	2.2
-111473	2.3
-111957	1.4
-111525	2.2
-111914	1.5
-111582	2.1
-111273	2.7
-111747	1.8
-111343	2.5
-111589	2.1
-111500	2.2
-111521	2.2
-111458	2.3
-111601	2.1
-111660	2.0
-111389	2.4
-111648	2.0
-111728	1.8
-111569	2.1
-111723	1.9
-111484	2.3
-110868	3.4
-111394	2.4
-111338	2.5
-111658	2.0
-111542	2.2
-111779	1.8
-111274	2.6
-111447	2.3
-111431	2.4
-111608	2.1
-111451	2.3
-111632	2.0
-111710	1.9
-111893	1.6
-111753	1.8
-111610	2.1
-111559	2.1
-111679	1.9
-111644	2.0
-111502	2.2
-111296	2.6
-111035	3.1
-111630	2.0
-112314	0.8
-111487	2.3
-111057	3.0
-112030	1.3
-112049	1.3
-111996	1.4
-111928	1.5
-111826	1.7
-112047	1.3
-111444	2.3
-111523	2.2
-111423	2.4
-111496	2.3
-111330	2.5
-111590	2.1
-111499	2.3
-111480	2.3
-111786	1.7
-111511	2.2
-111865	1.6
-111571	2.1
-111730	1.8
-111609	2.1
-111465	2.3
-111851	1.6
-111560	2.1
-111489	2.3
-111458	2.3
-111233	2.7
-111754	1.8
-111523	2.2
-111515	2.2
-111733	1.8
-111970	1.4
-111566	2.1
-111532	2.2
-111717	1.9
-111097	3.0
-111809	1.7
-111586	2.1
-111657	2.0
-111293	2.6
-111095	3.0
-111686	1.9
-111351	2.5
-111650	2.0
-111533	2.2
-111645	2.0
-111248	2.7
-111426	2.4
-111880	1.6
-111841	1.6
-112151	1.1
-112132	1.1
-111947	1.5
-111453	2.3
-111153	2.9
-112014	1.3
-112133	1.1
-112380	0.7
-111561	2.1
-111593	2.1
-111724	1.9
-111687	1.9
-111838	1.7
-111706	1.9
-111742	1.8
-111972	1.4
-111697	1.9
-111501	2.2
-112063	1.3
-111425	2.4
-111357	2.5
-111777	1.8
-111090	3.0
-111291	2.6
-111299	2.6
-111355	2.5
-111597	2.1
-111549	2.2
-111415	2.4
-111899	1.5
-111684	1.9
-111965	1.4
-111466	2.3
-111377	2.5
-111905	1.5
-111234	2.7
-111240	2.7
-111569	2.1
-112055	1.3
-111640	2.0
-111524	2.2
-111633	2.0
-111766	1.8
-111336	2.5
-111435	2.4
-111765	1.8
-111509	2.2
-111908	1.5
-111609	2.1
-111952	1.5
-111432	2.4
-112323	0.8
-112022	1.3
-111835	1.7
-111496	2.3
-111439	2.4
-111765	1.8
-111556	2.2
-111800	1.7
-112286	0.9
-111739	1.8
-111294	2.6
-111440	2.4
-111344	2.5
-111503	2.2
-111338	2.5
-112278	0.9
-111930	1.5
-111601	2.1
-111995	1.4
-111606	2.1
-111307	2.6
-112036	1.3
-111586	2.1
-111775	1.8
-111674	1.9
-111566	2.1
-111511	2.2
-111991	1.4
-111909	1.5
-111668	2.0
-111071	3.0
-111855	1.6
-111560	2.1
-111503	2.2
-111593	2.1
-112385	0.7
-111472	2.3
-111604	2.1
-111703	1.9
-111906	1.5
-111487	2.3
-111434	2.4
-111407	2.4
-111649	2.0
-110922	3.3
-111140	2.9
-111966	1.4
-111918	1.5
-111599	2.1
-111423	2.4
-111486	2.3
-111801	1.7
-111908	1.5
-111623	2.0
-112061	1.3
-111329	2.6
-111473	2.3
-112006	1.4
-111532	2.2
-111939	1.5
-111856	1.6
-111533	2.2
-111868	1.6
-111395	2.4
-111355	2.5
-111588	2.1
-112053	1.3
-112281	0.9
-111877	1.6
-111410	2.4
-111893	1.6
-111237	2.7
-111405	2.4
-112124	1.1
-112090	1.2
-111526	2.2
-111048	3.0
-111853	1.6
-111656	2.0
-111613	2.0
-112090	1.2
-111704	1.9
-111545	2.2
-110899	3.3
-111558	2.1
-111747	1.8
-111523	2.2
-111687	1.9
-111695	1.9
-111669	2.0
-111585	2.1
-111174	2.8
-112056	1.3
-111993	1.4
-111532	2.2
-111323	2.6
-111474	2.3
-111932	1.5
-111865	1.6
-112112	1.2
-111774	1.8
-111893	1.6
-111457	2.3
-111867	1.6
-111507	2.2
-111592	2.1
-111302	2.6
-111569	2.1
-112085	1.2
-111447	2.3
-111328	2.6
-111777	1.8
-111239	2.7
-111384	2.5
-111186	2.8
-111758	1.8
-111445	2.3
-111703	1.9
-111628	2.0
-111656	2.0
-111885	1.6
-111432	2.4
-111688	1.9
-111905	1.5
-111748	1.8
-112053	1.3
-111513	2.2
-111322	2.6
-111421	2.4
-111431	2.4
-111945	1.5
-111692	1.9
-111732	1.8
-111265	2.7
-111447	2.3
-112416	0.6
-111785	1.7
-111674	1.9
-111627	2.0
-111622	2.0
-110970	3.2
-111893	1.6
-111643	2.0
-111811	1.7
-112499	0.5
-111415	2.4
-111741	1.8
-111391	2.4
-111276	2.6
-111420	2.4
-111869	1.6
-111663	2.0
-111823	1.7
-111361	2.5
-111330	2.5
-111520	2.2
-111684	1.9
-111696	1.9
-111507	2.2
-111539	2.2
-111710	1.9
-112025	1.3
-111668	2.0
-111768	1.8
-111934	1.5
-111900	1.5
-111905	1.5
-111427	2.4
-111705	1.9
-111620	2.0
-111957	1.4
-111432	2.4
-112076	1.2
-112023	1.3
-111508	2.2
-111402	2.4
-111658	2.0
-111295	2.6
-111785	1.7
-111409	2.4
-111472	2.3
-111301	2.6
-111723	1.9
-112110	1.2
-111860	1.6
-111662	2.0
-111717	1.9
-112190	1.0
-111494	2.3
-112125	1.1
-112190	1.0
-111718	1.9
-111496	2.3
-111321	2.6
-111131	2.9
-111699	1.9
-111371	2.5
-111712	1.9
-111933	1.5
-111728	1.8
-111400	2.4
-111973	1.4
-111798	1.7
-111960	1.4
-111623	2.0
-111773	1.8
-111077	3.0
-111381	2.5
-111710	1.9
-111888	1.6
-111679	1.9
-111624	2.0
-111805	1.7
-111408	2.4
-111501	2.2
-111476	2.3
-111439	2.4
-111762	1.8
-111358	2.5
-111368	2.5
-111184	2.8
-111697	1.9
-111941	1.5
-111779	1.8
-111851	1.6
-111546	2.2
-111581	2.1
-111610	2.1
-111814	1.7
-112077	1.2
-111581	2.1
-111613	2.0
-111775	1.8
-111407	2.4
-111637	2.0
-112150	1.1
-111556	2.2
-111519	2.2
-112079	1.2
-111202	2.8
-111407	2.4
-111986	1.4
-112112	1.2
-111519	2.2
-111545	2.2
-111960	1.4
-111813	1.7
-111901	1.5
-111923	1.5
-112136	1.1
-111795	1.7
-111845	1.6
-111331	2.5
-111615	2.0
-111351	2.5
-111727	1.8
-111460	2.3
-111907	1.5
-111634	2.0
-111838	1.7
-111643	2.0
-111478	2.3
-111873	1.6
-111402	2.4
-112064	1.3
-111301	2.6
-112060	1.3
-111867	1.6
-111500	2.2
-111689	1.9
-111441	2.4
-111812	1.7
-111899	1.5
-111640	2.0
-111515	2.2
-111508	2.2
-111962	1.4
-111814	1.7
-111421	2.4
-111576	2.1
-111519	2.2
-112080	1.2
-112116	1.2
-111436	2.4
-111234	2.7
-111463	2.3
-111575	2.1
-111332	2.5
-111718	1.9
-111723	1.9
-111705	1.9
-111145	2.9
-111808	1.7
-111794	1.7
-111555	2.2
-111918	1.5
-111844	1.6
-111479	2.3
-111356	2.5
-112085	1.2
-111876	1.6
-111560	2.1
-111828	1.7
-111692	1.9
-111442	2.4
-111646	2.0
-112093	1.2
-111457	2.3
-111241	2.7
-111203	2.8
-111852	1.6
-111522	2.2
-111235	2.7
-111552	2.2
-111566	2.1
-111977	1.4
-111925	1.5
-111233	2.7
-111398	2.4
-111420	2.4
-111685	1.9
-111539	2.2
-111322	2.6
-111181	2.8
-111778	1.8
-111590	2.1
-111630	2.0
-111533	2.2
-112268	0.9
-110916	3.3
-111146	2.9
-111639	2.0
-111370	2.5
-112079	1.2
-111841	1.6
-111434	2.4
-111539	2.2
-111284	2.6
-111585	2.1
-111631	2.0
-111365	2.5
-112092	1.2
-111073	3.0
-111552	2.2
-111552	2.2
-111470	2.3
-111504	2.2
-111927	1.5
-111620	2.0
-111426	2.4
-111632	2.0
-111415	2.4
-111479	2.3
-111726	1.9
-111517	2.2
-111623	2.0
-111578	2.1
-110940	3.2
-111883	1.6
-111835	1.7
-111628	2.0
-111743	1.8
-111650	2.0
-111315	2.6
-111937	1.5
-111314	2.6
-111757	1.8
