t_ms,code,microstrain
0.000,-431286,126.68
1.000,-432389,124.73
2.000,-433648,122.51
3.000,-435810,118.69
4.000,-436829,116.90
5.000,-438492,113.96
6.000,-440025,111.25
7.000,-442413,107.04
8.000,-443614,104.92
9.000,-446564,99.71
10.000,-448868,95.64
11.000,-450688,92.43
12.000,-452035,90.05
13.000,-453722,87.07
14.000,-455748,83.49
15.000,-457952,79.60
16.000,-458992,77.77
17.000,-460924,74.35
18.000,-463400,69.98
19.000,-465440,66.38
20.000,-468050,61.77
21.000,-469566,59.10
22.000,-471638,55.44
23.000,-473855,51.52
24.000,-476018,47.71
25.000,-476774,46.37
26.000,-479642,41.31
27.000,-481262,38.45
28.000,-483793,33.98
29.000,-486386,29.40
30.000,-487157,28.04
31.000,-490112,22.82
32.000,-490897,21.44
33.000,-493608,16.65
34.000,-495018,14.16
35.000,-496828,10.96
36.000,-499025,7.09
37.000,-501325,3.03
38.000,-501939,1.94
39.000,-504426,-2.45
40.000,-506190,-5.56
41.000,-506882,-6.79
42.000,-510498,-13.17
43.000,-510949,-13.97
44.000,-512187,-16.15
45.000,-513445,-18.37
46.000,-515425,-21.87
47.000,-518039,-26.48
48.000,-518459,-27.23
49.000,-518866,-27.94
50.000,-520688,-31.16
51.000,-522520,-34.40
52.000,-523329,-35.82
53.000,-525379,-39.44
54.000,-525248,-39.21
55.000,-526576,-41.56
56.000,-527277,-42.79
57.000,-529049,-45.92
58.000,-529221,-46.23
59.000,-530131,-47.83
60.000,-530849,-49.10
61.000,-532338,-51.73
62.000,-532365,-51.78
63.000,-532185,-51.46
64.000,-533135,-53.14
65.000,-533694,-54.12
66.000,-535330,-57.01
67.000,-535221,-56.82
68.000,-534971,-56.38
69.000,-535047,-56.51
70.000,-537077,-60.10
71.000,-536317,-58.75
72.000,-536359,-58.83
73.000,-537456,-60.77
74.000,-536561,-59.19
75.000,-536362,-58.83
76.000,-536439,-58.97
77.000,-536748,-59.52
78.000,-535636,-57.55
79.000,-536084,-58.34
80.000,-535741,-57.74
81.000,-534088,-54.82
82.000,-533943,-54.56
83.000,-533555,-53.88
84.000,-533155,-53.17
85.000,-532470,-51.96
86.000,-531276,-49.85
87.000,-530317,-48.16
88.000,-530179,-47.92
89.000,-529415,-46.57
90.000,-527988,-44.05
91.000,-527858,-43.82
92.000,-525682,-39.98
93.000,-525069,-38.90
94.000,-524295,-37.53
95.000,-521234,-32.13
96.000,-520557,-30.93
97.000,-519501,-29.07
98.000,-517789,-26.04
101.042,-516458,-81.61
102.042,-515601,-80.10
103.042,-514087,-77.43
104.042,-511486,-72.84
105.042,-509900,-70.04
106.042,-508076,-66.81
107.042,-506312,-63.70
108.042,-504074,-59.75
109.042,-502036,-56.15
110.042,-500997,-54.32
111.042,-499121,-51.00
112.042,-495858,-45.24
113.042,-494658,-43.12
114.042,-492520,-39.35
115.042,-490876,-36.45
116.042,-487725,-30.88
117.042,-485641,-27.20
118.042,-483530,-23.48
119.042,-482450,-21.57
120.042,-479219,-15.87
121.042,-477846,-13.44
122.042,-475258,-8.87
123.042,-473012,-4.91
124.042,-470907,-1.19
125.042,-468925,2.31
126.042,-467462,4.89
127.042,-464443,10.22
128.042,-461286,15.79
129.042,-459975,18.11
130.042,-456893,23.55
131.042,-455185,26.57
132.042,-454010,28.64
133.042,-452141,31.94
134.042,-449091,37.33
135.042,-447901,39.43
136.042,-444677,45.12
137.042,-442496,48.97
138.042,-441733,50.32
139.042,-439121,54.93
140.042,-438187,56.58
141.042,-436297,59.91
142.042,-434818,62.53
143.042,-432651,66.35
144.042,-431673,68.08
145.042,-428380,73.89
146.042,-426638,76.97
147.042,-425775,78.49
148.042,-423832,81.92
149.042,-422518,84.24
150.042,-420864,87.16
151.042,-418679,91.02
152.042,-417242,93.56
153.042,-416346,95.14
154.042,-414836,97.80
155.042,-413759,99.71
156.042,-412682,101.61
157.042,-411058,104.47
158.042,-410765,104.99
159.042,-409202,107.75
160.042,-408473,109.04
161.042,-406415,112.67
162.042,-405394,114.47
163.042,-404378,116.27
164.042,-404160,116.65
165.042,-402815,119.03
166.042,-402437,119.70
167.042,-402279,119.97
168.042,-402311,119.92
169.042,-401317,121.67
170.042,-400846,122.50
171.042,-400222,123.61
172.042,-399519,124.85
173.042,-399500,124.88
174.042,-400814,122.56
175.042,-399779,124.39
176.042,-399649,124.62
177.042,-400584,122.97
178.042,-400119,123.79
179.042,-400661,122.83
180.042,-400442,123.22
181.042,-400667,122.82
182.042,-401913,120.62
183.042,-401395,121.53
184.042,-402988,118.72
185.042,-401844,120.74
186.042,-403252,118.26
187.042,-403997,116.94
188.042,-404524,116.01
189.042,-405123,114.95
190.042,-406552,112.43
191.042,-407158,111.36
192.042,-407282,111.14
193.042,-409116,107.90
194.042,-410735,105.04
195.042,-410686,105.13
196.042,-412705,101.57
197.042,-413135,100.81
198.042,-414035,99.22
199.042,-416761,94.41
202.101,-417371,107.52
203.101,-419000,104.64
204.101,-420820,101.43
205.101,-422044,99.27
206.101,-423523,96.66
207.101,-425279,93.56
208.101,-425759,92.71
209.101,-427747,89.20
210.101,-430333,84.63
211.101,-431452,82.66
212.101,-433294,79.40
213.101,-434960,76.46
214.101,-436444,73.84
215.101,-438387,70.41
216.101,-438848,69.60
217.101,-441384,65.12
218.101,-443030,62.22
219.101,-445721,57.46
220.101,-447163,54.92
221.101,-449760,50.33
222.101,-450404,49.20
223.101,-452614,45.29
224.101,-454741,41.54
225.101,-456253,38.87
226.101,-457702,36.31
227.101,-461380,29.82
228.101,-461691,29.27
229.101,-464376,24.53
230.101,-466539,20.71
231.101,-468332,17.54
232.101,-469466,15.54
233.101,-471561,11.84
234.101,-473981,7.57
235.101,-476090,3.85
236.101,-479632,-2.41
237.101,-480204,-3.42
238.101,-481868,-6.35
239.101,-484284,-10.62
240.101,-485628,-12.99
241.101,-488065,-17.30
242.101,-490652,-21.86
243.101,-491937,-24.13
244.101,-493829,-27.47
245.101,-496488,-32.17
246.101,-497114,-33.27
247.101,-499962,-38.30
248.101,-500034,-38.43
249.101,-503341,-44.27
250.101,-503789,-45.06
251.101,-506348,-49.58
252.101,-507951,-52.41
253.101,-510190,-56.36
254.101,-512083,-59.70
255.101,-512929,-61.19
256.101,-514741,-64.39
257.101,-515516,-65.76
258.101,-517303,-68.92
259.101,-518175,-70.46
260.101,-519960,-73.61
261.101,-520592,-74.72
262.101,-522396,-77.91
263.101,-524094,-80.91
264.101,-525335,-83.10
265.101,-526056,-84.37
266.101,-526788,-85.66
267.101,-527944,-87.70
268.101,-529345,-90.18
269.101,-530144,-91.59
270.101,-530954,-93.02
271.101,-531046,-93.18
272.101,-531589,-94.14
273.101,-533043,-96.71
274.101,-533030,-96.68
275.101,-533584,-97.66
276.101,-534336,-98.99
277.101,-535216,-100.54
278.101,-534555,-99.38
279.101,-536379,-102.60
280.101,-535880,-101.72
281.101,-536501,-102.81
282.101,-536439,-102.70
283.101,-536501,-102.81
284.101,-536783,-103.31
285.101,-536808,-103.35
286.101,-536116,-102.13
287.101,-536871,-103.46
288.101,-536120,-102.14
289.101,-536002,-101.93
290.101,-536222,-102.32
291.101,-535876,-101.71
292.101,-534696,-99.62
293.101,-533383,-97.31
294.101,-533036,-96.69
295.101,-532515,-95.77
296.101,-531684,-94.31
297.101,-532457,-95.67
298.101,-530897,-92.92
299.101,-530291,-91.85
300.101,-528829,-89.27
303.168,-528879,-102.96
304.168,-527037,-99.70
305.168,-525981,-97.84
306.168,-524174,-94.65
307.168,-524104,-94.52
308.168,-521359,-89.68
309.168,-520274,-87.76
310.168,-518240,-84.17
311.168,-517665,-83.16
312.168,-515302,-78.98
313.168,-515125,-78.67
314.168,-513769,-76.28
315.168,-511711,-72.64
316.168,-509575,-68.87
317.168,-507318,-64.89
318.168,-506733,-63.86
319.168,-504684,-60.24
320.168,-501534,-54.68
321.168,-500180,-52.29
322.168,-497447,-47.46
323.168,-496582,-45.93
324.168,-493541,-40.56
325.168,-492775,-39.21
326.168,-490254,-34.76
327.168,-487958,-30.71
328.168,-485832,-26.95
329.168,-483931,-23.60
330.168,-480876,-18.20
331.168,-479511,-15.79
332.168,-477281,-11.86
333.168,-475013,-7.85
334.168,-472309,-3.08
335.168,-470342,0.39
336.168,-468892,2.95
337.168,-466284,7.56
338.168,-463441,12.58
339.168,-461606,15.82
340.168,-460383,17.98
341.168,-456833,24.25
342.168,-455926,25.85
343.168,-452391,32.09
344.168,-451605,33.48
345.168,-450090,36.15
346.168,-447959,39.91
347.168,-446200,43.02
348.168,-443545,47.71
349.168,-441358,51.57
350.168,-439539,54.78
351.168,-438023,57.45
352.168,-435525,61.87
353.168,-434172,64.25
354.168,-432187,67.76
355.168,-431132,69.62
356.168,-428848,73.65
357.168,-426108,78.49
358.168,-424937,80.56
359.168,-423757,82.64
360.168,-422232,85.33
361.168,-420392,88.58
362.168,-418079,92.67
363.168,-417756,93.24
364.168,-416112,96.14
365.168,-413627,100.53
366.168,-413096,101.46
367.168,-412236,102.98
368.168,-411201,104.81
369.168,-410373,106.27
370.168,-408280,109.97
371.168,-408586,109.43
372.168,-407154,111.96
373.168,-405850,114.26
374.168,-404285,117.02
375.168,-404359,116.89
376.168,-402940,119.40
377.168,-401345,122.21
378.168,-403155,119.02
379.168,-402761,119.71
380.168,-400898,123.00
381.168,-400509,123.69
382.168,-400444,123.80
383.168,-399839,124.87
384.168,-400134,124.35
385.168,-399554,125.37
386.168,-400080,124.44
387.168,-400268,124.11
388.168,-399541,125.40
389.168,-400040,124.52
390.168,-400697,123.36
391.168,-400988,122.84
392.168,-402068,120.93
393.168,-401785,121.43
394.168,-402213,120.68
395.168,-401824,121.37
396.168,-402048,120.97
397.168,-402668,119.88
398.168,-403864,117.76
399.168,-404672,116.34
400.168,-405788,114.37
401.168,-406324,113.42
404.203,-407567,115.79
405.203,-407722,115.52
406.203,-409422,112.51
407.203,-411588,108.69
408.203,-411911,108.12
409.203,-412965,106.26
410.203,-414687,103.22
411.203,-414207,104.07
412.203,-415697,101.44
413.203,-417444,98.35
414.203,-419145,95.35
415.203,-420870,92.30
416.203,-422313,89.75
417.203,-423374,87.88
418.203,-425472,84.18
419.203,-427037,81.41
420.203,-428157,79.44
421.203,-429633,76.83
422.203,-430893,74.61
423.203,-432752,71.32
424.203,-434554,68.14
425.203,-436602,64.53
426.203,-438163,61.77
427.203,-440447,57.74
428.203,-440914,56.91
429.203,-444512,50.56
430.203,-446073,47.81
431.203,-446598,46.88
432.203,-448842,42.92
433.203,-451264,38.64
434.203,-453203,35.22
435.203,-454324,33.24
436.203,-456117,30.07
437.203,-457941,26.85
438.203,-460659,22.05
439.203,-463260,17.46
440.203,-463893,16.34
441.203,-467245,10.42
442.203,-468092,8.93
443.203,-470224,5.17
444.203,-472789,0.64
445.203,-474462,-2.32
446.203,-476397,-5.73
447.203,-479212,-10.70
448.203,-480216,-12.48
449.203,-482645,-16.76
450.203,-484952,-20.84
451.203,-486621,-23.78
452.203,-488617,-27.31
453.203,-490159,-30.03
454.203,-492293,-33.80
455.203,-493504,-35.94
456.203,-495535,-39.52
457.203,-498833,-45.34
458.203,-499543,-46.60
459.203,-500882,-48.96
460.203,-502757,-52.27
461.203,-505046,-56.31
462.203,-505823,-57.69
463.203,-508345,-62.14
464.203,-510008,-65.07
465.203,-511186,-67.15
466.203,-512499,-69.47
467.203,-514869,-73.66
468.203,-516010,-75.67
469.203,-517048,-77.50
470.203,-517779,-78.79
471.203,-520288,-83.22
472.203,-520739,-84.02
473.203,-522810,-87.68
474.203,-523739,-89.32
475.203,-525361,-92.18
476.203,-525912,-93.15
477.203,-527536,-96.02
478.203,-528047,-96.92
479.203,-528361,-97.48
480.203,-530031,-100.43
481.203,-531452,-102.94
482.203,-531245,-102.57
483.203,-532273,-104.38
484.203,-532522,-104.82
485.203,-534005,-107.44
486.203,-533585,-106.70
487.203,-534521,-108.35
488.203,-535478,-110.04
489.203,-534968,-109.14
490.203,-536218,-111.35
491.203,-536244,-111.40
492.203,-535752,-110.53
493.203,-536013,-110.99
494.203,-536641,-112.10
495.203,-536404,-111.68
496.203,-536842,-112.45
497.203,-536527,-111.90
498.203,-535671,-110.38
499.203,-536489,-111.83
500.203,-535914,-110.81
501.203,-534903,-109.03
502.203,-534920,-109.06
505.285,-534359,-112.23
506.285,-534739,-112.90
507.285,-533793,-111.23
508.285,-534099,-111.77
509.285,-532955,-109.75
510.285,-531269,-106.78
511.285,-531246,-106.74
512.285,-529892,-104.35
513.285,-528632,-102.12
514.285,-527130,-99.47
515.285,-527905,-100.84
516.285,-526212,-97.85
517.285,-523932,-93.82
518.285,-523881,-93.73
519.285,-521495,-89.52
520.285,-520550,-87.85
521.285,-519677,-86.31
522.285,-517758,-82.92
523.285,-515358,-78.69
524.285,-513797,-75.93
525.285,-512669,-73.94
526.285,-510802,-70.64
527.285,-509499,-68.34
528.285,-507277,-64.42
529.285,-506020,-62.20
530.285,-503056,-56.97
531.285,-501454,-54.14
532.285,-499781,-51.18
533.285,-498307,-48.58
534.285,-495735,-44.04
535.285,-493816,-40.65
536.285,-491699,-36.92
537.285,-489928,-33.79
538.285,-486878,-28.40
539.285,-484286,-23.83
540.285,-482828,-21.25
541.285,-482335,-20.38
542.285,-479777,-15.87
543.285,-476686,-10.41
544.285,-474280,-6.16
545.285,-472689,-3.35
546.285,-471260,-0.83
547.285,-468372,4.27
548.285,-465701,8.99
549.285,-464401,11.28
550.285,-462123,15.30
551.285,-458861,21.06
552.285,-456745,24.80
553.285,-455608,26.80
554.285,-453456,30.60
555.285,-451167,34.65
556.285,-449394,37.78
557.285,-447732,40.71
558.285,-446098,43.60
559.285,-443229,48.66
560.285,-441512,51.69
561.285,-438665,56.72
562.285,-438665,56.72
563.285,-436459,60.61
564.285,-434927,63.32
565.285,-432114,68.28
566.285,-431187,69.92
567.285,-429105,73.60
568.285,-426361,78.44
569.285,-426069,78.96
570.285,-422971,84.43
571.285,-422235,85.73
572.285,-419008,91.42
573.285,-418400,92.50
574.285,-417300,94.44
575.285,-415104,98.32
576.285,-414143,100.01
577.285,-412871,102.26
578.285,-411632,104.45
579.285,-411245,105.13
580.285,-409780,107.72
581.285,-408478,110.01
582.285,-407584,111.59
583.285,-405841,114.67
584.285,-405455,115.35
585.285,-404866,116.39
586.285,-404454,117.12
587.285,-403367,119.04
588.285,-402581,120.43
589.285,-401173,122.91
590.285,-401994,121.46
591.285,-401591,122.17
592.285,-400878,123.43
593.285,-400287,124.48
594.285,-399659,125.59
595.285,-399584,125.72
596.285,-399846,125.25
597.285,-399689,125.53
598.285,-399275,126.26
599.285,-400508,124.09
600.285,-400218,124.60
601.285,-400331,124.40
602.285,-399928,125.11
603.285,-400346,124.37
606.332,-401362,122.75
607.332,-401393,122.69
608.332,-402785,120.24
609.332,-402026,121.58
610.332,-403352,119.24
611.332,-404295,117.57
612.332,-404098,117.92
613.332,-404894,116.51
614.332,-405560,115.34
615.332,-407998,111.03
616.332,-408793,109.63
617.332,-409156,108.99
618.332,-410488,106.64
619.332,-411590,104.69
620.332,-411799,104.32
621.332,-414302,99.90
622.332,-414334,99.85
623.332,-416505,96.01
624.332,-418532,92.43
625.332,-419582,90.58
626.332,-420418,89.10
627.332,-422023,86.27
628.332,-423634,83.43
629.332,-424579,81.76
630.332,-427280,76.99
631.332,-429076,73.82
632.332,-430240,71.76
633.332,-431899,68.83
634.332,-432820,67.21
635.332,-434939,63.47
636.332,-436917,59.97
637.332,-438151,57.80
638.332,-440761,53.19
639.332,-441650,51.62
640.332,-443471,48.40
641.332,-445792,44.31
642.332,-447202,41.82
643.332,-448517,39.49
644.332,-451425,34.36
645.332,-452824,31.89
646.332,-455012,28.03
647.332,-456338,25.69
648.332,-458242,22.32
649.332,-460475,18.38
650.332,-461885,15.89
651.332,-464369,11.51
652.332,-466430,7.87
653.332,-468097,4.93
654.332,-470287,1.06
655.332,-472359,-2.60
656.332,-473791,-5.13
657.332,-476617,-10.12
658.332,-479048,-14.41
659.332,-480758,-17.43
660.332,-482303,-20.16
661.332,-484928,-24.79
662.332,-485856,-26.43
663.332,-489066,-32.10
664.332,-490844,-35.24
665.332,-491563,-36.50
666.332,-494218,-41.19
667.332,-496041,-44.41
668.332,-498257,-48.32
669.332,-500258,-51.86
670.332,-501885,-54.73
671.332,-502973,-56.65
672.332,-504425,-59.21
673.332,-507069,-63.88
674.332,-507225,-64.16
675.332,-509699,-68.52
676.332,-511608,-71.90
677.332,-513500,-75.24
678.332,-513595,-75.40
679.332,-516007,-79.66
680.332,-516977,-81.37
681.332,-518943,-84.85
682.332,-519832,-86.41
683.332,-520768,-88.07
684.332,-522010,-90.26
685.332,-523835,-93.48
686.332,-525183,-95.86
687.332,-526301,-97.84
688.332,-527317,-99.63
689.332,-528108,-101.03
690.332,-528839,-102.32
691.332,-529755,-103.93
692.332,-530223,-104.76
693.332,-532061,-108.01
694.332,-532059,-108.00
695.332,-532998,-109.66
696.332,-533939,-111.32
697.332,-533804,-111.08
698.332,-534688,-112.64
699.332,-535553,-114.17
700.332,-535272,-113.67
701.332,-535500,-114.08
702.332,-536311,-115.51
703.332,-536769,-116.32
704.332,-536522,-115.88
707.357,-536992,-116.52
708.357,-537935,-118.18
709.357,-536926,-116.40
710.357,-536744,-116.08
711.357,-537674,-117.72
712.357,-536034,-114.83
713.357,-536069,-114.89
714.357,-536329,-115.35
715.357,-535602,-114.06
716.357,-533963,-111.17
717.357,-534525,-112.16
718.357,-533471,-110.30
719.357,-533634,-110.59
720.357,-532210,-108.08
721.357,-531397,-106.64
722.357,-530922,-105.80
723.357,-529346,-103.02
724.357,-528980,-102.37
725.357,-527692,-100.10
726.357,-527085,-99.03
727.357,-525879,-96.90
728.357,-524582,-94.61
729.357,-523855,-93.32
730.357,-522512,-90.95
731.357,-520107,-86.71
732.357,-519845,-86.24
733.357,-518267,-83.46
734.357,-516307,-80.00
735.357,-513636,-75.28
736.357,-513153,-74.43
737.357,-511845,-72.12
738.357,-509944,-68.76
739.357,-508171,-65.63
740.357,-506623,-62.90
741.357,-504502,-59.16
742.357,-501470,-53.80
743.357,-500528,-52.14
744.357,-497975,-47.63
745.357,-496036,-44.21
746.357,-493562,-39.84
747.357,-493013,-38.87
748.357,-489946,-33.46
749.357,-488536,-30.97
750.357,-485814,-26.16
751.357,-483526,-22.12
752.357,-482066,-19.54
753.357,-480169,-16.19
754.357,-477977,-12.32
755.357,-475955,-8.75
756.357,-473082,-3.68
757.357,-471285,-0.51
758.357,-469012,3.50
759.357,-467326,6.48
760.357,-464400,11.65
761.357,-462280,15.39
762.357,-459937,19.53
763.357,-458440,22.17
764.357,-456478,25.63
765.357,-454153,29.74
766.357,-452238,33.12
767.357,-449940,37.18
768.357,-447919,40.74
769.357,-446211,43.76
770.357,-443853,47.92
771.357,-442489,50.33
772.357,-439888,54.92
773.357,-437896,58.44
774.357,-436352,61.17
775.357,-434836,63.84
776.357,-433563,66.09
777.357,-430761,71.04
778.357,-429306,73.61
779.357,-426563,78.45
780.357,-426560,78.45
781.357,-424052,82.88
782.357,-422616,85.42
783.357,-420082,89.89
784.357,-419601,90.74
785.357,-416731,95.81
786.357,-416723,95.82
787.357,-414302,100.10
788.357,-414888,99.06
789.357,-412130,103.93
790.357,-410750,106.37
791.357,-410179,107.38
792.357,-408364,110.58
793.357,-407332,112.40
794.357,-405988,114.77
795.357,-405200,116.17
796.357,-404860,116.77
797.357,-404206,117.92
798.357,-403369,119.40
799.357,-403057,119.95
800.357,-402159,121.54
801.357,-401591,122.54
802.357,-400708,124.10
803.357,-400991,123.60
804.357,-400837,123.87
805.357,-399847,125.62
808.409,-399886,123.15
809.409,-399614,123.63
810.409,-399523,123.79
811.409,-399742,123.41
812.409,-399791,123.32
813.409,-398871,124.94
814.409,-399974,123.00
815.409,-400070,122.83
816.409,-400563,121.96
817.409,-401904,119.59
818.409,-401632,120.07
819.409,-402787,118.03
820.409,-402809,117.99
821.409,-403623,116.55
822.409,-403242,117.23
823.409,-404812,114.46
824.409,-404990,114.14
825.409,-405558,113.14
826.409,-407262,110.13
827.409,-408762,107.48
828.409,-408421,108.08
829.409,-409464,106.24
830.409,-410986,103.55
831.409,-411504,102.64
832.409,-413201,99.64
833.409,-414287,97.73
834.409,-415726,95.19
835.409,-417798,91.53
836.409,-419613,88.32
837.409,-420101,87.46
838.409,-421812,84.44
839.409,-423674,81.15
840.409,-425529,77.88
841.409,-425618,77.72
842.409,-427261,74.82
843.409,-429678,70.55
844.409,-431019,68.19
845.409,-433446,63.90
846.409,-434119,62.71
847.409,-436777,58.02
848.409,-437680,56.43
849.409,-439471,53.26
850.409,-440988,50.58
851.409,-442710,47.54
852.409,-445401,42.79
853.409,-447081,39.83
854.409,-449619,35.35
855.409,-451011,32.89
856.409,-452756,29.81
857.409,-454622,26.51
858.409,-456079,23.94
859.409,-457191,21.98
860.409,-460306,16.48
861.409,-461540,14.30
862.409,-464362,9.32
863.409,-465974,6.47
864.409,-469103,0.95
865.409,-469802,-0.29
866.409,-472012,-4.19
867.409,-474160,-7.98
868.409,-476582,-12.26
869.409,-477993,-14.75
870.409,-481007,-20.07
871.409,-482152,-22.09
872.409,-483598,-24.64
873.409,-485776,-28.49
874.409,-488248,-32.85
875.409,-489828,-35.64
876.409,-491472,-38.55
877.409,-493232,-41.65
878.409,-495766,-46.13
879.409,-497519,-49.22
880.409,-499611,-52.92
881.409,-500969,-55.31
882.409,-503020,-58.94
883.409,-503767,-60.25
884.409,-505404,-63.14
885.409,-507380,-66.63
886.409,-508809,-69.16
887.409,-511501,-73.91
888.409,-513182,-76.88
889.409,-514074,-78.45
890.409,-514853,-79.83
891.409,-516909,-83.46
892.409,-517965,-85.32
893.409,-520435,-89.68
894.409,-520599,-89.97
895.409,-521480,-91.53
896.409,-522333,-93.03
897.409,-524229,-96.38
898.409,-525271,-98.22
899.409,-526933,-101.15
900.409,-527538,-102.22
901.409,-527735,-102.57
902.409,-529273,-105.29
903.409,-529833,-106.27
904.409,-531518,-109.25
905.409,-531798,-109.74
906.409,-532549,-111.07
909.460,-533249,-109.74
910.460,-534748,-112.38
911.460,-532690,-108.75
912.460,-535297,-113.35
913.460,-534793,-112.46
914.460,-535557,-113.81
915.460,-535760,-114.17
916.460,-537261,-116.82
917.460,-536371,-115.25
918.460,-536199,-114.95
919.460,-536877,-116.14
920.460,-537183,-116.68
921.460,-535985,-114.57
922.460,-535712,-114.09
923.460,-535902,-114.42
924.460,-535771,-114.19
925.460,-535459,-113.64
926.460,-535069,-112.95
927.460,-535233,-113.24
928.460,-533689,-110.51
929.460,-533846,-110.79
930.460,-532755,-108.87
931.460,-532735,-108.83
932.460,-531899,-107.35
933.460,-530834,-105.47
934.460,-530297,-104.53
935.460,-528876,-102.02
936.460,-528230,-100.88
937.460,-526438,-97.71
938.460,-526087,-97.09
939.460,-525461,-95.99
940.460,-523299,-92.17
941.460,-522471,-90.71
942.460,-520365,-86.99
943.460,-519017,-84.61
944.460,-518336,-83.41
945.460,-517152,-81.32
946.460,-515707,-78.77
947.460,-513007,-74.00
948.460,-511987,-72.20
949.460,-510605,-69.76
950.460,-508657,-66.32
951.460,-506253,-62.08
952.460,-505556,-60.84
953.460,-502944,-56.23
954.460,-500852,-52.54
955.460,-499559,-50.26
956.460,-497253,-46.19
957.460,-494937,-42.10
958.460,-493641,-39.81
959.460,-491241,-35.57
960.460,-489746,-32.93
961.460,-487197,-28.43
962.460,-485433,-25.32
963.460,-482494,-20.13
964.460,-481106,-17.68
965.460,-478506,-13.09
966.460,-476201,-9.02
967.460,-473006,-3.38
968.460,-471509,-0.73
969.460,-469002,3.69
970.460,-467890,5.66
971.460,-465460,9.95
972.460,-462984,14.32
973.460,-460172,19.28
974.460,-458752,21.79
975.460,-456715,25.39
976.460,-454952,28.50
977.460,-452866,32.18
978.460,-450782,35.86
979.460,-449152,38.74
980.460,-446360,43.67
981.460,-445095,45.90
982.460,-442464,50.55
983.460,-440307,54.35
984.460,-439234,56.25
985.460,-436862,60.44
986.460,-434768,64.13
987.460,-433530,66.32
988.460,-431523,69.86
989.460,-429142,74.07
990.460,-427999,76.09
991.460,-425640,80.25
992.460,-423846,83.42
993.460,-422113,86.48
994.460,-420274,89.72
995.460,-419507,91.08
996.460,-418639,92.61
997.460,-416308,96.73
998.460,-414800,99.39
999.460,-414231,100.39
1000.460,-412612,103.25
1001.460,-411232,105.69
1002.460,-410165,107.57
1003.460,-409064,109.52
1004.460,-407288,112.65
1005.460,-406685,113.72
1006.460,-406430,114.17
1007.460,-404929,116.82
1010.512,-405358,112.11
1011.512,-403722,115.00
1012.512,-402739,116.73
1013.512,-402493,117.17
1014.512,-402119,117.83
1015.512,-402512,117.13
1016.512,-401696,118.57
1017.512,-401346,119.19
1018.512,-400061,121.46
1019.512,-401259,119.34
1020.512,-399873,121.79
1021.512,-400024,121.52
1022.512,-399677,122.14
1023.512,-400076,121.43
1024.512,-399412,122.61
1025.512,-400170,121.27
1026.512,-399852,121.83
1027.512,-399718,122.07
1028.512,-400461,120.75
1029.512,-401131,119.57
1030.512,-401971,118.09
1031.512,-402463,117.22
1032.512,-402946,116.37
1033.512,-403541,115.32
1034.512,-403491,115.40
1035.512,-405365,112.10
1036.512,-405761,111.40
1037.512,-406677,109.78
1038.512,-407959,107.52
1039.512,-407921,107.58
1040.512,-408580,106.42
1041.512,-411156,101.87
1042.512,-412378,99.71
1043.512,-411981,100.41
1044.512,-413436,97.85
1045.512,-414584,95.82
1046.512,-417271,91.07
1047.512,-417896,89.97
1048.512,-419750,86.70
1049.512,-421480,83.64
1050.512,-422289,82.22
1051.512,-423296,80.44
1052.512,-425567,76.43
1053.512,-427446,73.11
1054.512,-427636,72.77
1055.512,-430312,68.05
1056.512,-433044,63.23
1057.512,-433652,62.15
1058.512,-435154,59.50
1059.512,-436149,57.74
1060.512,-438102,54.30
1061.512,-442287,46.91
1062.512,-442143,47.16
1063.512,-442965,45.71
1064.512,-446680,39.15
1065.512,-448134,36.58
1066.512,-449511,34.15
1067.512,-451116,31.32
1068.512,-453273,27.51
1069.512,-454902,24.64
1070.512,-456952,21.02
1071.512,-458643,18.03
1072.512,-460814,14.20
1073.512,-462929,10.46
1074.512,-465266,6.34
1075.512,-466211,4.67
1076.512,-468604,0.44
1077.512,-470569,-3.03
1078.512,-472767,-6.91
1079.512,-474727,-10.37
1080.512,-477222,-14.77
1081.512,-478880,-17.70
1082.512,-480755,-21.01
1083.512,-482652,-24.36
1084.512,-484296,-27.26
1085.512,-486204,-30.63
1086.512,-488888,-35.37
1087.512,-490666,-38.51
1088.512,-492581,-41.89
1089.512,-494365,-45.04
1090.512,-495707,-47.41
1091.512,-497091,-49.85
1092.512,-498886,-53.02
1093.512,-500725,-56.27
1094.512,-502835,-59.99
1095.512,-505307,-64.36
1096.512,-506715,-66.84
1097.512,-509037,-70.94
1098.512,-508671,-70.30
1099.512,-510925,-74.28
1100.512,-512954,-77.86
1101.512,-514112,-79.90
1102.512,-516104,-83.42
1103.512,-517101,-85.18
1104.512,-519077,-88.67
1105.512,-520083,-90.44
1106.512,-521256,-92.52
1107.512,-522633,-94.95
1108.512,-523816,-97.03
1111.562,-526097,-97.11
1112.562,-527375,-99.37
1113.562,-527267,-99.18
1114.562,-528686,-101.68
1115.562,-529204,-102.60
1116.562,-531082,-105.91
1117.562,-529566,-103.24
1118.562,-531009,-105.79
1119.562,-532087,-107.69
1120.562,-532927,-109.17
1121.562,-533155,-109.57
1122.562,-533393,-109.99
1123.562,-534663,-112.24
1124.562,-535600,-113.89
1125.562,-535695,-114.06
1126.562,-535600,-113.89
1127.562,-535537,-113.78
1128.562,-536367,-115.25
1129.562,-536977,-116.32
1130.562,-536425,-115.35
1131.562,-536077,-114.73
1132.562,-537161,-116.65
1133.562,-536193,-114.94
1134.562,-536582,-115.62
1135.562,-535338,-113.43
1136.562,-535932,-114.48
1137.562,-536232,-115.01
1138.562,-535312,-113.38
1139.562,-534113,-111.27
1140.562,-534291,-111.58
1141.562,-533755,-110.63
1142.562,-532823,-108.99
1143.562,-531183,-106.09
1144.562,-530564,-105.00
1145.562,-529552,-103.21
1146.562,-528843,-101.96
1147.562,-528634,-101.59
1148.562,-527332,-99.29
1149.562,-526830,-98.41
1150.562,-526065,-97.06
1151.562,-524001,-93.41
1152.562,-523542,-92.60
1153.562,-521708,-89.36
1154.562,-519723,-85.86
1155.562,-519207,-84.95
1156.562,-518066,-82.93
1157.562,-515555,-78.50
1158.562,-514461,-76.57
1159.562,-512314,-72.78
1160.562,-511641,-71.59
1161.562,-509159,-67.21
1162.562,-506600,-62.69
1163.562,-505501,-60.75
1164.562,-503878,-57.88
1165.562,-502829,-56.03
1166.562,-499958,-50.96
1167.562,-498767,-48.86
1168.562,-496377,-44.64
1169.562,-493436,-39.45
1170.562,-491851,-36.65
1171.562,-490004,-33.39
1172.562,-487110,-28.28
1173.562,-485465,-25.38
1174.562,-483828,-22.49
1175.562,-481144,-17.75
1176.562,-479137,-14.20
1177.562,-477812,-11.86
1178.562,-475089,-7.06
1179.562,-472161,-1.89
1180.562,-470949,0.25
1181.562,-468831,3.99
1182.562,-466181,8.67
1183.562,-463912,12.68
1184.562,-462286,15.55
1185.562,-459314,20.79
1186.562,-458377,22.45
1187.562,-455593,27.36
1188.562,-453241,31.52
1189.562,-451558,34.49
1190.562,-449911,37.40
1191.562,-447600,41.48
1192.562,-445758,44.73
1193.562,-444395,47.13
1194.562,-442230,50.96
1195.562,-440098,54.72
1196.562,-438287,57.92
1197.562,-436500,61.07
1198.562,-433420,66.51
1199.562,-432615,67.93
1200.562,-431038,70.72
1201.562,-427916,76.23
1202.562,-426926,77.98
1203.562,-425352,80.76
1204.562,-423583,83.88
1205.562,-422101,86.50
1206.562,-421187,88.11
1207.562,-419803,90.55
1208.562,-417947,93.83
1209.562,-415047,98.95
1212.614,-415753,92.95
1213.614,-413824,96.35
1214.614,-412394,98.88
1215.614,-411486,100.48
1216.614,-409186,104.54
1217.614,-408490,105.77
1218.614,-407280,107.91
1219.614,-406680,108.97
1220.614,-405267,111.46
1221.614,-405503,111.05
1222.614,-403746,114.15
1223.614,-404021,113.66
1224.614,-403034,115.40
1225.614,-402425,116.48
1226.614,-401505,118.10
1227.614,-401416,118.26
1228.614,-400322,120.19
1229.614,-400253,120.31
1230.614,-399718,121.26
1231.614,-399351,121.91
1232.614,-399773,121.16
1233.614,-400070,120.64
1234.614,-399711,121.27
1235.614,-400895,119.18
1236.614,-399478,121.68
1237.614,-400009,120.75
1238.614,-400153,120.49
1239.614,-400044,120.68
1240.614,-400925,119.13
1241.614,-401403,118.28
1242.614,-402255,116.78
1243.614,-402326,116.65
1244.614,-402899,115.64
1245.614,-402707,115.98
1246.614,-404228,113.30
1247.614,-404914,112.09
1248.614,-405953,110.25
1249.614,-406806,108.75
1250.614,-407937,106.75
1251.614,-408833,105.17
1252.614,-409778,103.50
1253.614,-410510,102.21
1254.614,-411616,100.25
1255.614,-412782,98.19
1256.614,-415164,93.99
1257.614,-415710,93.02
1258.614,-417510,89.85
1259.614,-418250,88.54
1260.614,-420451,84.65
1261.614,-421375,83.02
1262.614,-423877,78.61
1263.614,-423241,79.73
1264.614,-427114,72.89
1265.614,-427523,72.17
1266.614,-429316,69.00
1267.614,-430789,66.40
1268.614,-433234,62.09
1269.614,-434102,60.55
1270.614,-435439,58.19
1271.614,-437818,53.99
1272.614,-439378,51.24
1273.614,-441534,47.43
1274.614,-443025,44.80
1275.614,-445212,40.94
1276.614,-446603,38.48
1277.614,-447984,36.04
1278.614,-450335,31.89
1279.614,-452418,28.22
1280.614,-455070,23.53
1281.614,-456088,21.74
1282.614,-458861,16.84
1283.614,-460273,14.35
1284.614,-463105,9.35
1285.614,-464038,7.70
1286.614,-466650,3.09
1287.614,-468393,0.01
1288.614,-469854,-2.57
1289.614,-471812,-6.03
1290.614,-473617,-9.21
1291.614,-475093,-11.82
1292.614,-478657,-18.11
1293.614,-479381,-19.39
1294.614,-482340,-24.61
1295.614,-484165,-27.84
1296.614,-485365,-29.95
1297.614,-488064,-34.72
1298.614,-489744,-37.69
1299.614,-491168,-40.20
1300.614,-493145,-43.69
1301.614,-495176,-47.28
1302.614,-497077,-50.63
1303.614,-498794,-53.66
1304.614,-500890,-57.36
1305.614,-502157,-59.60
1306.614,-504144,-63.11
1307.614,-506121,-66.60
1308.614,-508188,-70.25
1309.614,-508899,-71.50
1310.614,-510944,-75.11
1313.672,-512351,-72.99
1314.672,-514144,-76.15
1315.672,-515914,-79.28
1316.672,-516212,-79.80
1317.672,-518083,-83.11
1318.672,-519502,-85.61
1319.672,-519674,-85.92
1320.672,-520799,-87.90
1321.672,-524078,-93.69
1322.672,-524426,-94.31
1323.672,-525970,-97.03
1324.672,-527188,-99.18
1325.672,-526969,-98.80
1326.672,-528311,-101.17
1327.672,-529339,-102.98
1328.672,-530946,-105.82
1329.672,-531034,-105.97
1330.672,-532262,-108.14
1331.672,-532490,-108.54
1332.672,-532267,-108.15
1333.672,-533721,-110.72
1334.672,-534920,-112.83
1335.672,-535573,-113.99
1336.672,-536038,-114.81
1337.672,-536260,-115.20
1338.672,-535268,-113.45
1339.672,-536501,-115.63
1340.672,-536535,-115.69
1341.672,-535911,-114.58
1342.672,-536058,-114.84
1343.672,-536708,-115.99
1344.672,-536215,-115.12
1345.672,-536414,-115.47
1346.672,-536049,-114.83
1347.672,-536295,-115.26
1348.672,-537337,-117.10
1349.672,-534560,-112.20
1350.672,-535030,-113.03
1351.672,-533157,-109.72
1352.672,-533558,-110.43
1353.672,-533607,-110.52
1354.672,-532667,-108.86
1355.672,-531522,-106.84
1356.672,-531191,-106.25
1357.672,-530023,-104.19
1358.672,-528871,-102.15
1359.672,-527293,-99.37
1360.672,-527737,-100.15
1361.672,-526825,-98.54
1362.672,-525009,-95.34
1363.672,-523917,-93.41
1364.672,-521683,-89.46
1365.672,-521279,-88.75
1366.672,-519134,-84.96
1367.672,-518217,-83.34
1368.672,-517129,-81.42
1369.672,-515422,-78.41
1370.672,-513848,-75.63
1371.672,-513091,-74.29
1372.672,-511654,-71.76
1373.672,-508760,-66.65
1374.672,-506880,-63.33
1375.672,-505250,-60.45
1376.672,-502641,-55.84
1377.672,-500636,-52.30
1378.672,-499943,-51.08
1379.672,-497540,-46.84
1380.672,-495516,-43.27
1381.672,-493199,-39.17
1382.672,-489894,-33.34
1383.672,-488934,-31.64
1384.672,-487554,-29.21
1385.672,-484882,-24.49
1386.672,-482221,-19.79
1387.672,-480205,-16.23
1388.672,-478186,-12.67
1389.672,-476837,-10.29
1390.672,-473553,-4.49
1391.672,-472240,-2.17
1392.672,-469897,1.97
1393.672,-467255,6.63
1394.672,-465436,9.84
1395.672,-463157,13.87
1396.672,-460445,18.65
1397.672,-459216,20.82
1398.672,-456667,25.32
1399.672,-454406,29.32
1400.672,-453023,31.76
1401.672,-451252,34.88
1402.672,-448098,40.45
1403.672,-446610,43.08
1404.672,-445366,45.28
1405.672,-443575,48.44
1406.672,-441273,52.50
1407.672,-438921,56.66
1408.672,-436744,60.50
1409.672,-435132,63.35
1410.672,-433481,66.26
1411.672,-431919,69.02
1414.716,-430108,67.19
1415.716,-427943,71.01
1416.716,-426642,73.30
1417.716,-423696,78.51
1418.716,-423391,79.04
1419.716,-421956,81.58
1420.716,-419725,85.52
1421.716,-418224,88.17
1422.716,-417035,90.27
1423.716,-414435,94.86
1424.716,-414091,95.46
1425.716,-413465,96.57
1426.716,-411417,100.19
1427.716,-410826,101.23
1428.716,-408760,104.88
1429.716,-407767,106.63
1430.716,-407058,107.88
1431.716,-406385,109.07
1432.716,-404708,112.03
1433.716,-404944,111.61
1434.716,-403666,113.87
1435.716,-402916,115.19
1436.716,-402773,115.45
1437.716,-402372,116.15
1438.716,-401474,117.74
1439.716,-400923,118.71
1440.716,-400536,119.40
1441.716,-400041,120.27
1442.716,-400972,118.63
1443.716,-399516,121.20
1444.716,-399541,121.15
1445.716,-399314,121.55
1446.716,-398933,122.23
1447.716,-399758,120.77
1448.716,-399014,122.08
1449.716,-399608,121.03
1450.716,-400279,119.85
1451.716,-400812,118.91
1452.716,-402220,116.42
1453.716,-401847,117.08
1454.716,-402668,115.63
1455.716,-402614,115.73
1456.716,-402521,115.89
1457.716,-404165,112.99
1458.716,-404098,113.11
1459.716,-406537,108.80
1460.716,-405905,109.92
1461.716,-407556,107.00
1462.716,-409206,104.09
1463.716,-409026,104.41
1464.716,-410402,101.98
1465.716,-410627,101.58
1466.716,-412287,98.65
1467.716,-413799,95.98
1468.716,-415399,93.15
1469.716,-416066,91.98
1470.716,-418045,88.48
1471.716,-419417,86.06
1472.716,-421005,83.26
1473.716,-421940,81.61
1474.716,-423627,78.63
1475.716,-425762,74.86
1476.716,-427114,72.47
1477.716,-428936,69.25
1478.716,-430048,67.29
1479.716,-432295,63.32
1480.716,-433829,60.62
1481.716,-434880,58.76
1482.716,-436570,55.78
1483.716,-438157,52.97
1484.716,-440483,48.87
1485.716,-442322,45.62
1486.716,-444003,42.65
1487.716,-446311,38.58
1488.716,-447504,36.47
1489.716,-449554,32.85
1490.716,-451955,28.61
1491.716,-453293,26.25
1492.716,-455059,23.13
1493.716,-456351,20.85
1494.716,-458750,16.62
1495.716,-461225,12.25
1496.716,-462908,9.28
1497.716,-464486,6.49
1498.716,-466573,2.81
1499.716,-468650,-0.86
1500.716,-471341,-5.61
1501.716,-472863,-8.30
1502.716,-474996,-12.07
1503.716,-477135,-15.84
1504.716,-478948,-19.04
1505.716,-480694,-22.13
1506.716,-482624,-25.53
1507.716,-484627,-29.07
1508.716,-487153,-33.53
1509.716,-488717,-36.29
1510.716,-491089,-40.48
1511.716,-492094,-42.25
1512.716,-494178,-45.93
1515.756,-496012,-44.43
1516.756,-497763,-47.52
1517.756,-498186,-48.26
1518.756,-501103,-53.41
1519.756,-502200,-55.35
1520.756,-504655,-59.69
1521.756,-506323,-62.63
1522.756,-508681,-66.79
1523.756,-510102,-69.30
1524.756,-511348,-71.50
1525.756,-513303,-74.95
1526.756,-515004,-77.96
1527.756,-516113,-79.92
1528.756,-516693,-80.94
1529.756,-518796,-84.65
1530.756,-520004,-86.79
1531.756,-520549,-87.75
1532.756,-521940,-90.20
1533.756,-524206,-94.20
1534.756,-524069,-93.96
1535.756,-526165,-97.66
1536.756,-527267,-99.61
1537.756,-528345,-101.51
1538.756,-527973,-100.86
1539.756,-530097,-104.61
1540.756,-530264,-104.90
1541.756,-532024,-108.01
1542.756,-531899,-107.79
1543.756,-533467,-110.55
1544.756,-533348,-110.34
1545.756,-533954,-111.41
1546.756,-534506,-112.39
1547.756,-536238,-115.45
1548.756,-535594,-114.31
1549.756,-535362,-113.90
1550.756,-535495,-114.14
1551.756,-536077,-115.16
1552.756,-536061,-115.13
1553.756,-535737,-114.56
1554.756,-537448,-117.58
1555.756,-536358,-115.66
1556.756,-536973,-116.74
1557.756,-535959,-114.95
1558.756,-536925,-116.66
1559.756,-535435,-114.03
1560.756,-535606,-114.33
1561.756,-534375,-112.16
1562.756,-534717,-112.76
1563.756,-533878,-111.28
1564.756,-532843,-109.45
1565.756,-533495,-110.60
1566.756,-532388,-108.65
1567.756,-531211,-106.57
1568.756,-530099,-104.61
1569.756,-529596,-103.72
1570.756,-529253,-103.11
1571.756,-528306,-101.44
1572.756,-527579,-100.16
1573.756,-525766,-96.96
1574.756,-524793,-95.24
1575.756,-524002,-93.84
1576.756,-521851,-90.05
1577.756,-521066,-88.66
1578.756,-519501,-85.90
1579.756,-518128,-83.47
1580.756,-516378,-80.38
1581.756,-514884,-77.75
1582.756,-513045,-74.50
1583.756,-511487,-71.75
1584.756,-509666,-68.53
1585.756,-508553,-66.57
1586.756,-505475,-61.13
1587.756,-504089,-58.69
1588.756,-502261,-55.46
1589.756,-500438,-52.24
1590.756,-499001,-49.70
1591.756,-495795,-44.04
1592.756,-493856,-40.62
1593.756,-492070,-37.47
1594.756,-491061,-35.69
1595.756,-488201,-30.64
1596.756,-486193,-27.09
1597.756,-484085,-23.37
1598.756,-481950,-19.60
1599.756,-479628,-15.50
1600.756,-477797,-12.27
1601.756,-475975,-9.05
1602.756,-473850,-5.30
1603.756,-471170,-0.57
1604.756,-468523,4.11
1605.756,-467484,5.94
1606.756,-464077,11.96
1607.756,-462920,14.00
1608.756,-459983,19.18
1609.756,-458265,22.22
1610.756,-455475,27.14
1611.756,-453847,30.02
1612.756,-452793,31.88
1613.756,-449558,37.59
1616.818,-448136,35.21
1617.818,-447008,37.21
1618.818,-443457,43.47
1619.818,-442843,44.56
1620.818,-440181,49.26
1621.818,-438100,52.93
1622.818,-436335,56.05
1623.818,-434310,59.62
1624.818,-432826,62.24
1625.818,-430243,66.80
1626.818,-429042,68.93
1627.818,-427081,72.39
1628.818,-425889,74.49
1629.818,-423535,78.65
1630.818,-422594,80.31
1631.818,-420670,83.71
1632.818,-419302,86.12
1633.818,-416551,90.98
1634.818,-416750,90.63
1635.818,-415191,93.38
1636.818,-413342,96.64
1637.818,-412845,97.52
1638.818,-411172,100.48
1639.818,-411071,100.65
1640.818,-408453,105.28
1641.818,-407269,107.37
1642.818,-406487,108.75
1643.818,-405958,109.68
1644.818,-405008,111.36
1645.818,-403546,113.94
1646.818,-403871,113.37
1647.818,-403348,114.29
1648.818,-402117,116.46
1649.818,-402286,116.16
1650.818,-401659,117.27
1651.818,-400854,118.69
1652.818,-401214,118.06
1653.818,-399997,120.21
1654.818,-399198,121.62
1655.818,-400563,119.21
1656.818,-399502,121.08
1657.818,-399779,120.59
1658.818,-399955,120.28
1659.818,-400871,118.66
1660.818,-399875,120.42
1661.818,-401063,118.32
1662.818,-400280,119.71
1663.818,-400932,118.55
1664.818,-401448,117.64
1665.818,-402625,115.57
1666.818,-402038,116.60
1667.818,-403097,114.73
1668.818,-403874,113.36
1669.818,-404639,112.01
1670.818,-404673,111.95
1671.818,-406212,109.23
1672.818,-407055,107.74
1673.818,-407289,107.33
1674.818,-408612,105.00
1675.818,-409986,102.57
1676.818,-410898,100.96
1677.818,-411986,99.04
1678.818,-413167,96.95
1679.818,-415307,93.17
1680.818,-415921,92.09
1681.818,-417771,88.82
1682.818,-418580,87.40
1683.818,-419778,85.28
1684.818,-421172,82.82
1685.818,-422620,80.26
1686.818,-424749,76.50
1687.818,-425703,74.82
1688.818,-427814,71.09
1689.818,-429416,68.26
1690.818,-429708,67.75
1691.818,-431858,63.95
1692.818,-434174,59.86
1693.818,-435844,56.92
1694.818,-437907,53.27
1695.818,-438916,51.49
1696.818,-440705,48.33
1697.818,-443189,43.95
1698.818,-443615,43.20
1699.818,-446724,37.71
1700.818,-448789,34.06
1701.818,-450126,31.70
1702.818,-451795,28.75
1703.818,-453882,25.07
1704.818,-456056,21.23
1705.818,-457472,18.73
1706.818,-459945,14.36
1707.818,-461893,10.93
1708.818,-463277,8.48
1709.818,-465837,3.96
1710.818,-466492,2.81
1711.818,-469460,-2.43
1712.818,-471218,-5.54
1713.818,-472934,-8.57
1714.818,-475210,-12.59
1717.902,-477207,-11.64
1718.902,-479705,-16.05
1719.902,-481595,-19.39
1720.902,-482621,-21.20
1721.902,-485822,-26.85
1722.902,-487605,-30.00
1723.902,-488359,-31.33
1724.902,-491357,-36.62
1725.902,-492723,-39.03
1726.902,-494861,-42.81
1727.902,-496237,-45.24
1728.902,-498682,-49.56
1729.902,-499516,-51.03
1730.902,-501697,-54.88
1731.902,-503473,-58.01
1732.902,-505355,-61.34
1733.902,-507823,-65.69
1734.902,-509491,-68.64
1735.902,-511287,-71.81
1736.902,-512171,-73.37
1737.902,-513920,-76.46
1738.902,-514720,-77.87
1739.902,-515793,-79.77
1740.902,-517665,-83.07
1741.902,-519239,-85.85
1742.902,-520747,-88.51
1743.902,-521390,-89.65
1744.902,-522869,-92.26
1745.902,-523763,-93.84
1746.902,-525239,-96.44
1747.902,-527000,-99.55
1748.902,-528008,-101.33
1749.902,-528245,-101.75
1750.902,-528824,-102.77
1751.902,-529524,-104.01
1752.902,-530651,-106.00
1753.902,-530778,-106.22
1754.902,-532189,-108.71
1755.902,-533384,-110.82
1756.902,-533700,-111.38
1757.902,-533462,-110.96
1758.902,-533857,-111.66
1759.902,-534267,-112.38
1760.902,-535424,-114.42
1761.902,-536138,-115.69
1762.902,-535702,-114.92
1763.902,-537152,-117.48
1764.902,-535608,-114.75
1765.902,-536373,-116.10
1766.902,-536164,-115.73
1767.902,-536857,-116.95
1768.902,-537407,-117.93
1769.902,-536919,-117.06
1770.902,-536748,-116.76
1771.902,-535302,-114.21
1772.902,-535475,-114.51
1773.902,-535004,-113.68
1774.902,-533914,-111.76
1775.902,-533962,-111.84
1776.902,-532375,-109.04
1777.902,-531261,-107.07
1778.902,-532081,-108.52
1779.902,-531096,-106.78
1780.902,-529979,-104.81
1781.902,-528982,-103.05
1782.902,-527724,-100.83
1783.902,-527854,-101.06
1784.902,-525686,-97.23
1785.902,-525594,-97.07
1786.902,-523445,-93.28
1787.902,-523315,-93.05
1788.902,-521659,-90.12
1789.902,-520098,-87.37
1790.902,-519021,-85.46
1791.902,-517598,-82.95
1792.902,-515722,-79.64
1793.902,-513839,-76.32
1794.902,-512414,-73.80
1795.902,-510761,-70.88
1796.902,-508795,-67.41
1797.902,-506566,-63.47
1798.902,-505057,-60.81
1799.902,-502850,-56.91
1800.902,-501966,-55.35
1801.902,-499081,-50.26
1802.902,-497855,-48.10
1803.902,-495810,-44.48
1804.902,-494177,-41.60
1805.902,-491589,-37.03
1806.902,-489584,-33.49
1807.902,-486654,-28.32
1808.902,-485263,-25.86
1809.902,-483077,-22.00
1810.902,-480235,-16.99
1811.902,-479062,-14.92
1812.902,-477138,-11.52
1813.902,-474876,-7.52
1814.902,-472430,-3.21
1815.902,-469878,1.30
1818.921,-468193,-0.15
1819.921,-466538,2.77
1820.921,-462057,10.68
1821.921,-461193,12.20
1822.921,-458937,16.19
1823.921,-458263,17.38
1824.921,-455599,22.08
1825.921,-453478,25.83
1826.921,-451129,29.97
1827.921,-448382,34.82
1828.921,-446396,38.33
1829.921,-444896,40.98
1830.921,-443470,43.50
1831.921,-441692,46.63
1832.921,-439927,49.75
1833.921,-438317,52.59
1834.921,-435130,58.22
1835.921,-433956,60.29
1836.921,-432297,63.22
1837.921,-429972,67.33
1838.921,-428107,70.62
1839.921,-426837,72.86
1840.921,-425219,75.72
1841.921,-422887,79.84
1842.921,-420919,83.31
1843.921,-420985,83.19
1844.921,-418822,87.01
1845.921,-416400,91.29
1846.921,-415922,92.13
1847.921,-414679,94.33
1848.921,-412610,97.98
1849.921,-411860,99.30
1850.921,-411198,100.47
1851.921,-409553,103.38
1852.921,-407862,106.36
1853.921,-406662,108.48
1854.921,-406095,109.48
1855.921,-405417,110.68
1856.921,-404144,112.93
1857.921,-403127,114.72
1858.921,-403530,114.01
1859.921,-403628,113.84
1860.921,-402451,115.92
1861.921,-402215,116.33
1862.921,-401857,116.97
1863.921,-400740,118.94
1864.921,-400202,119.89
1865.921,-400168,119.95
1866.921,-399936,120.36
1867.921,-399778,120.64
1868.921,-400502,119.36
1869.921,-399332,121.42
1870.921,-399740,120.70
1871.921,-400684,119.04
1872.921,-399603,120.94
1873.921,-400173,119.94
1874.921,-400057,120.14
1875.921,-401907,116.88
1876.921,-401277,117.99
1877.921,-401652,117.33
1878.921,-401332,117.89
1879.921,-401789,117.09
1880.921,-404160,112.90
1881.921,-404262,112.72
1882.921,-404683,111.98
1883.921,-407088,107.73
1884.921,-406406,108.93
1885.921,-407867,106.35
1886.921,-409352,103.73
1887.921,-409526,103.43
1888.921,-412620,97.96
1889.921,-412874,97.51
1890.921,-412063,98.95
1891.921,-414815,94.09
1892.921,-415816,92.32
1893.921,-418008,88.45
1894.921,-418824,87.01
1895.921,-421060,83.06
1896.921,-421973,81.45
1897.921,-423107,79.45
1898.921,-425168,75.81
1899.921,-426408,73.62
1900.921,-428546,69.84
1901.921,-429826,67.58
1902.921,-431061,65.40
1903.921,-433189,61.65
1904.921,-434443,59.43
1905.921,-437196,54.57
1906.921,-437865,53.39
1907.921,-440404,48.91
1908.921,-441539,46.90
1909.921,-444241,42.13
1910.921,-446712,37.77
1911.921,-446871,37.49
1912.921,-448934,33.85
1913.921,-450660,30.80
1914.921,-452752,27.11
1915.921,-455539,22.19
1916.921,-455607,22.07
1919.987,-458314,21.21
1920.987,-460719,16.96
1921.987,-462705,13.46
1922.987,-463994,11.18
1923.987,-466840,6.15
1924.987,-467609,4.80
1925.987,-469562,1.35
1926.987,-472205,-3.32
1927.987,-474218,-6.87
1928.987,-476299,-10.55
1929.987,-478145,-13.80
1930.987,-480215,-17.46
1931.987,-482044,-20.69
1932.987,-483935,-24.03
1933.987,-486116,-27.88
1934.987,-487961,-31.14
1935.987,-489922,-34.60
1936.987,-491671,-37.69
1937.987,-494177,-42.11
1938.987,-495786,-44.95
1939.987,-497707,-48.34
1940.987,-498446,-49.65
1941.987,-501437,-54.93
1942.987,-503243,-58.12
1943.987,-504598,-60.51
1944.987,-505446,-62.01
1945.987,-507917,-66.37
1946.987,-509369,-68.93
1947.987,-510182,-70.37
1948.987,-513210,-75.71
1949.987,-513450,-76.14
1950.987,-514796,-78.51
1951.987,-516298,-81.17
1952.987,-518564,-85.17
1953.987,-519582,-86.96
1954.987,-521120,-89.68
1955.987,-521673,-90.66
1956.987,-523042,-93.07
1957.987,-524025,-94.81
1958.987,-525748,-97.85
1959.987,-526815,-99.73
1960.987,-528027,-101.87
1961.987,-528063,-101.94
1962.987,-529032,-103.65
1963.987,-530511,-106.26
1964.987,-531252,-107.57
1965.987,-531170,-107.42
1966.987,-532721,-110.16
1967.987,-533085,-110.80
1968.987,-534258,-112.87
1969.987,-534555,-113.40
1970.987,-535111,-114.38
1971.987,-534598,-113.47
1972.987,-535787,-115.57
1973.987,-536186,-116.28
1974.987,-536679,-117.15
1975.987,-535710,-115.44
1976.987,-535992,-115.94
1977.987,-535637,-115.31
1978.987,-536795,-117.35
1979.987,-537216,-118.10
1980.987,-536426,-116.70
1981.987,-536378,-116.62
1982.987,-536311,-116.50
1983.987,-535026,-114.23
1984.987,-536048,-116.03
1985.987,-535183,-114.51
1986.987,-533697,-111.88
1987.987,-532905,-110.49
1988.987,-534090,-112.58
1989.987,-532735,-110.19
1990.987,-530973,-107.07
1991.987,-531203,-107.48
1992.987,-529818,-105.04
1993.987,-529355,-104.22
1994.987,-527817,-101.50
1995.987,-527717,-101.33
1996.987,-527305,-100.60
1997.987,-525107,-96.72
1998.987,-522796,-92.64
1999.987,-522153,-91.50
2000.987,-520877,-89.25
2001.987,-519787,-87.33
2002.987,-517853,-83.91
2003.987,-515726,-80.16
2004.987,-515226,-79.27
2005.987,-513700,-76.58
2006.987,-511171,-72.11
2007.987,-510037,-70.11
2008.987,-508193,-66.86
2009.987,-506446,-63.77
2010.987,-504876,-61.00
2011.987,-503054,-57.78
2012.987,-501086,-54.31
2013.987,-498981,-50.59
2014.987,-497063,-47.21
2015.987,-495563,-44.56
2016.987,-493172,-40.34
2017.987,-490901,-36.33
2021.013,-488093,-35.10
2022.013,-487725,-34.45
2023.013,-483884,-27.67
2024.013,-482683,-25.55
2025.013,-480577,-21.83
2026.013,-479226,-19.45
2027.013,-476555,-14.73
2028.013,-474424,-10.97
2029.013,-471126,-5.15
2030.013,-469615,-2.48
2031.013,-466712,2.64
2032.013,-464747,6.11
2033.013,-463487,8.34
2034.013,-460947,12.82
2035.013,-458176,17.72
2036.013,-457051,19.70
2037.013,-454097,24.92
2038.013,-453344,26.25
2039.013,-450428,31.39
2040.013,-448350,35.06
2041.013,-446498,38.33
2042.013,-444716,41.48
2043.013,-442673,45.09
2044.013,-440438,49.03
2045.013,-439638,50.44
2046.013,-436684,55.66
2047.013,-434976,58.68
2048.013,-432632,62.81
2049.013,-431871,64.16
2050.013,-429653,68.07
2051.013,-427481,71.91
2052.013,-425734,74.99
2053.013,-424511,77.15
2054.013,-422180,81.27
2055.013,-421603,82.29
2056.013,-420502,84.23
2057.013,-418244,88.22
2058.013,-416377,91.51
2059.013,-415053,93.85
2060.013,-414438,94.94
2061.013,-412149,98.98
2062.013,-411718,99.74
2063.013,-409742,103.23
2064.013,-408637,105.18
2065.013,-407396,107.37
2066.013,-405731,110.31
2067.013,-406316,109.28
2068.013,-404990,111.62
2069.013,-404479,112.52
2070.013,-402795,115.49
2071.013,-403318,114.57
2072.013,-401881,117.11
2073.013,-401289,118.15
2074.013,-401189,118.33
2075.013,-401458,117.85
2076.013,-400727,119.14
2077.013,-399641,121.06
2078.013,-400470,119.60
2079.013,-399545,121.23
2080.013,-400089,120.27
2081.013,-399011,122.17
2082.013,-399893,120.62
2083.013,-400122,120.21
2084.013,-399743,120.88
2085.013,-400465,119.61
2086.013,-399992,120.44
2087.013,-400064,120.31
2088.013,-401160,118.38
2089.013,-401589,117.62
2090.013,-402080,116.76
2091.013,-403481,114.28
2092.013,-402293,116.38
2093.013,-404595,112.31
2094.013,-404387,112.68
2095.013,-405580,110.58
2096.013,-406420,109.09
2097.013,-407556,107.09
2098.013,-408330,105.72
2099.013,-409470,103.71
2100.013,-410715,101.51
2101.013,-411653,99.85
2102.013,-411964,99.30
2103.013,-413331,96.89
2104.013,-414891,94.14
2105.013,-416745,90.86
2106.013,-417015,90.39
2107.013,-418797,87.24
2108.013,-419836,85.41
2109.013,-421372,82.69
2110.013,-423478,78.98
2111.013,-424953,76.37
2112.013,-426958,72.83
2113.013,-428941,69.33
2114.013,-430075,67.33
2115.013,-431963,64.00
2116.013,-433182,61.84
2117.013,-435346,58.02
2118.013,-436602,55.81
2119.013,-438344,52.73
2122.075,-440264,49.34
2123.075,-441968,46.33
2124.075,-443950,42.83
2125.075,-445757,39.64
2126.075,-448027,35.63
2127.075,-450155,31.88
2128.075,-449773,32.55
2129.075,-453120,26.64
2130.075,-455915,21.71
2131.075,-456666,20.38
2132.075,-459263,15.80
2133.075,-461082,12.58
2134.075,-461614,11.65
2135.075,-464669,6.25
2136.075,-466646,2.76
2137.075,-468489,-0.49
2138.075,-470029,-3.21
2139.075,-472923,-8.32
2140.075,-474480,-11.07
2141.075,-476182,-14.08
2142.075,-478369,-17.94
2143.075,-481045,-22.66
2144.075,-483185,-26.44
2145.075,-484481,-28.73
2146.075,-486665,-32.58
2147.075,-488399,-35.64
2148.075,-490264,-38.94
2149.075,-492632,-43.12
2150.075,-493823,-45.22
2151.075,-496387,-49.75
2152.075,-498039,-52.66
2153.075,-499422,-55.11
2154.075,-500770,-57.49
2155.075,-503305,-61.96
2156.075,-504946,-64.86
2157.075,-507073,-68.61
2158.075,-507432,-69.25
2159.075,-509126,-72.24
2160.075,-511531,-76.49
2161.075,-513371,-79.73
2162.075,-515110,-82.80
2163.075,-516018,-84.41
2164.075,-517274,-86.62
2165.075,-519319,-90.24
2166.075,-519563,-90.67
2167.075,-520710,-92.69
2168.075,-521883,-94.76
2169.075,-522783,-96.35
2170.075,-524533,-99.44
2171.075,-526860,-103.55
2172.075,-526606,-103.10
2173.075,-528597,-106.62
2174.075,-528760,-106.90
2175.075,-530134,-109.33
2176.075,-529973,-109.05
2177.075,-531378,-111.53
2178.075,-531722,-112.13
2179.075,-531923,-112.49
2180.075,-534537,-117.10
2181.075,-534279,-116.65
2182.075,-534233,-116.57
2183.075,-534540,-117.11
2184.075,-535350,-118.54
2185.075,-536684,-120.89
2186.075,-535299,-118.45
2187.075,-536197,-120.03
2188.075,-536131,-119.92
2189.075,-536755,-121.02
2190.075,-536402,-120.40
2191.075,-535810,-119.35
2192.075,-537127,-121.68
2193.075,-536349,-120.30
2194.075,-535886,-119.48
2195.075,-535965,-119.62
2196.075,-535269,-118.40
2197.075,-535655,-119.08
2198.075,-533572,-115.40
2199.075,-533813,-115.82
2200.075,-533427,-115.14
2201.075,-532492,-113.49
2202.075,-532102,-112.80
2203.075,-531688,-112.07
2204.075,-530840,-110.58
2205.075,-530489,-109.96
2206.075,-528903,-107.16
2207.075,-527715,-105.06
2208.075,-527321,-104.36
2209.075,-525751,-101.59
2210.075,-524507,-99.39
2211.075,-522704,-96.21
2212.075,-522052,-95.06
2213.075,-519798,-91.08
2214.075,-519664,-90.84
2215.075,-518406,-88.62
2216.075,-516249,-84.81
2217.075,-514194,-81.19
2218.075,-512530,-78.25
2219.075,-511096,-75.72
2220.075,-510213,-74.16
2223.149,-507999,-70.25
2224.149,-506438,-67.49
2225.149,-504364,-63.83
2226.149,-501747,-59.21
2227.149,-499941,-56.02
2228.149,-497319,-51.39
2229.149,-496716,-50.33
2230.149,-494102,-45.71
2231.149,-492116,-42.21
2232.149,-491024,-40.28
2233.149,-487297,-33.70
2234.149,-486297,-31.93
2235.149,-485221,-30.03
2236.149,-482290,-24.86
2237.149,-480370,-21.47
2238.149,-476779,-15.13
2239.149,-475554,-12.97
2240.149,-473543,-9.42
2241.149,-471383,-5.60
2242.149,-469327,-1.97
2243.149,-466915,2.29
2244.149,-464948,5.76
2245.149,-462043,10.89
2246.149,-460229,14.09
2247.149,-458175,17.72
2248.149,-455526,22.39
2249.149,-454511,24.19
2250.149,-451313,29.83
2251.149,-450373,31.49
2252.149,-447902,35.85
2253.149,-446754,37.88
2254.149,-443953,42.83
2255.149,-441369,47.39
2256.149,-440645,48.67
2257.149,-439005,51.56
2258.149,-436799,55.46
2259.149,-434871,58.86
2260.149,-433034,62.10
2261.149,-431083,65.55
2262.149,-428997,69.23
2263.149,-426596,73.47
2264.149,-425009,76.27
2265.149,-423019,79.79
2266.149,-421843,81.86
2267.149,-421298,82.82
2268.149,-419963,85.18
2269.149,-417820,88.97
2270.149,-416431,91.42
2271.149,-414586,94.68
2272.149,-414154,95.44
2273.149,-412418,98.50
2274.149,-411136,100.77
2275.149,-410019,102.74
2276.149,-408525,105.38
2277.149,-407221,107.68
2278.149,-406425,109.08
2279.149,-405938,109.94
2280.149,-404815,111.93
2281.149,-403909,113.53
2282.149,-403448,114.34
2283.149,-402925,115.26
2284.149,-401370,118.01
2285.149,-401641,117.53
2286.149,-401222,118.27
2287.149,-400630,119.32
2288.149,-401254,118.21
2289.149,-398891,122.39
2290.149,-400464,119.61
2291.149,-399518,121.28
2292.149,-399762,120.85
2293.149,-400439,119.65
2294.149,-399903,120.60
2295.149,-399629,121.08
2296.149,-399709,120.94
2297.149,-400269,119.95
2298.149,-400429,119.67
2299.149,-401442,117.88
2300.149,-401440,117.89
2301.149,-400966,118.72
2302.149,-401005,118.65
2303.149,-402810,115.47
2304.149,-403392,114.44
2305.149,-404090,113.21
2306.149,-404678,112.17
2307.149,-405543,110.64
2308.149,-406423,109.09
2309.149,-407440,107.29
2310.149,-408592,105.26
2311.149,-409254,104.09
2312.149,-411318,100.44
2313.149,-412106,99.05
2314.149,-413502,96.59
2315.149,-414710,94.46
2316.149,-415746,92.63
2317.149,-416521,91.26
2318.149,-418355,88.02
2319.149,-419511,85.98
2320.149,-421490,82.49
2321.149,-421414,82.62
2324.206,-424463,77.24
2325.206,-426624,73.42
2326.206,-426703,73.28
2327.206,-429269,68.75
2328.206,-429949,67.55
2329.206,-431897,64.11
2330.206,-434484,59.54
2331.206,-435344,58.03
2332.206,-436170,56.57
2333.206,-438268,52.86
2334.206,-440131,49.57
2335.206,-442599,45.22
2336.206,-445269,40.50
2337.206,-445875,39.43
2338.206,-448205,35.32
2339.206,-450130,31.92
2340.206,-452386,27.94
2341.206,-454112,24.89
2342.206,-455349,22.71
2343.206,-457274,19.31
2344.206,-459657,15.10
2345.206,-461013,12.71
2346.206,-462495,10.09
2347.206,-465760,4.33
2348.206,-466958,2.21
2349.206,-469209,-1.76
2350.206,-470903,-4.75
2351.206,-473127,-8.68
2352.206,-475092,-12.15
2353.206,-476956,-15.44
2354.206,-479020,-19.09
2355.206,-481411,-23.31
2356.206,-482863,-25.87
2357.206,-485098,-29.82
2358.206,-486417,-32.15
2359.206,-488678,-36.14
2360.206,-490639,-39.60
2361.206,-491903,-41.83
2362.206,-495035,-47.36
2363.206,-496911,-50.67
2364.206,-498231,-53.00
2365.206,-499826,-55.82
2366.206,-501865,-59.42
2367.206,-502791,-61.05
2368.206,-505038,-65.02
2369.206,-506444,-67.50
2370.206,-508481,-71.10
2371.206,-509838,-73.50
2372.206,-510744,-75.10
2373.206,-513294,-79.60
2374.206,-515041,-82.68
2375.206,-515881,-84.17
2376.206,-517559,-87.13
2377.206,-519197,-90.02
2378.206,-519694,-90.90
2379.206,-520720,-92.71
2380.206,-522671,-96.15
2381.206,-524245,-98.93
2382.206,-525171,-100.57
2383.206,-526021,-102.07
2384.206,-527847,-105.29
2385.206,-528851,-107.06
2386.206,-528653,-106.71
2387.206,-530574,-110.11
2388.206,-530664,-110.27
2389.206,-531205,-111.22
2390.206,-532544,-113.58
2391.206,-532351,-113.24
2392.206,-533026,-114.44
2393.206,-534318,-116.72
2394.206,-534151,-116.42
2395.206,-534419,-116.89
2396.206,-535464,-118.74
2397.206,-535308,-118.46
2398.206,-536003,-119.69
2399.206,-537201,-121.81
2400.206,-536547,-120.65
2401.206,-536214,-120.06
2402.206,-536165,-119.98
2403.206,-536734,-120.98
2404.206,-536603,-120.75
2405.206,-535778,-119.29
2406.206,-535720,-119.19
2407.206,-536107,-119.88
2408.206,-535638,-119.05
2409.206,-535119,-118.13
2410.206,-534353,-116.78
2411.206,-533852,-115.89
2412.206,-533601,-115.45
2413.206,-532897,-114.21
2414.206,-531750,-112.18
2415.206,-531248,-111.30
2416.206,-529836,-108.80
2417.206,-528148,-105.82
2418.206,-529318,-107.89
2419.206,-527483,-104.65
2420.206,-526188,-102.36
2421.206,-525018,-100.30
2422.206,-524547,-99.47
2425.231,-523523,-97.66
2426.231,-521265,-93.67
2427.231,-521371,-93.86
2428.231,-519468,-90.50
2429.231,-517911,-87.75
2430.231,-516332,-84.96
2431.231,-513898,-80.66
2432.231,-512751,-78.64
2433.231,-510365,-74.43
2434.231,-509639,-73.14
2435.231,-508192,-70.59
2436.231,-505540,-65.91
2437.231,-503326,-62.00
2438.231,-501845,-59.38
2439.231,-500201,-56.48
2440.231,-498229,-53.00
2441.231,-495654,-48.45
2442.231,-494391,-46.22
2443.231,-491831,-41.70
2444.231,-489098,-36.88
2445.231,-488044,-35.02
2446.231,-485751,-30.97
2447.231,-483730,-27.40
2448.231,-481441,-23.36
2449.231,-479888,-20.62
2450.231,-477423,-16.27
2451.231,-475004,-12.00
2452.231,-472832,-8.16
2453.231,-470793,-4.56
2454.231,-468817,-1.07
2455.231,-466331,3.32
2456.231,-463529,8.26
2457.231,-462085,10.81
2458.231,-460168,14.20
2459.231,-456983,19.82
2460.231,-455665,22.15
2461.231,-453731,25.56
2462.231,-451523,29.46
2463.231,-449671,32.73
2464.231,-447049,37.36
2465.231,-445716,39.71
2466.231,-444135,42.51
2467.231,-441247,47.60
2468.231,-439035,51.51
2469.231,-438752,52.01
2470.231,-435480,57.79
2471.231,-434651,59.25
2472.231,-431673,64.51
2473.231,-430100,67.28
2474.231,-428885,69.43
2475.231,-426194,74.18
2476.231,-425540,75.34
2477.231,-422935,79.93
2478.231,-422086,81.43
2479.231,-420254,84.67
2480.231,-418882,87.09
2481.231,-417634,89.29
2482.231,-416262,91.72
2483.231,-414776,94.34
2484.231,-413293,96.96
2485.231,-411761,99.66
2486.231,-410885,101.21
2487.231,-409456,103.73
2488.231,-408628,105.19
2489.231,-407841,106.58
2490.231,-406562,108.84
2491.231,-405996,109.84
2492.231,-404976,111.64
2493.231,-404000,113.37
2494.231,-402608,115.82
2495.231,-403484,114.28
2496.231,-401651,117.51
2497.231,-402247,116.46
2498.231,-401542,117.70
2499.231,-401040,118.59
2500.231,-400349,119.81
2501.231,-400908,118.82
2502.231,-400470,119.60
2503.231,-400415,119.69
2504.231,-399437,121.42
2505.231,-399998,120.43
2506.231,-399158,121.91
2507.231,-399684,120.99
2508.231,-400341,119.83
2509.231,-400228,120.02
2510.231,-401667,117.48
2511.231,-401053,118.57
2512.231,-401697,117.43
2513.231,-400934,118.78
2514.231,-402174,116.59
2515.231,-402759,115.56
2516.231,-403602,114.07
2517.231,-404637,112.24
2518.231,-405210,111.23
2519.231,-405700,110.36
2520.231,-406711,108.58
2521.231,-408259,105.85
2522.231,-408567,105.30
2523.231,-409098,104.36
2526.311,-410855,101.26
2527.311,-412507,98.35
2528.311,-413097,97.30
2529.311,-414677,94.51
2530.311,-416305,91.64
2531.311,-417406,89.70
2532.311,-418729,87.36
2533.311,-419396,86.18
2534.311,-420826,83.66
2535.311,-423148,79.56
2536.311,-424622,76.96
2537.311,-425461,75.47
2538.311,-426979,72.79
2539.311,-429854,67.72
2540.311,-431569,64.69
2541.311,-432439,63.16
2542.311,-434208,60.03
2543.311,-436474,56.03
2544.311,-437335,54.51
2545.311,-439021,51.53
2546.311,-440947,48.13
2547.311,-442485,45.42
2548.311,-444201,42.39
2549.311,-447295,36.93
2550.311,-448571,34.67
2551.311,-449030,33.86
2552.311,-452699,27.39
2553.311,-453690,25.64
2554.311,-455073,23.19
2555.311,-457388,19.11
2556.311,-459419,15.52
2557.311,-460530,13.56
2558.311,-463832,7.73
2559.311,-465593,4.62
2560.311,-467788,0.74
2561.311,-469874,-2.94
2562.311,-472289,-7.20
2563.311,-473685,-9.67
2564.311,-475364,-12.63
2565.311,-478285,-17.79
2566.311,-478556,-18.27
2567.311,-481008,-22.60
2568.311,-484094,-28.04
2569.311,-485831,-31.11
2570.311,-486787,-32.80
2571.311,-489041,-36.78
2572.311,-491493,-41.11
2573.311,-494104,-45.72
2574.311,-493717,-45.03
2575.311,-497179,-51.15
2576.311,-498121,-52.81
2577.311,-500469,-56.95
2578.311,-500970,-57.84
2579.311,-504751,-64.51
2580.311,-505940,-66.61
2581.311,-506509,-67.62
2582.311,-508682,-71.46
2583.311,-510493,-74.65
2584.311,-512285,-77.82
2585.311,-513172,-79.38
2586.311,-514701,-82.08
2587.311,-516552,-85.35
2588.311,-516852,-85.88
2589.311,-519076,-89.81
2590.311,-519518,-90.59
2591.311,-521061,-93.31
2592.311,-523402,-97.44
2593.311,-525085,-100.42
2594.311,-525449,-101.06
2595.311,-526595,-103.08
2596.311,-527355,-104.42
2597.311,-527493,-104.67
2598.311,-529163,-107.62
2599.311,-529356,-107.96
2600.311,-529688,-108.54
2601.311,-531285,-111.36
2602.311,-531750,-112.18
2603.311,-533732,-115.68
2604.311,-533583,-115.42
2605.311,-533801,-115.80
2606.311,-535004,-117.93
2607.311,-535329,-118.50
2608.311,-534728,-117.44
2609.311,-535893,-119.50
2610.311,-536046,-119.77
2611.311,-534904,-117.75
2612.311,-536688,-120.90
2613.311,-536969,-121.40
2614.311,-536648,-120.83
2615.311,-536813,-121.12
2616.311,-535749,-119.24
2617.311,-536612,-120.77
2618.311,-536035,-119.75
2619.311,-534947,-117.83
2620.311,-536086,-119.84
2621.311,-535164,-118.21
2622.311,-534281,-116.65
2623.311,-533474,-115.23
2624.311,-533338,-114.99
2627.359,-533535,-115.33
2628.359,-532711,-113.88
2629.359,-530795,-110.50
2630.359,-531698,-112.09
2631.359,-529474,-108.16
2632.359,-527924,-105.43
2633.359,-526953,-103.71
2634.359,-526128,-102.26
2635.359,-524919,-100.12
2636.359,-524762,-99.84
2637.359,-522489,-95.83
2638.359,-521730,-94.49
2639.359,-520126,-91.66
2640.359,-518546,-88.87
2641.359,-517203,-86.50
2642.359,-515778,-83.98
2643.359,-514073,-80.97
2644.359,-511886,-77.11
2645.359,-510761,-75.13
2646.359,-508944,-71.92
2647.359,-506934,-68.37
2648.359,-504940,-64.85
2649.359,-503152,-61.69
2650.359,-502085,-59.81
2651.359,-499734,-55.66
2652.359,-498111,-52.79
2653.359,-495425,-48.05
2654.359,-493869,-45.30
2655.359,-491614,-41.32
2656.359,-489101,-36.88
2657.359,-487367,-33.82
2658.359,-485056,-29.74
2659.359,-483094,-26.28
2660.359,-481251,-23.02
2661.359,-479164,-19.34
2662.359,-476247,-14.19
2663.359,-475010,-12.01
2664.359,-472543,-7.65
2665.359,-470351,-3.78
2666.359,-468211,-0.00
2667.359,-465634,4.55
2668.359,-464010,7.42
2669.359,-461340,12.13
2670.359,-458856,16.51
2671.359,-458003,18.02
2672.359,-455052,23.23
2673.359,-453489,25.99
2674.359,-451213,30.01
2675.359,-449450,33.12
2676.359,-447137,37.21
2677.359,-445919,39.36
2678.359,-443773,43.14
2679.359,-441948,46.37
2680.359,-439534,50.63
2681.359,-437149,54.84
2682.359,-435815,57.19
2683.359,-433940,60.50
2684.359,-433215,61.78
2685.359,-430097,67.29
2686.359,-427763,71.41
2687.359,-426536,73.58
2688.359,-425535,75.34
2689.359,-422694,80.36
2690.359,-421342,82.75
2691.359,-419207,86.52
2692.359,-417734,89.12
2693.359,-416725,90.90
2694.359,-415911,92.34
2695.359,-414254,95.26
2696.359,-413010,97.46
2697.359,-412059,99.14
2698.359,-411148,100.75
2699.359,-409399,103.83
2700.359,-408135,106.06
2701.359,-407129,107.84
2702.359,-406476,108.99
2703.359,-405596,110.55
2704.359,-404513,112.46
2705.359,-403224,114.74
2706.359,-403180,114.81
2707.359,-402798,115.49
2708.359,-402094,116.73
2709.359,-401409,117.94
2710.359,-400838,118.95
2711.359,-401210,118.29
2712.359,-400587,119.39
2713.359,-399682,120.99
2714.359,-400257,119.97
2715.359,-400349,119.81
2716.359,-399272,121.71
2717.359,-400651,119.28
2718.359,-399121,121.98
2719.359,-399910,120.59
2720.359,-400853,118.92
2721.359,-401274,118.18
2722.359,-401794,117.26
2723.359,-401143,118.41
2724.359,-401367,118.01
2725.359,-401754,117.33
2728.407,-402633,115.78
2729.407,-403987,113.39
2730.407,-404249,112.93
2731.407,-403958,113.44
2732.407,-405461,110.79
2733.407,-405490,110.73
2734.407,-407051,107.98
2735.407,-407833,106.60
2736.407,-408657,105.14
2737.407,-410002,102.77
2738.407,-411602,99.94
2739.407,-412473,98.41
2740.407,-413796,96.07
2741.407,-414632,94.59
2742.407,-415419,93.20
2743.407,-417695,89.19
2744.407,-418328,88.07
2745.407,-420198,84.77
2746.407,-420946,83.45
2747.407,-423040,79.75
2748.407,-424205,77.69
2749.407,-426373,73.86
2750.407,-428350,70.37
2751.407,-430307,66.92
2752.407,-430747,66.14
2753.407,-432893,62.35
2754.407,-434704,59.16
2755.407,-435831,57.17
2756.407,-436980,55.14
2757.407,-439298,51.05
2758.407,-441748,46.72
2759.407,-442572,45.26
2760.407,-444801,41.33
2761.407,-446816,37.77
2762.407,-448946,34.01
2763.407,-450688,30.94
2764.407,-451504,29.49
2765.407,-454100,24.91
2766.407,-456191,21.22
2767.407,-458382,17.35
2768.407,-459857,14.75
2769.407,-461591,11.69
2770.407,-464406,6.72
2771.407,-465927,4.03
2772.407,-466561,2.91
2773.407,-469731,-2.69
2774.407,-472258,-7.15
2775.407,-473421,-9.20
2776.407,-475792,-13.39
2777.407,-477892,-17.09
2778.407,-479744,-20.36
2779.407,-481491,-23.45
2780.407,-483676,-27.31
2781.407,-486413,-32.14
2782.407,-486783,-32.79
2783.407,-490145,-38.73
2784.407,-491323,-40.81
2785.407,-493586,-44.80
2786.407,-494688,-46.75
2787.407,-496908,-50.67
2788.407,-499098,-54.53
2789.407,-500364,-56.77
2790.407,-502398,-60.36
2791.407,-504214,-63.57
2792.407,-505474,-65.79
2793.407,-506529,-67.65
2794.407,-509126,-72.24
2795.407,-510549,-74.75
2796.407,-511991,-77.30
2797.407,-513967,-80.79
2798.407,-514520,-81.76
2799.407,-516997,-86.14
2800.407,-517907,-87.74
2801.407,-518535,-88.85
2802.407,-520153,-91.71
2803.407,-522200,-95.32
2804.407,-523668,-97.91
2805.407,-523936,-98.39
2806.407,-525242,-100.69
2807.407,-526541,-102.99
2808.407,-526948,-103.70
2809.407,-527851,-105.30
2810.407,-528761,-106.91
2811.407,-529950,-109.00
2812.407,-531783,-112.24
2813.407,-531446,-111.65
2814.407,-532388,-113.31
2815.407,-533016,-114.42
2816.407,-533284,-114.89
2817.407,-535036,-117.98
2818.407,-535177,-118.23
2819.407,-535576,-118.94
2820.407,-535301,-118.45
2821.407,-535572,-118.93
2822.407,-536274,-120.17
2823.407,-537140,-121.70
2824.407,-535991,-119.67
2825.407,-535818,-119.36
2826.407,-537316,-122.01
2829.441,-536924,-121.32
2830.441,-536874,-121.23
2831.441,-537030,-121.50
2832.441,-535911,-119.53
2833.441,-536623,-120.79
2834.441,-534644,-117.29
2835.441,-534402,-116.86
2836.441,-534924,-117.79
2837.441,-533904,-115.99
2838.441,-533717,-115.66
2839.441,-533708,-115.64
2840.441,-531822,-112.31
2841.441,-530261,-109.55
2842.441,-530059,-109.20
2843.441,-529018,-107.36
2844.441,-528560,-106.55
2845.441,-527434,-104.56
2846.441,-526579,-103.05
2847.441,-524948,-100.17
2848.441,-523869,-98.27
2849.441,-522805,-96.39
2850.441,-521184,-93.53
2851.441,-520237,-91.86
2852.441,-519458,-90.48
2853.441,-516900,-85.96
2854.441,-514726,-82.13
2855.441,-515336,-83.20
2856.441,-512609,-78.39
2857.441,-509892,-73.59
2858.441,-508665,-71.43
2859.441,-506824,-68.17
2860.441,-506519,-67.64
2861.441,-503036,-61.49
2862.441,-501837,-59.37
2863.441,-499618,-55.45
2864.441,-496137,-49.31
2865.441,-495372,-47.96
2866.441,-493992,-45.52
2867.441,-491775,-41.61
2868.441,-489992,-38.46
2869.441,-486703,-32.65
2870.441,-485304,-30.18
2871.441,-482967,-26.05
2872.441,-481162,-22.87
2873.441,-478475,-18.12
2874.441,-476863,-15.28
2875.441,-474163,-10.51
2876.441,-471285,-5.43
2877.441,-469798,-2.80
2878.441,-467892,0.56
2879.441,-465873,4.13
2880.441,-463285,8.70
2881.441,-460463,13.68
2882.441,-458926,16.39
2883.441,-457185,19.46
2884.441,-455431,22.56
2885.441,-453240,26.43
2886.441,-451300,29.86
2887.441,-449594,32.87
2888.441,-446366,38.57
2889.441,-446259,38.76
2890.441,-442807,44.85
2891.441,-441323,47.47
2892.441,-440808,48.38
2893.441,-437327,54.53
2894.441,-435177,58.32
2895.441,-434594,59.35
2896.441,-432115,63.73
2897.441,-430338,66.86
2898.441,-427679,71.56
2899.441,-426321,73.96
2900.441,-424399,77.35
2901.441,-423441,79.04
2902.441,-421871,81.81
2903.441,-420200,84.76
2904.441,-418882,87.09
2905.441,-417263,89.95
2906.441,-415663,92.77
2907.441,-415131,93.71
2908.441,-412907,97.64
2909.441,-410743,101.46
2910.441,-409508,103.64
2911.441,-409567,103.54
2912.441,-408048,106.22
2913.441,-408203,105.94
2914.441,-405422,110.85
2915.441,-405270,111.12
2916.441,-404887,111.80
2917.441,-404725,112.09
2918.441,-403045,115.05
2919.441,-402377,116.23
2920.441,-401105,118.48
2921.441,-401671,117.48
2922.441,-401806,117.24
2923.441,-401453,117.86
2924.441,-400319,119.86
2925.441,-399393,121.50
2926.441,-399977,120.47
2927.441,-400621,119.33
2930.485,-399473,121.36
2931.485,-400233,120.02
2932.485,-399145,121.94
2933.485,-399748,120.87
2934.485,-400316,119.87
2935.485,-400382,119.75
2936.485,-401492,117.79
2937.485,-401679,117.46
2938.485,-401832,117.19
2939.485,-401833,117.19
2940.485,-402208,116.53
2941.485,-403622,114.03
2942.485,-403503,114.24
2943.485,-404730,112.08
2944.485,-405392,110.91
2945.485,-406765,108.48
2946.485,-407122,107.85
2947.485,-408463,105.49
2948.485,-408843,104.81
2949.485,-409229,104.13
2950.485,-411527,100.08
2951.485,-411801,99.59
2952.485,-413313,96.92
2953.485,-415008,93.93
2954.485,-416124,91.96
2955.485,-417752,89.09
2956.485,-418531,87.71
2957.485,-420034,85.06
2958.485,-421447,82.56
2959.485,-423625,78.72
2960.485,-424464,77.24
2961.485,-427235,72.34
2962.485,-428208,70.63
2963.485,-429272,68.75
2964.485,-431657,64.54
2965.485,-432216,63.55
2966.485,-434498,59.52
2967.485,-436584,55.84
2968.485,-436791,55.47
2969.485,-439010,51.55
2970.485,-442026,46.23
2971.485,-443028,44.46
2972.485,-444685,41.53
2973.485,-447225,37.05
2974.485,-448656,34.52
2975.485,-450294,31.63
2976.485,-452103,28.44
2977.485,-454625,23.98
2978.485,-456320,20.99
2979.485,-457771,18.43
2980.485,-460534,13.55
2981.485,-462033,10.91
2982.485,-464418,6.69
2983.485,-466106,3.71
2984.485,-468392,-0.32
2985.485,-470355,-3.79
2986.485,-472646,-7.83
2987.485,-474162,-10.51
2988.485,-477579,-16.54
2989.485,-477833,-16.99
2990.485,-480669,-22.00
2991.485,-482438,-25.12
2992.485,-484726,-29.16
2993.485,-485477,-30.49
2994.485,-488769,-36.30
2995.485,-490213,-38.85
2996.485,-492445,-42.79
2997.485,-493345,-44.38
2998.485,-494829,-47.00
2999.485,-496596,-50.12
3000.485,-499755,-55.69
3001.485,-500785,-57.51
3002.485,-503082,-61.57
3003.485,-503770,-62.78
3004.485,-506823,-68.17
3005.485,-507421,-69.23
3006.485,-508683,-71.46
3007.485,-510592,-74.83
3008.485,-513037,-79.14
3009.485,-514048,-80.93
3010.485,-515962,-84.31
3011.485,-516246,-84.81
3012.485,-517412,-86.87
3013.485,-519431,-90.43
3014.485,-521251,-93.65
3015.485,-521617,-94.29
3016.485,-523237,-97.15
3017.485,-524327,-99.08
3018.485,-526012,-102.05
3019.485,-526247,-102.47
3020.485,-527698,-105.03
3021.485,-528774,-106.93
3022.485,-528171,-105.86
3023.485,-530310,-109.64
3024.485,-531089,-111.02
3025.485,-532330,-113.21
3026.485,-532713,-113.88
3027.485,-533111,-114.59
3028.485,-533365,-115.03
3031.537,-535014,-117.95
3032.537,-534305,-116.69
3033.537,-535510,-118.82
3034.537,-536757,-121.02
3035.537,-535733,-119.21
3036.537,-535871,-119.46
3037.537,-535881,-119.48
3038.537,-536638,-120.81
3039.537,-535621,-119.02
3040.537,-536671,-120.87
3041.537,-535832,-119.39
3042.537,-536227,-120.09
3043.537,-536485,-120.54
3044.537,-536514,-120.59
3045.537,-535977,-119.65
3046.537,-534428,-116.91
3047.537,-534701,-117.39
3048.537,-534702,-117.39
3049.537,-534639,-117.28
3050.537,-533182,-114.71
3051.537,-532471,-113.46
3052.537,-531381,-111.53
3053.537,-530613,-110.18
3054.537,-530489,-109.96
3055.537,-529413,-108.06
3056.537,-529404,-108.04
3057.537,-526730,-103.32
3058.537,-526551,-103.00
3059.537,-525211,-100.64
3060.537,-522431,-95.73
3061.537,-523365,-97.38
3062.537,-521441,-93.98
3063.537,-519386,-90.35
3064.537,-518573,-88.92
3065.537,-517036,-86.20
3066.537,-514565,-81.84
3067.537,-513021,-79.12
3068.537,-512598,-78.37
3069.537,-510662,-74.95
3070.537,-508380,-70.92
3071.537,-505810,-66.38
3072.537,-504977,-64.91
3073.537,-502626,-60.76
3074.537,-500521,-57.05
3075.537,-499025,-54.41
3076.537,-496119,-49.27
3077.537,-494594,-46.58
3078.537,-492243,-42.43
3079.537,-492240,-42.43
3080.537,-489228,-37.11
3081.537,-486891,-32.98
3082.537,-483828,-27.57
3083.537,-482878,-25.90
3084.537,-481144,-22.84
3085.537,-478825,-18.74
3086.537,-475694,-13.21
3087.537,-474371,-10.88
3088.537,-472506,-7.58
3089.537,-469697,-2.63
3090.537,-467588,1.10
3091.537,-465208,5.30
3092.537,-461949,11.05
3093.537,-461343,12.12
3094.537,-458400,17.32
3095.537,-457014,19.77
3096.537,-454293,24.57
3097.537,-452994,26.86
3098.537,-450097,31.98
3099.537,-449206,33.55
3100.537,-446761,37.87
3101.537,-444460,41.93
3102.537,-443412,43.78
3103.537,-440945,48.14
3104.537,-439684,50.36
3105.537,-436725,55.59
3106.537,-434756,59.06
3107.537,-433080,62.02
3108.537,-431552,64.72
3109.537,-429560,68.24
3110.537,-427860,71.24
3111.537,-425601,75.23
3112.537,-424166,77.76
3113.537,-421597,82.30
3114.537,-420748,83.80
3115.537,-419069,86.76
3116.537,-418903,87.05
3117.537,-416841,90.69
3118.537,-414816,94.27
3119.537,-413879,95.92
3120.537,-412552,98.27
3121.537,-410469,101.94
3122.537,-410077,102.64
3123.537,-408624,105.20
3124.537,-407811,106.64
3125.537,-407281,107.57
3126.537,-406215,109.45
3127.537,-404645,112.23
3128.537,-404677,112.17
3129.537,-403889,113.56
3132.589,-403595,114.08
3133.589,-402298,116.37
3134.589,-402265,116.43
3135.589,-402116,116.69
3136.589,-400170,120.13
3137.589,-401293,118.14
3138.589,-399952,120.51
3139.589,-400406,119.71
3140.589,-400753,119.10
3141.589,-399427,121.44
3142.589,-399502,121.31
3143.589,-399034,122.13
3144.589,-399701,120.96
3145.589,-400986,118.69
3146.589,-400585,119.39
3147.589,-400940,118.77
3148.589,-400587,119.39
3149.589,-400941,118.77
3150.589,-401794,117.26
3151.589,-401688,117.45
3152.589,-402252,116.45
3153.589,-403600,114.07
3154.589,-404041,113.29
3155.589,-404844,111.88
3156.589,-405958,109.91
3157.589,-405850,110.10
3158.589,-407519,107.15
3159.589,-408058,106.20
3160.589,-409079,104.40
3161.589,-410937,101.12
3162.589,-411650,99.86
3163.589,-412729,97.95
3164.589,-413772,96.11
3165.589,-414829,94.25
3166.589,-416657,91.02
3167.589,-417367,89.77
3168.589,-419667,85.70
3169.589,-420835,83.64
3170.589,-421049,83.26
3171.589,-424016,78.03
3172.589,-425493,75.42
3173.589,-426604,73.46
3174.589,-428625,69.89
3175.589,-429744,67.91
3176.589,-431499,64.81
3177.589,-433517,61.25
3178.589,-434748,59.08
3179.589,-436891,55.29
3180.589,-437901,53.51
3181.589,-439942,49.91
3182.589,-442287,45.77
3183.589,-443323,43.94
3184.589,-445381,40.31
3185.589,-447642,36.31
3186.589,-449838,32.44
3187.589,-451691,29.16
3188.589,-452968,26.91
3189.589,-454382,24.41
3190.589,-457018,19.76
3191.589,-458379,17.36
3192.589,-460353,13.87
3193.589,-463307,8.66
3194.589,-464292,6.92
3195.589,-466638,2.78
3196.589,-467754,0.80
3197.589,-470635,-4.28
3198.589,-472849,-8.19
3199.589,-475236,-12.40
3200.589,-476900,-15.34
3201.589,-479313,-19.60
3202.589,-479769,-20.41
3203.589,-482661,-25.51
3204.589,-484761,-29.22
3205.589,-486067,-31.53
3206.589,-488605,-36.01
3207.589,-490178,-38.79
3208.589,-492845,-43.49
3209.589,-493671,-44.95
3210.589,-495901,-48.89
3211.589,-498196,-52.94
3212.589,-500051,-56.22
3213.589,-501220,-58.28
3214.589,-502806,-61.08
3215.589,-503272,-61.90
3216.589,-506052,-66.81
3217.589,-507693,-69.71
3218.589,-509852,-73.52
3219.589,-510553,-74.76
3220.589,-512814,-78.75
3221.589,-514786,-82.23
3222.589,-515353,-83.23
3223.589,-517023,-86.18
3224.589,-517892,-87.72
3225.589,-519434,-90.44
3226.589,-520301,-91.97
3227.589,-521866,-94.73
3228.589,-523780,-98.11
3229.589,-524031,-98.55
3230.589,-526250,-102.47
3231.589,-528039,-105.63
3234.702,-529187,-107.66
3235.702,-528284,-106.06
3236.702,-528766,-106.91
3237.702,-529838,-108.81
3238.702,-530648,-110.24
3239.702,-530435,-109.86
3240.702,-532664,-113.80
3241.702,-533054,-114.48
3242.702,-534240,-116.58
3243.702,-535073,-118.05
3244.702,-535102,-118.10
3245.702,-535436,-118.69
3246.702,-535531,-118.86
3247.702,-535114,-118.12
3248.702,-535780,-119.30
3249.702,-536345,-120.30
3250.702,-536058,-119.79
3251.702,-536137,-119.93
3252.702,-534999,-117.92
3253.702,-536474,-120.52
3254.702,-536003,-119.69
3255.702,-535385,-118.60
3256.702,-535882,-119.48
3257.702,-535701,-119.16
3258.702,-535057,-118.02
3259.702,-534082,-116.30
3260.702,-533997,-116.15
3261.702,-533519,-115.31
3262.702,-532232,-113.03
3263.702,-531957,-112.55
3264.702,-532060,-112.73
3265.702,-530624,-110.19
3266.702,-529767,-108.68
3267.702,-528724,-106.84
3268.702,-528365,-106.21
3269.702,-527261,-104.26
3270.702,-525129,-100.49
3271.702,-524605,-99.57
3272.702,-523117,-96.94
3273.702,-521835,-94.68
3274.702,-520273,-91.92
3275.702,-519593,-90.72
3276.702,-517945,-87.81
3277.702,-516112,-84.57
3278.702,-515231,-83.02
3279.702,-513299,-79.61
3280.702,-511069,-75.67
3281.702,-510197,-74.13
3282.702,-508255,-70.70
3283.702,-506167,-67.01
3284.702,-504316,-63.75
3285.702,-502371,-60.31
3286.702,-501089,-58.05
3287.702,-499129,-54.59
3288.702,-496832,-50.53
3289.702,-494230,-45.94
3290.702,-493232,-44.18
3291.702,-490529,-39.41
3292.702,-488475,-35.78
3293.702,-486526,-32.34
3294.702,-484211,-28.25
3295.702,-481818,-24.03
3296.702,-479879,-20.60
3297.702,-477868,-17.05
3298.702,-476197,-14.10
3299.702,-473224,-8.85
3300.702,-471101,-5.10
3301.702,-468720,-0.90
3302.702,-466403,3.19
3303.702,-466030,3.85
3304.702,-462513,10.06
3305.702,-459617,15.17
3306.702,-458688,16.81
3307.702,-455596,22.27
3308.702,-453951,25.17
3309.702,-452085,28.47
3310.702,-449077,33.78
3311.702,-448019,35.65
3312.702,-446202,38.86
3313.702,-443774,43.14
3314.702,-442323,45.70
3315.702,-440721,48.53
3316.702,-438307,52.79
3317.702,-435826,57.18
3318.702,-434400,59.69
3319.702,-433161,61.88
3320.702,-430815,66.02
3321.702,-429606,68.16
3322.702,-426410,73.80
3323.702,-425356,75.66
3324.702,-422999,79.82
3325.702,-422344,80.98
3326.702,-420992,83.37
3327.702,-420585,84.08
3328.702,-417808,88.99
3329.702,-416712,90.92
3330.702,-415681,92.74
3331.702,-414895,94.13
3332.702,-412774,97.87
3335.751,-411425,100.26
3336.751,-410803,101.35
3337.751,-409392,103.85
3338.751,-408160,106.02
3339.751,-406781,108.46
3340.751,-405231,111.19
3341.751,-405286,111.09
3342.751,-404824,111.91
3343.751,-403283,114.63
3344.751,-403625,114.03
3345.751,-401792,117.26
3346.751,-402368,116.25
3347.751,-401831,117.19
3348.751,-400659,119.26
3349.751,-400894,118.85
3350.751,-399540,121.24
3351.751,-400542,119.47
3352.751,-400219,120.04
3353.751,-399164,121.90
3354.751,-399040,122.12
3355.751,-399254,121.74
3356.751,-399767,120.84
3357.751,-400235,120.01
3358.751,-399936,120.54
3359.751,-400709,119.18
3360.751,-400040,120.36
3361.751,-400249,119.99
3362.751,-401803,117.24
3363.751,-402036,116.83
3364.751,-402734,115.60
3365.751,-404129,113.14
3366.751,-403308,114.59
3367.751,-405533,110.66
3368.751,-404922,111.74
3369.751,-405850,110.10
3370.751,-406899,108.25
3371.751,-407983,106.33
3372.751,-408514,105.40
3373.751,-410763,101.42
3374.751,-412247,98.80
3375.751,-412423,98.49
3376.751,-413864,95.95
3377.751,-414926,94.07
3378.751,-416583,91.15
3379.751,-418650,87.50
3380.751,-420180,84.80
3381.751,-420324,84.54
3382.751,-422546,80.62
3383.751,-423990,78.07
3384.751,-425610,75.21
3385.751,-427721,71.48
3386.751,-428975,69.27
3387.751,-430924,65.83
3388.751,-431792,64.30
3389.751,-434117,60.19
3390.751,-434553,59.42
3391.751,-437084,54.95
3392.751,-438720,52.07
3393.751,-440112,49.61
3394.751,-442911,44.67
3395.751,-444169,42.45
3396.751,-446631,38.10
3397.751,-447897,35.86
3398.751,-449627,32.81
3399.751,-451162,30.10
3400.751,-453781,25.47
3401.751,-455446,22.54
3402.751,-457413,19.06
3403.751,-459476,15.42
3404.751,-460796,13.09
3405.751,-462971,9.25
3406.751,-465684,4.46
3407.751,-466768,2.55
3408.751,-469225,-1.79
3409.751,-471357,-5.56
3410.751,-473437,-9.23
3411.751,-474939,-11.88
3412.751,-477216,-15.90
3413.751,-478967,-18.99
3414.751,-481056,-22.68
3415.751,-482587,-25.38
3416.751,-485095,-29.81
3417.751,-485547,-30.61
3418.751,-488841,-36.42
3419.751,-490792,-39.87
3420.751,-492507,-42.90
3421.751,-494473,-46.37
3422.751,-496530,-50.00
3423.751,-498678,-53.79
3424.751,-499486,-55.22
3425.751,-500611,-57.21
3426.751,-503847,-62.92
3427.751,-503852,-62.93
3428.751,-507064,-68.60
3429.751,-507755,-69.82
3430.751,-509706,-73.26
3431.751,-511002,-75.55
3432.751,-512324,-77.89
3433.751,-514083,-80.99
3436.764,-517218,-86.53
3437.764,-517185,-86.47
3438.764,-518271,-88.38
3439.764,-519412,-90.40
3440.764,-518736,-89.21
3441.764,-522719,-96.24
3442.764,-523536,-97.68
3443.764,-524220,-98.89
3444.764,-524252,-98.94
3445.764,-526960,-103.73
3446.764,-527751,-105.12
3447.764,-528824,-107.02
3448.764,-530101,-109.27
3449.764,-530679,-110.29
3450.764,-531125,-111.08
3451.764,-532175,-112.93
3452.764,-532299,-113.15
3453.764,-534293,-116.67
3454.764,-533326,-114.97
3455.764,-535699,-119.15
3456.764,-534102,-116.34
3457.764,-534951,-117.83
3458.764,-535983,-119.66
3459.764,-535338,-118.52
3460.764,-536599,-120.74
3461.764,-536053,-119.78
3462.764,-535622,-119.02
3463.764,-535891,-119.49
3464.764,-536796,-121.09
3465.764,-536085,-119.84
3466.764,-536468,-120.51
3467.764,-535505,-118.81
3468.764,-535502,-118.81
3469.764,-535895,-119.50
3470.764,-534571,-117.16
3471.764,-534516,-117.07
3472.764,-533800,-115.80
3473.764,-533281,-114.89
3474.764,-531918,-112.48
3475.764,-532539,-113.58
3476.764,-530937,-110.75
3477.764,-530198,-109.44
3478.764,-529251,-107.77
3479.764,-528784,-106.95
3480.764,-528162,-105.85
3481.764,-527301,-104.33
3482.764,-527417,-104.53
3483.764,-523365,-97.38
3484.764,-522667,-96.15
3485.764,-521976,-94.93
3486.764,-521049,-93.29
3487.764,-518865,-89.43
3488.764,-518088,-88.06
3489.764,-516909,-85.98
3490.764,-514105,-81.03
3491.764,-512179,-77.63
3492.764,-511262,-76.01
3493.764,-509345,-72.63
3494.764,-507013,-68.51
3495.764,-505560,-65.94
3496.764,-503609,-62.50
3497.764,-502720,-60.93
3498.764,-499638,-55.49
3499.764,-498465,-53.42
3500.764,-495482,-48.15
3501.764,-493748,-45.09
3502.764,-492360,-42.64
3503.764,-489195,-37.05
3504.764,-487680,-34.38
3505.764,-485726,-30.93
3506.764,-483762,-27.46
3507.764,-481599,-23.64
3508.764,-480239,-21.24
3509.764,-477025,-15.56
3510.764,-475632,-13.10
3511.764,-473837,-9.93
3512.764,-471184,-5.25
3513.764,-469115,-1.60
3514.764,-466267,3.43
3515.764,-464638,6.31
3516.764,-463435,8.43
3517.764,-459276,15.77
3518.764,-457823,18.34
3519.764,-456135,21.32
3520.764,-453196,26.51
3521.764,-451188,30.05
3522.764,-449454,33.11
3523.764,-448135,35.44
3524.764,-445464,40.16
3525.764,-444002,42.74
3526.764,-441059,47.94
3527.764,-440208,49.44
3528.764,-438258,52.88
3529.764,-436895,55.29
3530.764,-434511,59.50
3531.764,-431818,64.25
3532.764,-430703,66.22
3533.764,-429547,68.26
3534.764,-427436,71.99
3537.818,-425762,74.94
3538.818,-424105,77.87
3539.818,-421889,81.78
3540.818,-420478,84.27
3541.818,-419537,85.93
3542.818,-417584,89.38
3543.818,-415713,92.69
3544.818,-414592,94.66
3545.818,-414403,95.00
3546.818,-412533,98.30
3547.818,-411146,100.75
3548.818,-409110,104.34
3549.818,-408845,104.81
3550.818,-408175,105.99
3551.818,-407373,107.41
3552.818,-406216,109.45
3553.818,-404329,112.78
3554.818,-403890,113.56
3555.818,-402782,115.52
3556.818,-403151,114.86
3557.818,-401660,117.50
3558.818,-401283,118.16
3559.818,-401011,118.64
3560.818,-401302,118.13
3561.818,-400248,119.99
3562.818,-400800,119.01
3563.818,-399886,120.63
3564.818,-399972,120.48
3565.818,-400633,119.31
3566.818,-399552,121.22
3567.818,-399948,120.52
3568.818,-399860,120.67
3569.818,-399975,120.47
3570.818,-400947,118.76
3571.818,-399830,120.73
3572.818,-401664,117.49
3573.818,-401294,118.14
3574.818,-402578,115.88
3575.818,-401918,117.04
3576.818,-403257,114.68
3577.818,-403423,114.38
3578.818,-404083,113.22
3579.818,-405254,111.15
3580.818,-405564,110.60
3581.818,-406316,109.28
3582.818,-406984,108.10
3583.818,-409065,104.42
3584.818,-409674,103.35
3585.818,-411037,100.94
3586.818,-412970,97.53
3587.818,-411981,99.27
3588.818,-414240,95.29
3589.818,-415774,92.58
3590.818,-416818,90.73
3591.818,-418060,88.54
3592.818,-419658,85.72
3593.818,-421488,82.49
3594.818,-422042,81.51
3595.818,-424726,76.77
3596.818,-425032,76.23
3597.818,-427377,72.09
3598.818,-429557,68.24
3599.818,-430687,66.25
3600.818,-432229,63.53
3601.818,-434317,59.84
3602.818,-435078,58.50
3603.818,-438177,53.02
3604.818,-438810,51.91
3605.818,-440523,48.88
3606.818,-442320,45.71
3607.818,-445191,40.64
3608.818,-446793,37.81
3609.818,-448089,35.52
3610.818,-450605,31.08
3611.818,-451691,29.16
3612.818,-453581,25.83
3613.818,-456010,21.54
3614.818,-458013,18.00
3615.818,-459133,16.03
3616.818,-461440,11.95
3617.818,-463169,8.90
3618.818,-464782,6.05
3619.818,-466851,2.40
3620.818,-469937,-3.05
3621.818,-471688,-6.14
3622.818,-473392,-9.15
3623.818,-475108,-12.18
3624.818,-477774,-16.89
3625.818,-479661,-20.22
3626.818,-481129,-22.81
3627.818,-483343,-26.72
3628.818,-485645,-30.78
3629.818,-487138,-33.42
3630.818,-489180,-37.02
3631.818,-492106,-42.19
3632.818,-492861,-43.52
3633.818,-494608,-46.61
3634.818,-496095,-49.23
3635.818,-498878,-54.15
3638.868,-501275,-58.38
3639.868,-501590,-58.93
3640.868,-503177,-61.74
3641.868,-504869,-64.72
3642.868,-506026,-66.77
3643.868,-507099,-68.66
3644.868,-510208,-74.15
3645.868,-511136,-75.79
3646.868,-513341,-79.68
3647.868,-514318,-81.41
3648.868,-516172,-84.68
3649.868,-516154,-84.65
3650.868,-519382,-90.35
3651.868,-519925,-91.31
3652.868,-520523,-92.36
3653.868,-522130,-95.20
3654.868,-523496,-97.61
3655.868,-525941,-101.93
3656.868,-526366,-102.68
3657.868,-528721,-106.83
3658.868,-528528,-106.49
3659.868,-527854,-105.30
3660.868,-529289,-107.84
3661.868,-530242,-109.52
3662.868,-531916,-112.48
3663.868,-531372,-111.52
3664.868,-533153,-114.66
3665.868,-533416,-115.12
3666.868,-533905,-115.99
3667.868,-535628,-119.03
3668.868,-534602,-117.22
3669.868,-535470,-118.75
3670.868,-536024,-119.73
3671.868,-535787,-119.31
3672.868,-536829,-121.15
3673.868,-536295,-120.21
3674.868,-536518,-120.60
3675.868,-535851,-119.42
3676.868,-536811,-121.12
3677.868,-536875,-121.23
3678.868,-535914,-119.53
3679.868,-535514,-118.83
3680.868,-535107,-118.11
3681.868,-535679,-119.12
3682.868,-535431,-118.68
3683.868,-534484,-117.01
3684.868,-533539,-115.34
3685.868,-533014,-114.41
3686.868,-532435,-113.39
3687.868,-532606,-113.69
3688.868,-530568,-110.10
3689.868,-530268,-109.57
3690.868,-529038,-107.39
3691.868,-528784,-106.95
3692.868,-527089,-103.95
3693.868,-525827,-101.73
3694.868,-525747,-101.58
3695.868,-523753,-98.06
3696.868,-523913,-98.35
3697.868,-521105,-93.39
3698.868,-521354,-93.83
3699.868,-519198,-90.02
3700.868,-517412,-86.87
3701.868,-516120,-84.59
3702.868,-514517,-81.76
3703.868,-513040,-79.15
3704.868,-511814,-76.98
3705.868,-509532,-72.96
3706.868,-507780,-69.86
3707.868,-505116,-65.16
3708.868,-503338,-62.02
3709.868,-501894,-59.47
3710.868,-499435,-55.13
3711.868,-497107,-51.02
3712.868,-496345,-49.67
3713.868,-494202,-45.89
3714.868,-491315,-40.79
3715.868,-489772,-38.07
3716.868,-488968,-36.65
3717.868,-485619,-30.74
3718.868,-483490,-26.98
3719.868,-481131,-22.81
3720.868,-479648,-20.19
3721.868,-478375,-17.95
3722.868,-475320,-12.55
3723.868,-473137,-8.70
3724.868,-469984,-3.13
3725.868,-468735,-0.93
3726.868,-465821,4.22
3727.868,-463854,7.69
3728.868,-461719,11.46
3729.868,-460102,14.31
3730.868,-457656,18.63
3731.868,-455961,21.63
3732.868,-452875,27.07
3733.868,-451223,29.99
3734.868,-449788,32.52
3735.868,-447666,36.27
3736.868,-446155,38.94
3739.918,-443945,42.84
3740.918,-441617,46.95
3741.918,-439647,50.43
3742.918,-438047,53.25
3743.918,-435530,57.70
3744.918,-433722,60.89
3745.918,-431918,64.07
3746.918,-432536,62.98
3747.918,-430502,66.57
3748.918,-427794,71.36
3749.918,-426098,74.35
3750.918,-423940,78.16
3751.918,-422366,80.94
3752.918,-420415,84.38
3753.918,-418840,87.16
3754.918,-416814,90.74
3755.918,-416858,90.66
3756.918,-414537,94.76
3757.918,-413534,96.53
3758.918,-412006,99.23
3759.918,-410841,101.29
3760.918,-409453,103.74
3761.918,-408842,104.82
3762.918,-406708,108.58
3763.918,-406002,109.83
3764.918,-405121,111.39
3765.918,-404373,112.71
3766.918,-404808,111.94
3767.918,-402924,115.26
3768.918,-402707,115.65
3769.918,-401738,117.36
3770.918,-401776,117.29
3771.918,-401030,118.61
3772.918,-400446,119.64
3773.918,-401270,118.19
3774.918,-401135,118.42
3775.918,-399243,121.76
3776.918,-399046,122.11
3777.918,-400318,119.87
3778.918,-399370,121.54
3779.918,-399307,121.65
3780.918,-399639,121.06
3781.918,-399681,120.99
3782.918,-400398,119.72
3783.918,-399924,120.56
3784.918,-400837,118.95
3785.918,-402090,116.74
3786.918,-402165,116.60
3787.918,-402762,115.55
3788.918,-403322,114.56
3789.918,-402906,115.30
3790.918,-404909,111.76
3791.918,-405325,111.03
3792.918,-406311,109.29
3793.918,-406239,109.41
3794.918,-406911,108.23
3795.918,-409231,104.13
3796.918,-409773,103.17
3797.918,-411915,99.39
3798.918,-411910,99.40
3799.918,-413106,97.29
3800.918,-413904,95.88
3801.918,-416878,90.63
3802.918,-417211,90.04
3803.918,-418330,88.07
3804.918,-419808,85.46
3805.918,-421633,82.23
3806.918,-423140,79.57
3807.918,-424762,76.71
3808.918,-425799,74.88
3809.918,-426615,73.44
3810.918,-429490,68.36
3811.918,-431220,65.31
3812.918,-433298,61.64
3813.918,-434434,59.63
3814.918,-436030,56.81
3815.918,-437367,54.45
3816.918,-438185,53.01
3817.918,-440948,48.13
3818.918,-443062,44.40
3819.918,-443885,42.95
3820.918,-446566,38.21
3821.918,-448974,33.96
3822.918,-450585,31.12
3823.918,-451987,28.64
3824.918,-454568,24.09
3825.918,-454973,23.37
3826.918,-457260,19.33
3827.918,-459766,14.91
3828.918,-461060,12.62
3829.918,-464134,7.20
3830.918,-465905,4.07
3831.918,-467815,0.70
3832.918,-469488,-2.26
3833.918,-471557,-5.91
3834.918,-472902,-8.28
3835.918,-474605,-11.29
3836.918,-477785,-16.91
3837.918,-479344,-19.66
3840.959,-480969,-22.53
3841.959,-480650,-21.96
3842.959,-484867,-29.41
3843.959,-487488,-34.04
3844.959,-489451,-37.50
3845.959,-492125,-42.22
3846.959,-493702,-45.01
3847.959,-494261,-45.99
3848.959,-496637,-50.19
3849.959,-499196,-54.71
3850.959,-500443,-56.91
3851.959,-501982,-59.63
3852.959,-503663,-62.59
3853.959,-504244,-63.62
3854.959,-507037,-68.55
3855.959,-508469,-71.08
3856.959,-509942,-73.68
3857.959,-511575,-76.56
3858.959,-512482,-78.16
3859.959,-514673,-82.03
3860.959,-516566,-85.37
3861.959,-516109,-84.57
3862.959,-519284,-90.17
3863.959,-519764,-91.02
3864.959,-521741,-94.51
3865.959,-521992,-94.95
3866.959,-524955,-100.19
3867.959,-525190,-100.60
3868.959,-526296,-102.55
3869.959,-526786,-103.42
3870.959,-528596,-106.61
3871.959,-529145,-107.58
3872.959,-530496,-109.97
3873.959,-530665,-110.27
3874.959,-530646,-110.23
3875.959,-531768,-112.21
3876.959,-532715,-113.89
3877.959,-533407,-115.11
3878.959,-533733,-115.68
3879.959,-534159,-116.44
3880.959,-534588,-117.19
3881.959,-535044,-118.00
3882.959,-535698,-119.15
3883.959,-535984,-119.66
3884.959,-536032,-119.74
3885.959,-536367,-120.33
3886.959,-536645,-120.82
3887.959,-536611,-120.76
3888.959,-535346,-118.53
3889.959,-537072,-121.58
3890.959,-536173,-119.99
3891.959,-536149,-119.95
3892.959,-535144,-118.17
3893.959,-536165,-119.98
3894.959,-534465,-116.98
3895.959,-534078,-116.29
3896.959,-533885,-115.95
3897.959,-533404,-115.10
3898.959,-531969,-112.57
3899.959,-532043,-112.70
3900.959,-531156,-111.13
3901.959,-530461,-109.91
3902.959,-528989,-107.31
3903.959,-529048,-107.41
3904.959,-527661,-104.96
3905.959,-526226,-102.43
3906.959,-524190,-98.84
3907.959,-525259,-100.72
3908.959,-522163,-95.26
3909.959,-521009,-93.22
3910.959,-519285,-90.18
3911.959,-518566,-88.91
3912.959,-517528,-87.07
3913.959,-515545,-83.57
3914.959,-513956,-80.77
3915.959,-513443,-79.86
3916.959,-510452,-74.58
3917.959,-509407,-72.74
3918.959,-507401,-69.19
3919.959,-504986,-64.93
3920.959,-502640,-60.79
3921.959,-502368,-60.31
3922.959,-499625,-55.46
3923.959,-498733,-53.89
3924.959,-495736,-48.60
3925.959,-493345,-44.38
3926.959,-491309,-40.78
3927.959,-489789,-38.10
3928.959,-487294,-33.69
3929.959,-485271,-30.12
3930.959,-483821,-27.56
3931.959,-480321,-21.38
3932.959,-478635,-18.41
3933.959,-477177,-15.83
3934.959,-474737,-11.52
3935.959,-472325,-7.27
3936.959,-470054,-3.26
3937.959,-467674,0.95
3938.959,-465662,4.50
3942.064,-464511,6.53
3943.064,-461518,11.81
3944.064,-459400,15.55
3945.064,-456705,20.31
3946.064,-455867,21.79
3947.064,-452428,27.86
3948.064,-452535,27.67
3949.064,-449686,32.70
3950.064,-448523,34.76
3951.064,-445913,39.37
3952.064,-443940,42.85
3953.064,-441661,46.87
3954.064,-439426,50.82
3955.064,-438367,52.69
3956.064,-435025,58.59
3957.064,-433317,61.60
3958.064,-432258,63.47
3959.064,-430476,66.62
3960.064,-428397,70.29
3961.064,-426636,73.40
3962.064,-424977,76.33
3963.064,-423065,79.71
3964.064,-421636,82.23
3965.064,-419886,85.32
3966.064,-419029,86.83
3967.064,-417254,89.96
3968.064,-416374,91.52
3969.064,-415359,93.31
3970.064,-413334,96.89
3971.064,-412420,98.50
3972.064,-411169,100.71
3973.064,-410270,102.30
3974.064,-408263,105.84
3975.064,-407951,106.39
3976.064,-407099,107.89
3977.064,-406425,109.08
3978.064,-404830,111.90
3979.064,-404348,112.75
3980.064,-403462,114.32
3981.064,-402335,116.30
3982.064,-402229,116.49
3983.064,-401895,117.08
3984.064,-400292,119.91
3985.064,-400092,120.26
3986.064,-399876,120.65
3987.064,-399994,120.44
3988.064,-399588,121.15
3989.064,-398903,122.36
3990.064,-399028,122.14
3991.064,-399986,120.45
3992.064,-399247,121.76
3993.064,-399582,121.17
3994.064,-399904,120.60
3995.064,-400444,119.64
3996.064,-400192,120.09
3997.064,-401216,118.28
3998.064,-401331,118.08
3999.064,-402228,116.49
4000.064,-401660,117.50
4001.064,-403379,114.46
4002.064,-403939,113.47
4003.064,-404537,112.42
4004.064,-405640,110.47
4005.064,-405666,110.42
4006.064,-406617,108.74
4007.064,-407250,107.63
4008.064,-409070,104.41
4009.064,-408997,104.54
4010.064,-410760,101.43
4011.064,-412195,98.90
4012.064,-413229,97.07
4013.064,-413947,95.80
4014.064,-415694,92.72
4015.064,-416309,91.63
4016.064,-418644,87.51
4017.064,-420483,84.26
4018.064,-422032,81.53
4019.064,-423129,79.59
4020.064,-424547,77.09
4021.064,-426099,74.35
4022.064,-427860,71.24
4023.064,-428491,70.13
4024.064,-431154,65.42
4025.064,-432630,62.82
4026.064,-434148,60.14
4027.064,-435128,58.41
4028.064,-437568,54.10
4029.064,-439220,51.18
4030.064,-441370,47.39
4031.064,-442451,45.48
4032.064,-443608,43.44
4033.064,-446593,38.17
4034.064,-448302,35.15
4035.064,-450505,31.26
4036.064,-452594,27.57
4037.064,-454119,24.88
4038.064,-456241,21.13
4039.064,-457856,18.28
4040.064,-459655,15.10
4043.072,-462643,9.83
4044.072,-463132,8.97
4045.072,-466592,2.86
4046.072,-468462,-0.45
4047.072,-469298,-1.92
4048.072,-472183,-7.01
4049.072,-473049,-8.54
4050.072,-474605,-11.29
4051.072,-477332,-16.11
4052.072,-480167,-21.11
4053.072,-481515,-23.49
4054.072,-483284,-26.61
4055.072,-484553,-28.85
4056.072,-487806,-34.60
4057.072,-489050,-36.79
4058.072,-491832,-41.71
4059.072,-493696,-45.00
4060.072,-496426,-49.82
4061.072,-497832,-52.30
4062.072,-498416,-53.33
4063.072,-499797,-55.77
4064.072,-500952,-57.81
4065.072,-503716,-62.69
4066.072,-505029,-65.01
4067.072,-507300,-69.02
4068.072,-508991,-72.00
4069.072,-510036,-73.85
4070.072,-512215,-77.69
4071.072,-513058,-79.18
4072.072,-514185,-81.17
4073.072,-515939,-84.27
4074.072,-517995,-87.90
4075.072,-518399,-88.61
4076.072,-520825,-92.89
4077.072,-521801,-94.62
4078.072,-523085,-96.88
4079.072,-523066,-96.85
4080.072,-524291,-99.01
4081.072,-526553,-103.01
4082.072,-527688,-105.01
4083.072,-528370,-106.22
4084.072,-529427,-108.08
4085.072,-529891,-108.90
4086.072,-531474,-111.70
4087.072,-531633,-111.98
4088.072,-531607,-111.93
4089.072,-533105,-114.57
4090.072,-532818,-114.07
4091.072,-534425,-116.91
4092.072,-534556,-117.14
4093.072,-535930,-119.56
4094.072,-535542,-118.88
4095.072,-535739,-119.23
4096.072,-535695,-119.15
4097.072,-536166,-119.98
4098.072,-536290,-120.20
4099.072,-536288,-120.19
4100.072,-535682,-119.12
4101.072,-536244,-120.12
4102.072,-536528,-120.62
4103.072,-535766,-119.27
4104.072,-536223,-120.08
4105.072,-535464,-118.74
4106.072,-535493,-118.79
4107.072,-534723,-117.43
4108.072,-535147,-118.18
4109.072,-533868,-115.92
4110.072,-532849,-114.12
4111.072,-533472,-115.22
4112.072,-532340,-113.22
4113.072,-530600,-110.15
4114.072,-529834,-108.80
4115.072,-529666,-108.50
4116.072,-528630,-106.67
4117.072,-527050,-103.88
4118.072,-527054,-103.89
4119.072,-525060,-100.37
4120.072,-522923,-96.60
4121.072,-522215,-95.35
4122.072,-521050,-93.29
4123.072,-520695,-92.66
4124.072,-519666,-90.85
4125.072,-517336,-86.73
4126.072,-514508,-81.74
4127.072,-514290,-81.36
4128.072,-512873,-78.85
4129.072,-510608,-74.86
4130.072,-509037,-72.08
4131.072,-507576,-69.50
4132.072,-505249,-65.39
4133.072,-503450,-62.22
4134.072,-502173,-59.96
4135.072,-499028,-54.41
4136.072,-498020,-52.63
4137.072,-494920,-47.16
4138.072,-493932,-45.41
4139.072,-491287,-40.74
4140.072,-489046,-36.79
4141.072,-487478,-34.02
4144.124,-486370,-32.06
4145.124,-484149,-28.14
4146.124,-480460,-21.63
4147.124,-478697,-18.52
4148.124,-476959,-15.45
4149.124,-475088,-12.14
4150.124,-472817,-8.13
4151.124,-469986,-3.14
4152.124,-468617,-0.72
4153.124,-466196,3.56
4154.124,-463246,8.76
4155.124,-461471,11.90
4156.124,-459719,14.99
4157.124,-457044,19.71
4158.124,-455151,23.06
4159.124,-453083,26.71
4160.124,-450923,30.52
4161.124,-449193,33.58
4162.124,-447442,36.67
4163.124,-444854,41.24
4164.124,-443312,43.96
4165.124,-441223,47.65
4166.124,-439500,50.69
4167.124,-437569,54.10
4168.124,-435440,57.86
4169.124,-434065,60.28
4170.124,-432766,62.58
4171.124,-429477,68.38
4172.124,-427830,71.29
4173.124,-427210,72.39
4174.124,-425504,75.40
4175.124,-423310,79.27
4176.124,-421466,82.53
4177.124,-419974,85.16
4178.124,-418404,87.93
4179.124,-417278,89.92
4180.124,-415535,93.00
4181.124,-413859,95.96
4182.124,-411993,99.25
4183.124,-411640,99.88
4184.124,-410392,102.08
4185.124,-408680,105.10
4186.124,-408469,105.48
4187.124,-407358,107.44
4188.124,-406529,108.90
4189.124,-406119,109.62
4190.124,-404526,112.44
4191.124,-403523,114.21
4192.124,-402964,115.19
4193.124,-402183,116.57
4194.124,-401417,117.93
4195.124,-401366,118.02
4196.124,-401145,118.41
4197.124,-400317,119.87
4198.124,-401098,118.49
4199.124,-400682,119.22
4200.124,-400082,120.28
4201.124,-400843,118.94
4202.124,-399601,121.13
4203.124,-400576,119.41
4204.124,-399123,121.98
4205.124,-399990,120.45
4206.124,-400215,120.05
4207.124,-401490,117.80
4208.124,-400225,120.03
4209.124,-399934,120.54
4210.124,-402182,116.57
4211.124,-402496,116.02
4212.124,-402962,115.20
4213.124,-402431,116.14
4214.124,-404172,113.06
4215.124,-404791,111.97
4216.124,-405836,110.12
4217.124,-406432,109.07
4218.124,-406702,108.59
4219.124,-407972,106.35
4220.124,-409763,103.19
4221.124,-409887,102.97
4222.124,-411720,99.74
4223.124,-412921,97.61
4224.124,-413643,96.34
4225.124,-414820,94.26
4226.124,-414497,94.83
4227.124,-417117,90.21
4228.124,-418670,87.46
4229.124,-420598,84.06
4230.124,-421285,82.85
4231.124,-422917,79.97
4232.124,-424855,76.54
4233.124,-426269,74.05
4234.124,-427888,71.19
4235.124,-428740,69.69
4236.124,-431071,65.57
4237.124,-433841,60.68
4238.124,-434405,59.68
4239.124,-437111,54.91
4240.124,-437811,53.67
4241.124,-439413,50.84
4242.124,-441707,46.79
4245.175,-443110,44.31
4246.175,-446827,37.75
4247.175,-446202,38.86
4248.175,-449145,33.66
4249.175,-450219,31.76
4250.175,-452539,27.67
4251.175,-453588,25.82
4252.175,-455386,22.64
4253.175,-456617,20.47
4254.175,-459936,14.61
4255.175,-461334,12.14
4256.175,-463117,8.99
4257.175,-466414,3.17
4258.175,-467995,0.38
4259.175,-469195,-1.74
4260.175,-472039,-6.76
4261.175,-473916,-10.07
4262.175,-476170,-14.05
4263.175,-477881,-17.07
4264.175,-480037,-20.88
4265.175,-481226,-22.98
4266.175,-484635,-29.00
4267.175,-487007,-33.19
4268.175,-486833,-32.88
4269.175,-489292,-37.22
4270.175,-492274,-42.49
4271.175,-492740,-43.31
4272.175,-493930,-45.41
4273.175,-496908,-50.67
4274.175,-499014,-54.39
4275.175,-500605,-57.19
4276.175,-501822,-59.34
4277.175,-503216,-61.80
4278.175,-504844,-64.68
4279.175,-506971,-68.43
4280.175,-509692,-73.24
4281.175,-510559,-74.77
4282.175,-512783,-78.70
4283.175,-513142,-79.33
4284.175,-514419,-81.58
4285.175,-516449,-85.17
4286.175,-517320,-86.71
4287.175,-518587,-88.94
4288.175,-520353,-92.06
4289.175,-521529,-94.14
4290.175,-522106,-95.16
4291.175,-523869,-98.27
4292.175,-525118,-100.47
4293.175,-526461,-102.84
4294.175,-526774,-103.40
4295.175,-527490,-104.66
4296.175,-529059,-107.43
4297.175,-530411,-109.82
4298.175,-530447,-109.88
4299.175,-530471,-109.92
4300.175,-532710,-113.88
4301.175,-532262,-113.09
4302.175,-534043,-116.23
4303.175,-534085,-116.31
4304.175,-534283,-116.65
4305.175,-535592,-118.97
4306.175,-535161,-118.20
4307.175,-535069,-118.04
4308.175,-535999,-119.68
4309.175,-536037,-119.75
4310.175,-536402,-120.40
4311.175,-535973,-119.64
4312.175,-536145,-119.94
4313.175,-536628,-120.79
4314.175,-536263,-120.15
4315.175,-535587,-118.96
4316.175,-535533,-118.86
4317.175,-536692,-120.91
4318.175,-534749,-117.48
4319.175,-533733,-115.68
4320.175,-535018,-117.95
4321.175,-533219,-114.78
4322.175,-533578,-115.41
4323.175,-532062,-112.73
4324.175,-532068,-112.74
4325.175,-530055,-109.19
4326.175,-529965,-109.03
4327.175,-529287,-107.83
4328.175,-527484,-104.65
4329.175,-527430,-104.56
4330.175,-525965,-101.97
4331.175,-525654,-101.42
4332.175,-524560,-99.49
4333.175,-522783,-96.35
4334.175,-521443,-93.99
4335.175,-520535,-92.38
4336.175,-518206,-88.27
4337.175,-517788,-87.53
4338.175,-516471,-85.21
4339.175,-512941,-78.97
4340.175,-513011,-79.10
4341.175,-510632,-74.90
4342.175,-508616,-71.34
4343.175,-506352,-67.34
4346.226,-506125,-66.94
4347.226,-503698,-62.66
4348.226,-501038,-57.96
4349.226,-500217,-56.51
4350.226,-495734,-48.59
4351.226,-498531,-53.53
4352.226,-497349,-51.45
4353.226,-492056,-42.10
4354.226,-489512,-37.61
4355.226,-487437,-33.95
4356.226,-485212,-30.02
4357.226,-483203,-26.47
4358.226,-481384,-23.26
4359.226,-478461,-18.10
4360.226,-477438,-16.29
4361.226,-473552,-9.43
4362.226,-472042,-6.77
4363.226,-469976,-3.12
4364.226,-468453,-0.43
4365.226,-465643,4.53
4366.226,-463458,8.39
4367.226,-460388,13.81
4368.226,-458991,16.28
4369.226,-458076,17.89
4370.226,-454379,24.42
4371.226,-452462,27.80
4372.226,-451539,29.43
4373.226,-448077,35.55
4374.226,-446935,37.56
4375.226,-444885,41.18
4376.226,-442351,45.65
4377.226,-441887,46.47
4378.226,-439239,51.15
4379.226,-437102,54.92
4380.226,-435409,57.91
4381.226,-433923,60.53
4382.226,-431860,64.18
4383.226,-429431,68.47
4384.226,-427916,71.14
4385.226,-427400,72.05
4386.226,-424493,77.18
4387.226,-424266,77.58
4388.226,-420876,83.57
4389.226,-419692,85.66
4390.226,-417488,89.55
4391.226,-417506,89.52
4392.226,-416578,91.16
4393.226,-414029,95.66
4394.226,-412493,98.37
4395.226,-411786,99.62
4396.226,-410250,102.33
4397.226,-408829,104.84
4398.226,-409614,103.45
4399.226,-407233,107.66
4400.226,-406749,108.51
4401.226,-405268,111.13
4402.226,-404029,113.31
4403.226,-403248,114.69
4404.226,-403231,114.72
4405.226,-402926,115.26
4406.226,-401243,118.23
4407.226,-401230,118.26
4408.226,-401468,117.84
4409.226,-400807,119.00
4410.226,-400871,118.89
4411.226,-400021,120.39
4412.226,-400266,119.96
4413.226,-399870,120.66
4414.226,-400019,120.39
4415.226,-398789,122.57
4416.226,-400142,120.18
4417.226,-400155,120.15
4418.226,-399960,120.50
4419.226,-400993,118.67
4420.226,-401120,118.45
4421.226,-400385,119.75
4422.226,-401074,118.53
4423.226,-402007,116.88
4424.226,-402472,116.06
4425.226,-402843,115.41
4426.226,-403955,113.44
4427.226,-404119,113.16
4428.226,-405408,110.88
4429.226,-406057,109.73
4430.226,-406743,108.52
4431.226,-407948,106.39
4432.226,-408721,105.03
4433.226,-409068,104.42
4434.226,-411532,100.07
4435.226,-413314,96.92
4436.226,-413513,96.57
4437.226,-413974,95.76
4438.226,-415706,92.70
4439.226,-418188,88.32
4440.226,-418911,87.04
4441.226,-420125,84.90
4442.226,-421901,81.76
4443.226,-423077,79.68
4444.226,-424539,77.10
4447.277,-426636,73.40
4448.277,-428541,70.04
4449.277,-429430,68.47
4450.277,-431386,65.01
4451.277,-432891,62.36
4452.277,-434094,60.23
4453.277,-435939,56.98
4454.277,-438149,53.07
4455.277,-439775,50.20
4456.277,-441167,47.75
4457.277,-443205,44.15
4458.277,-445302,40.44
4459.277,-446776,37.84
4460.277,-449018,33.88
4461.277,-450749,30.83
4462.277,-452895,27.04
4463.277,-454221,24.70
4464.277,-456876,20.01
4465.277,-457340,19.19
4466.277,-459878,14.71
4467.277,-461644,11.59
4468.277,-464294,6.91
4469.277,-465256,5.22
4470.277,-467346,1.53
4471.277,-470257,-3.61
4472.277,-471686,-6.14
4473.277,-473461,-9.27
4474.277,-475896,-13.57
4475.277,-477484,-16.37
4476.277,-480332,-21.40
4477.277,-481265,-23.05
4478.277,-483270,-26.59
4479.277,-485416,-30.38
4480.277,-488267,-35.41
4481.277,-489420,-37.45
4482.277,-491317,-40.80
4483.277,-494187,-45.86
4484.277,-493914,-45.38
4485.277,-496584,-50.10
4486.277,-499180,-54.68
4487.277,-499932,-56.01
4488.277,-501736,-59.19
4489.277,-503002,-61.43
4490.277,-504790,-64.58
4491.277,-507046,-68.57
4492.277,-508343,-70.86
4493.277,-509676,-73.21
4494.277,-511797,-76.95
4495.277,-512879,-78.87
4496.277,-514679,-82.04
4497.277,-515968,-84.32
4498.277,-517774,-87.51
4499.277,-519861,-91.19
4500.277,-521438,-93.98
4501.277,-521753,-94.53
4502.277,-522905,-96.57
4503.277,-525018,-100.30
4504.277,-524807,-99.92
4505.277,-527675,-104.99
4506.277,-527817,-105.24
4507.277,-528307,-106.10
4508.277,-528557,-106.55
4509.277,-530345,-109.70
4510.277,-531070,-110.98
4511.277,-532294,-113.14
4512.277,-531911,-112.47
4513.277,-533024,-114.43
4514.277,-532923,-114.25
4515.277,-532612,-113.70
4516.277,-535466,-118.74
4517.277,-534622,-117.25
4518.277,-535745,-119.24
4519.277,-536072,-119.81
4520.277,-535698,-119.15
4521.277,-536253,-120.13
4522.277,-536117,-119.89
4523.277,-536240,-120.11
4524.277,-535961,-119.62
4525.277,-535860,-119.44
4526.277,-535544,-118.88
4527.277,-536122,-119.90
4528.277,-535936,-119.57
4529.277,-535389,-118.61
4530.277,-535331,-118.50
4531.277,-534948,-117.83
4532.277,-534714,-117.42
4533.277,-533482,-115.24
4534.277,-533636,-115.51
4535.277,-531963,-112.56
4536.277,-532095,-112.79
4537.277,-530370,-109.75
4538.277,-529838,-108.81
4539.277,-529571,-108.34
4540.277,-528728,-106.85
4541.277,-527277,-104.29
4542.277,-526310,-102.58
4543.277,-525898,-101.85
4544.277,-524479,-99.35
4545.277,-521725,-94.48
4548.329,-521938,-94.86
4549.329,-520625,-92.54
4550.329,-518710,-89.16
4551.329,-516969,-86.09
4552.329,-515711,-83.87
4553.329,-513499,-79.96
4554.329,-512583,-78.34
4555.329,-510596,-74.83
4556.329,-508942,-71.91
4557.329,-506951,-68.40
4558.329,-504452,-63.99
4559.329,-503651,-62.57
4560.329,-501511,-58.79
4561.329,-500475,-56.97
4562.329,-497205,-51.19
4563.329,-496104,-49.25
4564.329,-492597,-43.06
4565.329,-491919,-41.86
4566.329,-489723,-37.98
4567.329,-486718,-32.68
4568.329,-485894,-31.22
4569.329,-482698,-25.58
4570.329,-480877,-22.36
4571.329,-479090,-19.21
4572.329,-476968,-15.46
4573.329,-474566,-11.22
4574.329,-472055,-6.79
4575.329,-470829,-4.62
4576.329,-468985,-1.37
4577.329,-465899,4.08
4578.329,-463977,7.47
4579.329,-462023,10.92
4580.329,-459273,15.78
4581.329,-457250,19.35
4582.329,-455784,21.94
4583.329,-453119,26.64
4584.329,-451409,29.66
4585.329,-449366,33.27
4586.329,-446329,38.63
4587.329,-443869,42.97
4588.329,-442888,44.71
4589.329,-441043,47.96
4590.329,-440237,49.39
4591.329,-437227,54.70
4592.329,-435016,58.61
4593.329,-434542,59.44
4594.329,-431817,64.25
4595.329,-430627,66.35
4596.329,-428090,70.83
4597.329,-425748,74.97
4598.329,-424740,76.75
4599.329,-423021,79.78
4600.329,-420950,83.44
4601.329,-420363,84.48
4602.329,-419039,86.81
4603.329,-417329,89.83
4604.329,-415792,92.55
4605.329,-414424,94.96
4606.329,-413651,96.33
4607.329,-411831,99.54
4608.329,-410072,102.64
4609.329,-408881,104.75
4610.329,-408215,105.92
4611.329,-407159,107.79
4612.329,-405977,109.87
4613.329,-405439,110.82
4614.329,-404885,111.80
4615.329,-403934,113.48
4616.329,-402994,115.14
4617.329,-401931,117.02
4618.329,-402783,115.51
4619.329,-401276,118.17
4620.329,-400180,120.11
4621.329,-400831,118.96
4622.329,-399917,120.57
4623.329,-400057,120.33
4624.329,-399995,120.44
4625.329,-399508,121.30
4626.329,-399836,120.72
4627.329,-399494,121.32
4628.329,-399412,121.47
4629.329,-399668,121.01
4630.329,-400827,118.97
4631.329,-401400,117.96
4632.329,-400385,119.75
4633.329,-401148,118.40
4634.329,-401157,118.38
4635.329,-401911,117.05
4636.329,-401698,117.43
4637.329,-403435,114.36
4638.329,-404196,113.02
4639.329,-403315,114.57
4640.329,-406017,109.80
4641.329,-405601,110.54
4642.329,-406373,109.18
4643.329,-407594,107.02
4644.329,-408551,105.33
4645.329,-409547,103.57
4646.329,-410369,102.12
4649.380,-411889,99.44
4650.380,-414397,95.01
4651.380,-414292,95.19
4652.380,-416101,92.00
4653.380,-416969,90.47
4654.380,-417706,89.17
4655.380,-420504,84.23
4656.380,-420982,83.38
4657.380,-421955,81.66
4658.380,-426090,74.36
4659.380,-425297,75.76
4660.380,-427520,71.84
4661.380,-429689,68.01
4662.380,-431692,64.47
4663.380,-432169,63.63
4664.380,-434306,59.86
4665.380,-436180,56.55
4666.380,-437020,55.07
4667.380,-439621,50.47
4668.380,-440880,48.25
4669.380,-443410,43.79
4670.380,-445930,39.34
4671.380,-445316,40.42
4672.380,-448238,35.26
4673.380,-449945,32.25
4674.380,-452576,27.60
4675.380,-454340,24.49
4676.380,-455403,22.61
4677.380,-457254,19.34
4678.380,-459996,14.50
4679.380,-461487,11.87
4680.380,-463043,9.12
4681.380,-466167,3.61
4682.380,-468142,0.12
4683.380,-469935,-3.05
4684.380,-472069,-6.81
4685.380,-473494,-9.33
4686.380,-475540,-12.94
4687.380,-477988,-17.26
4688.380,-478929,-18.92
4689.380,-480908,-22.42
4690.380,-483159,-26.39
4691.380,-484882,-29.44
4692.380,-487616,-34.26
4693.380,-489389,-37.39
4694.380,-491276,-40.72
4695.380,-493739,-45.07
4696.380,-495687,-48.51
4697.380,-497030,-50.88
4698.380,-498252,-53.04
4699.380,-500217,-56.51
4700.380,-501635,-59.01
4701.380,-502953,-61.34
4702.380,-504611,-64.27
4703.380,-507127,-68.71
4704.380,-508660,-71.42
4705.380,-509948,-73.69
4706.380,-511465,-76.37
4707.380,-513443,-79.86
4708.380,-514540,-81.80
4709.380,-516011,-84.39
4710.380,-517518,-87.06
4711.380,-518428,-88.66
4712.380,-519310,-90.22
4713.380,-520463,-92.25
4714.380,-522635,-96.09
4715.380,-523379,-97.40
4716.380,-524935,-100.15
4717.380,-525469,-101.09
4718.380,-527336,-104.39
4719.380,-527734,-105.09
4720.380,-528467,-106.39
4721.380,-530166,-109.39
4722.380,-530924,-110.72
4723.380,-532115,-112.83
4724.380,-531624,-111.96
4725.380,-533091,-114.55
4726.380,-532765,-113.97
4727.380,-533418,-115.13
4728.380,-534537,-117.10
4729.380,-534826,-117.61
4730.380,-535525,-118.85
4731.380,-535357,-118.55
4732.380,-535485,-118.78
4733.380,-536250,-120.13
4734.380,-537321,-122.02
4735.380,-536170,-119.99
4736.380,-536046,-119.77
4737.380,-535812,-119.35
4738.380,-536697,-120.92
4739.380,-536789,-121.08
4740.380,-535995,-119.68
4741.380,-536456,-120.49
4742.380,-535488,-118.78
4743.380,-534320,-116.72
4744.380,-534712,-117.41
4745.380,-533259,-114.85
4746.380,-532448,-113.41
4747.380,-532230,-113.03
4750.432,-532455,-113.43
4751.432,-531335,-111.45
4752.432,-529942,-108.99
4753.432,-529618,-108.42
4754.432,-528843,-107.05
4755.432,-527218,-104.18
4756.432,-526433,-102.80
4757.432,-525823,-101.72
4758.432,-524636,-99.62
4759.432,-522024,-95.01
4760.432,-522352,-95.59
4761.432,-519840,-91.15
4762.432,-519026,-89.72
4763.432,-516654,-85.53
4764.432,-515111,-82.81
4765.432,-514676,-82.04
4766.432,-511719,-76.82
4767.432,-511173,-75.85
4768.432,-509269,-72.49
4769.432,-507700,-69.72
4770.432,-505391,-65.64
4771.432,-504398,-63.89
4772.432,-501238,-58.31
4773.432,-500830,-57.59
4774.432,-497245,-51.26
4775.432,-495856,-48.81
4776.432,-493915,-45.38
4777.432,-492190,-42.34
4778.432,-489932,-38.35
4779.432,-486510,-32.31
4780.432,-485916,-31.26
4781.432,-483265,-26.58
4782.432,-481421,-23.32
4783.432,-479623,-20.15
4784.432,-477216,-15.90
4785.432,-474454,-11.02
4786.432,-473172,-8.76
4787.432,-470437,-3.93
4788.432,-467908,0.53
4789.432,-466537,2.95
4790.432,-463662,8.03
4791.432,-461853,11.22
4792.432,-458581,17.00
4793.432,-457596,18.74
4794.432,-456073,21.43
4795.432,-453583,25.82
4796.432,-451240,29.96
4797.432,-449474,33.08
4798.432,-448103,35.50
4799.432,-445476,40.14
4800.432,-442611,45.20
4801.432,-440724,48.53
4802.432,-439493,50.70
4803.432,-437062,54.99
4804.432,-436028,56.82
4805.432,-434291,59.89
4806.432,-432418,63.19
4807.432,-430564,66.47
4808.432,-427761,71.41
4809.432,-426800,73.11
4810.432,-424771,76.69
4811.432,-422755,80.25
4812.432,-422643,80.45
4813.432,-420406,84.40
4814.432,-418870,87.11
4815.432,-417621,89.32
4816.432,-415969,92.23
4817.432,-414336,95.12
4818.432,-413254,97.03
4819.432,-411788,99.62
4820.432,-410323,102.20
4821.432,-409681,103.34
4822.432,-408595,105.25
4823.432,-406961,108.14
4824.432,-406546,108.87
4825.432,-405075,111.47
4826.432,-404929,111.73
4827.432,-404221,112.98
4828.432,-403048,115.05
4829.432,-402901,115.31
4830.432,-402933,115.25
4831.432,-401113,118.46
4832.432,-401844,117.17
4833.432,-400453,119.63
4834.432,-399988,120.45
4835.432,-400456,119.62
4836.432,-401057,118.56
4837.432,-399815,120.75
4838.432,-399064,122.08
4839.432,-399560,121.20
4840.432,-399009,122.18
4841.432,-399636,121.07
4842.432,-398604,122.89
4843.432,-400226,120.03
4844.432,-400661,119.26
4845.432,-399427,121.44
4846.432,-401393,117.97
4847.432,-401019,118.63
4848.432,-403120,114.92
4851.512,-403176,114.82
4852.512,-403372,114.47
4853.512,-404700,112.13
4854.512,-404745,112.05
4855.512,-405880,110.05
4856.512,-406169,109.54
4857.512,-407191,107.73
4858.512,-408218,105.92
4859.512,-410029,102.72
4860.512,-410019,102.74
4861.512,-412214,98.86
4862.512,-413114,97.27
4863.512,-414224,95.31
4864.512,-416047,92.10
4865.512,-417479,89.57
4866.512,-418239,88.23
4867.512,-419244,86.45
4868.512,-421311,82.80
4869.512,-422810,80.16
4870.512,-425147,76.03
4871.512,-426218,74.14
4872.512,-428121,70.78
4873.512,-429385,68.55
4874.512,-430601,66.40
4875.512,-431960,64.00
4876.512,-433455,61.36
4877.512,-436672,55.68
4878.512,-437473,54.27
4879.512,-439485,50.72
4880.512,-441611,46.96
4881.512,-443478,43.67
4882.512,-444398,42.04
4883.512,-447548,36.48
4884.512,-448746,34.36
4885.512,-449759,32.58
4886.512,-452010,28.60
4887.512,-453469,26.03
4888.512,-454685,23.88
4889.512,-457501,18.91
4890.512,-459107,16.07
4891.512,-460938,12.84
4892.512,-462767,9.61
4893.512,-465331,5.08
4894.512,-468207,0.01
4895.512,-469772,-2.76
4896.512,-471445,-5.71
4897.512,-473513,-9.36
4898.512,-475991,-13.74
4899.512,-477495,-16.39
4900.512,-479468,-19.88
4901.512,-481343,-23.19
4902.512,-483424,-26.86
4903.512,-484724,-29.16
4904.512,-487325,-33.75
4905.512,-488908,-36.54
4906.512,-490944,-40.14
4907.512,-493341,-44.37
4908.512,-494397,-46.23
4909.512,-496542,-50.02
4910.512,-497294,-51.35
4911.512,-499900,-55.95
4912.512,-501395,-58.59
4913.512,-503832,-62.89
4914.512,-505211,-65.33
4915.512,-506567,-67.72
4916.512,-508412,-70.98
4917.512,-510795,-75.19
4918.512,-511453,-76.35
4919.512,-513116,-79.28
4920.512,-513616,-80.17
4921.512,-516253,-84.82
4922.512,-516715,-85.64
4923.512,-518989,-89.65
4924.512,-520189,-91.77
4925.512,-520870,-92.97
4926.512,-523105,-96.92
4927.512,-523168,-97.03
4928.512,-524671,-99.68
4929.512,-526174,-102.34
4930.512,-526256,-102.48
4931.512,-527956,-105.48
4932.512,-528359,-106.20
4933.512,-530600,-110.15
4934.512,-530385,-109.77
4935.512,-531424,-111.61
4936.512,-532264,-113.09
4937.512,-532681,-113.83
4938.512,-533590,-115.43
4939.512,-533992,-116.14
4940.512,-533886,-115.95
4941.512,-534697,-117.39
4942.512,-535217,-118.30
4943.512,-535249,-118.36
4944.512,-536119,-119.90
4945.512,-535732,-119.21
4946.512,-536227,-120.09
4947.512,-536181,-120.01
4948.512,-537103,-121.63
4949.512,-536359,-120.32
4952.536,-536984,-121.42
4953.536,-536211,-120.06
4954.536,-536120,-119.90
4955.536,-535251,-118.36
4956.536,-536111,-119.88
4957.536,-533734,-115.69
4958.536,-535414,-118.65
4959.536,-533669,-115.57
4960.536,-533179,-114.71
4961.536,-532975,-114.35
4962.536,-532425,-113.37
4963.536,-530304,-109.63
4964.536,-529906,-108.93
4965.536,-529096,-107.50
4966.536,-528830,-107.03
4967.536,-527434,-104.56
4968.536,-527202,-104.15
4969.536,-525050,-100.35
4970.536,-524254,-98.95
4971.536,-522790,-96.36
4972.536,-522321,-95.54
4973.536,-520063,-91.55
4974.536,-518824,-89.36
4975.536,-517147,-86.40
4976.536,-516278,-84.87
4977.536,-514507,-81.74
4978.536,-512916,-78.93
4979.536,-511603,-76.61
4980.536,-509517,-72.93
4981.536,-507700,-69.72
4982.536,-504595,-64.24
4983.536,-504011,-63.21
4984.536,-501505,-58.78
4985.536,-498897,-54.18
4986.536,-497436,-51.60
4987.536,-495680,-48.50
4988.536,-493238,-44.19
4989.536,-492084,-42.15
4990.536,-489716,-37.97
4991.536,-487730,-34.46
4992.536,-486602,-32.47
4993.536,-483695,-27.34
4994.536,-482141,-24.60
4995.536,-480477,-21.66
4996.536,-477475,-16.36
4997.536,-475328,-12.57
4998.536,-473200,-8.81
4999.536,-470334,-3.75
5000.536,-469519,-2.31
5001.536,-466142,3.65
5002.536,-464282,6.93
5003.536,-460882,12.94
5004.536,-459217,15.88
5005.536,-456976,19.83
5006.536,-455407,22.60
5007.536,-453455,26.05
5008.536,-451363,29.74
5009.536,-449104,33.73
5010.536,-447550,36.48
5011.536,-445505,40.09
5012.536,-443661,43.34
5013.536,-441912,46.43
5014.536,-439202,51.21
5015.536,-436967,55.16
5016.536,-436764,55.52
5017.536,-434097,60.23
5018.536,-431311,65.15
5019.536,-430698,66.23
5020.536,-428452,70.19
5021.536,-427459,71.95
5022.536,-425159,76.01
5023.536,-422401,80.88
5024.536,-421907,81.75
5025.536,-420094,84.95
5026.536,-419499,86.00
5027.536,-418161,88.36
5028.536,-415430,93.19
5029.536,-414599,94.65
5030.536,-414219,95.32
5031.536,-412743,97.93
5032.536,-410665,101.60
5033.536,-408970,104.59
5034.536,-408473,105.47
5035.536,-408029,106.25
5036.536,-406534,108.89
5037.536,-405260,111.14
5038.536,-404997,111.60
5039.536,-404795,111.96
5040.536,-403100,114.95
5041.536,-403138,114.89
5042.536,-402246,116.46
5043.536,-401343,118.06
5044.536,-400422,119.68
5045.536,-400835,118.95
5046.536,-399985,120.45
5047.536,-399063,122.08
5048.536,-400736,119.13
5049.536,-399831,120.73
5050.536,-399138,121.95
5051.536,-399852,120.69
5054.644,-400301,119.90
5055.644,-400013,120.40
5056.644,-399410,121.47
5057.644,-400424,119.68
5058.644,-399779,120.82
5059.644,-401041,118.59
5060.644,-400099,120.25
5061.644,-402515,115.99
5062.644,-402009,116.88
5063.644,-401865,117.13
5064.644,-403803,113.71
5065.644,-404144,113.11
5066.644,-404909,111.76
5067.644,-406125,109.61
5068.644,-407494,107.20
5069.644,-407871,106.53
5070.644,-408384,105.63
5071.644,-410181,102.45
5072.644,-410880,101.22
5073.644,-412068,99.12
5074.644,-412543,98.28
5075.644,-414692,94.49
5076.644,-415238,93.52
5077.644,-416026,92.13
5078.644,-417981,88.68
5079.644,-420709,83.86
5080.644,-421096,83.18
5081.644,-422070,81.46
5082.644,-423682,78.62
5083.644,-427034,72.70
5084.644,-427767,71.40
5085.644,-429493,68.36
5086.644,-430166,67.17
5087.644,-433466,61.34
5088.644,-434187,60.07
5089.644,-435509,57.73
5090.644,-437262,54.64
5091.644,-438595,52.29
5092.644,-440937,48.15
5093.644,-441725,46.76
5094.644,-444016,42.72
5095.644,-446468,38.39
5096.644,-447450,36.65
5097.644,-450292,31.63
5098.644,-451660,29.22
5099.644,-453138,26.61
5100.644,-456369,20.91
5101.644,-458132,17.79
5102.644,-460140,14.25
5103.644,-460919,12.87
5104.644,-463026,9.15
5105.644,-466676,2.71
5106.644,-467217,1.75
5107.644,-468825,-1.09
5108.644,-471467,-5.75
5109.644,-473033,-8.52
5110.644,-475329,-12.57
5111.644,-477825,-16.98
5112.644,-479678,-20.25
5113.644,-480736,-22.12
5114.644,-482761,-25.69
5115.644,-485751,-30.97
5116.644,-487740,-34.48
5117.644,-488724,-36.22
5118.644,-491081,-40.38
5119.644,-492501,-42.89
5120.644,-493957,-45.46
5121.644,-496423,-49.81
5122.644,-499439,-55.14
5123.644,-499976,-56.08
5124.644,-502061,-59.77
5125.644,-504057,-63.29
5126.644,-505019,-64.99
5127.644,-507241,-68.91
5128.644,-508355,-70.88
5129.644,-510461,-74.60
5130.644,-511139,-75.79
5131.644,-513124,-79.30
5132.644,-514144,-81.10
5133.644,-516979,-86.10
5134.644,-517252,-86.59
5135.644,-519438,-90.45
5136.644,-519782,-91.05
5137.644,-521141,-93.45
5138.644,-521945,-94.87
5139.644,-524012,-98.52
5140.644,-524798,-99.91
5141.644,-525173,-100.57
5142.644,-527368,-104.45
5143.644,-527985,-105.54
5144.644,-528172,-105.87
5145.644,-529276,-107.81
5146.644,-530275,-109.58
5147.644,-531333,-111.45
5148.644,-531362,-111.50
5149.644,-533892,-115.96
5150.644,-533735,-115.69
5151.644,-533851,-115.89
5152.644,-534406,-116.87
5153.644,-534798,-117.56
5156.684,-535842,-119.41
5157.684,-536766,-121.04
5158.684,-535775,-119.29
5159.684,-536413,-120.42
5160.684,-536006,-119.70
5161.684,-535891,-119.49
5162.684,-535873,-119.46
5163.684,-536164,-119.98
5164.684,-536072,-119.81
5165.684,-535911,-119.53
5166.684,-536261,-120.15
5167.684,-536063,-119.80
5168.684,-535824,-119.38
5169.684,-534833,-117.63
5170.684,-533775,-115.76
5171.684,-533358,-115.02
5172.684,-533356,-115.02
5173.684,-532407,-113.34
5174.684,-530780,-110.47
5175.684,-531916,-112.48
5176.684,-530545,-110.06
5177.684,-529596,-108.38
5178.684,-529485,-108.18
5179.684,-527962,-105.49
5180.684,-526157,-102.31
5181.684,-524451,-99.30
5182.684,-525304,-100.80
5183.684,-523231,-97.14
5184.684,-520743,-92.75
5185.684,-520171,-91.74
5186.684,-519121,-89.89
5187.684,-517309,-86.69
5188.684,-516364,-85.02
5189.684,-515284,-83.11
5190.684,-513558,-80.06
5191.684,-509615,-73.10
5192.684,-509650,-73.16
5193.684,-507085,-68.64
5194.684,-505800,-66.37
5195.684,-503347,-62.04
5196.684,-502124,-59.88
5197.684,-500345,-56.74
5198.684,-498655,-53.75
5199.684,-497075,-50.96
5200.684,-494246,-45.97
5201.684,-493005,-43.78
5202.684,-491525,-41.16
5203.684,-487625,-34.28
5204.684,-485024,-29.69
5205.684,-483673,-27.30
5206.684,-481347,-23.19
5207.684,-480268,-21.29
5208.684,-477021,-15.56
5209.684,-474830,-11.69
5210.684,-472706,-7.94
5211.684,-470944,-4.83
5212.684,-468455,-0.43
5213.684,-467569,1.13
5214.684,-464470,6.60
5215.684,-462040,10.89
5216.684,-459788,14.87
5217.684,-457604,18.73
5218.684,-455565,22.33
5219.684,-454784,23.70
5220.684,-452011,28.60
5221.684,-449197,33.57
5222.684,-448008,35.67
5223.684,-446233,38.80
5224.684,-443083,44.36
5225.684,-441271,47.56
5226.684,-439307,51.03
5227.684,-437745,53.79
5228.684,-435029,58.58
5229.684,-433429,61.41
5230.684,-432145,63.67
5231.684,-430792,66.06
5232.684,-427826,71.30
5233.684,-426854,73.02
5234.684,-426052,74.43
5235.684,-423575,78.80
5236.684,-421982,81.62
5237.684,-420604,84.05
5238.684,-418697,87.42
5239.684,-418054,88.55
5240.684,-416076,92.04
5241.684,-414066,95.59
5242.684,-413331,96.89
5243.684,-411538,100.06
5244.684,-410027,102.72
5245.684,-409364,103.89
5246.684,-408210,105.93
5247.684,-407171,107.77
5248.684,-407390,107.38
5249.684,-406487,108.97
5250.684,-404735,112.07
5251.684,-404396,112.67
5252.684,-403615,114.04
5253.684,-402895,115.32
5254.684,-401913,117.05
5257.729,-401366,118.02
5258.729,-401540,117.71
5259.729,-400857,118.91
5260.729,-400415,119.69
5261.729,-399953,120.51
5262.729,-400982,118.69
5263.729,-399147,121.93
5264.729,-399273,121.71
5265.729,-399167,121.90
5266.729,-399896,120.61
5267.729,-400010,120.41
5268.729,-399907,120.59
5269.729,-399931,120.55
5270.729,-400582,119.40
5271.729,-400904,118.83
5272.729,-401328,118.08
5273.729,-401443,117.88
5274.729,-401922,117.03
5275.729,-402815,115.46
5276.729,-403420,114.39
5277.729,-403835,113.66
5278.729,-405036,111.54
5279.729,-405453,110.80
5280.729,-407429,107.31
5281.729,-407273,107.59
5282.729,-410013,102.75
5283.729,-410046,102.69
5284.729,-410421,102.03
5285.729,-412468,98.41
5286.729,-413340,96.88
5287.729,-414568,94.71
5288.729,-415484,93.09
5289.729,-417172,90.11
5290.729,-418447,87.86
5291.729,-419357,86.25
5292.729,-421038,83.28
5293.729,-423237,79.40
5294.729,-423746,78.50
5295.729,-426031,74.47
5296.729,-427160,72.48
5297.729,-429655,68.07
5298.729,-431124,65.48
5299.729,-432978,62.20
5300.729,-434395,59.70
5301.729,-436526,55.94
5302.729,-437803,53.68
5303.729,-438928,51.70
5304.729,-441358,47.41
5305.729,-443975,42.79
5306.729,-443912,42.90
5307.729,-446449,38.42
5308.729,-448193,35.34
5309.729,-449991,32.17
5310.729,-451578,29.36
5311.729,-453106,26.67
5312.729,-455289,22.81
5313.729,-457293,19.27
5314.729,-459801,14.85
5315.729,-461349,12.11
5316.729,-464057,7.33
5317.729,-464660,6.27
5318.729,-467066,2.02
5319.729,-469074,-1.53
5320.729,-470864,-4.69
5321.729,-472797,-8.10
5322.729,-475918,-13.61
5323.729,-477011,-15.54
5324.729,-479604,-20.12
5325.729,-481930,-24.22
5326.729,-483027,-26.16
5327.729,-485053,-29.74
5328.729,-487085,-33.32
5329.729,-489658,-37.87
5330.729,-491279,-40.73
5331.729,-493382,-44.44
5332.729,-494963,-47.23
5333.729,-496903,-50.66
5334.729,-498136,-52.84
5335.729,-499590,-55.40
5336.729,-501617,-58.98
5337.729,-503124,-61.64
5338.729,-505401,-65.66
5339.729,-506607,-67.79
5340.729,-508903,-71.85
5341.729,-509549,-72.99
5342.729,-510860,-75.30
5343.729,-513689,-80.30
5344.729,-514109,-81.04
5345.729,-516009,-84.39
5346.729,-518198,-88.26
5347.729,-519805,-91.09
5348.729,-519537,-90.62
5349.729,-521465,-94.02
5350.729,-521118,-93.41
5351.729,-523030,-96.79
5352.729,-525028,-100.31
5353.729,-525972,-101.98
5354.729,-526757,-103.37
5355.729,-527808,-105.22
5358.804,-530730,-110.38
5359.804,-530382,-109.77
5360.804,-530451,-109.89
5361.804,-530818,-110.54
5362.804,-532053,-112.72
5363.804,-532534,-113.57
5364.804,-533160,-114.67
5365.804,-533113,-114.59
5366.804,-534513,-117.06
5367.804,-534222,-116.55
5368.804,-536229,-120.09
5369.804,-534901,-117.75
5370.804,-535454,-118.72
5371.804,-534954,-117.84
5372.804,-536037,-119.75
5373.804,-535647,-119.06
5374.804,-536529,-120.62
5375.804,-536283,-120.19
5376.804,-536177,-120.00
5377.804,-536084,-119.83
5378.804,-535031,-117.98
5379.804,-535593,-118.97
5380.804,-535284,-118.42
5381.804,-534291,-116.67
5382.804,-533678,-115.59
5383.804,-532904,-114.22
5384.804,-532575,-113.64
5385.804,-532959,-114.32
5386.804,-531694,-112.08
5387.804,-531492,-111.73
5388.804,-529910,-108.93
5389.804,-528645,-106.70
5390.804,-527727,-105.08
5391.804,-526775,-103.40
5392.804,-526519,-102.95
5393.804,-524985,-100.24
5394.804,-524633,-99.62
5395.804,-522149,-95.23
5396.804,-520440,-92.21
5397.804,-520750,-92.76
5398.804,-518691,-89.13
5399.804,-517888,-87.71
5400.804,-515971,-84.32
5401.804,-513914,-80.69
5402.804,-513013,-79.10
5403.804,-510643,-74.92
5404.804,-509060,-72.12
5405.804,-507294,-69.00
5406.804,-505408,-65.67
5407.804,-503559,-62.41
5408.804,-502567,-60.66
5409.804,-499793,-55.76
5410.804,-497923,-52.46
5411.804,-496329,-49.65
5412.804,-494029,-45.58
5413.804,-492076,-42.14
5414.804,-488997,-36.70
5415.804,-487403,-33.89
5416.804,-485146,-29.90
5417.804,-483558,-27.10
5418.804,-480594,-21.86
5419.804,-479682,-20.25
5420.804,-477487,-16.38
5421.804,-474531,-11.16
5422.804,-472674,-7.88
5423.804,-470777,-4.53
5424.804,-468911,-1.24
5425.804,-466227,3.50
5426.804,-464224,7.04
5427.804,-460463,13.68
5428.804,-459475,15.42
5429.804,-456771,20.20
5430.804,-455501,22.44
5431.804,-453009,26.84
5432.804,-451739,29.08
5433.804,-449453,33.12
5434.804,-447861,35.93
5435.804,-444887,41.18
5436.804,-443677,43.31
5437.804,-441140,47.79
5438.804,-439391,50.88
5439.804,-437938,53.45
5440.804,-435785,57.25
5441.804,-433530,61.23
5442.804,-431751,64.37
5443.804,-430285,66.96
5444.804,-428536,70.05
5445.804,-427466,71.94
5446.804,-424779,76.68
5447.804,-424062,77.94
5448.804,-420744,83.80
5449.804,-419623,85.78
5450.804,-418777,87.28
5451.804,-416232,91.77
5452.804,-416204,91.82
5453.804,-413768,96.12
5454.804,-412856,97.73
5455.804,-411841,99.52
5456.804,-411582,99.98
5459.834,-410621,101.68
5460.834,-408749,104.98
5461.834,-407624,106.97
5462.834,-406531,108.90
5463.834,-405308,111.06
5464.834,-404270,112.89
5465.834,-404120,113.15
5466.834,-403309,114.59
5467.834,-402320,116.33
5468.834,-401450,117.87
5469.834,-401218,118.28
5470.834,-400865,118.90
5471.834,-400465,119.61
5472.834,-399800,120.78
5473.834,-400080,120.29
5474.834,-399049,122.11
5475.834,-400247,119.99
5476.834,-399495,121.32
5477.834,-400263,119.96
5478.834,-399134,121.96
5479.834,-400328,119.85
5480.834,-399769,120.84
5481.834,-400062,120.32
5482.834,-400147,120.17
5483.834,-400781,119.05
5484.834,-401073,118.53
5485.834,-400894,118.85
5486.834,-402240,116.47
5487.834,-403846,113.64
5488.834,-403656,113.97
5489.834,-404019,113.33
5490.834,-404642,112.23
5491.834,-405474,110.76
5492.834,-406531,108.90
5493.834,-407132,107.84
5494.834,-408441,105.52
5495.834,-409481,103.69
5496.834,-411079,100.87
5497.834,-411628,99.90
5498.834,-413278,96.98
5499.834,-414866,94.18
5500.834,-415493,93.07
5501.834,-416769,90.82
5502.834,-418203,88.29
5503.834,-419679,85.68
5504.834,-421073,83.22
5505.834,-422516,80.67
5506.834,-424433,77.29
5507.834,-426945,72.85
5508.834,-427894,71.18
5509.834,-429805,67.81
5510.834,-430351,66.84
5511.834,-432514,63.02
5512.834,-434577,59.38
5513.834,-436930,55.23
5514.834,-437590,54.06
5515.834,-439534,50.63
5516.834,-441156,47.76
5517.834,-443252,44.06
5518.834,-446454,38.41
5519.834,-446150,38.95
5520.834,-448238,35.26
5521.834,-450201,31.80
5522.834,-452245,28.19
5523.834,-454101,24.91
5524.834,-455990,21.57
5525.834,-457750,18.47
5526.834,-460128,14.27
5527.834,-461505,11.84
5528.834,-463458,8.39
5529.834,-466093,3.74
5530.834,-467902,0.54
5531.834,-469516,-2.31
5532.834,-471932,-6.57
5533.834,-473171,-8.76
5534.834,-475445,-12.77
5535.834,-478023,-17.33
5536.834,-479136,-19.29
5537.834,-481358,-23.21
5538.834,-483744,-27.43
5539.834,-485740,-30.95
5540.834,-487267,-33.65
5541.834,-489041,-36.78
5542.834,-490906,-40.07
5543.834,-492751,-43.33
5544.834,-494180,-45.85
5545.834,-497057,-50.93
5546.834,-498524,-53.52
5547.834,-499769,-55.72
5548.834,-502898,-61.24
5549.834,-504020,-63.22
5550.834,-504696,-64.42
5551.834,-506709,-67.97
5552.834,-508064,-70.36
5553.834,-511186,-75.88
5554.834,-510914,-75.40
5555.834,-512485,-78.17
5556.834,-514242,-81.27
5557.834,-515470,-83.44
5560.873,-518098,-88.08
5561.873,-519148,-89.93
5562.873,-519731,-90.96
5563.873,-521698,-94.44
5564.873,-521521,-94.12
5565.873,-524566,-99.50
5566.873,-525326,-100.84
5567.873,-526328,-102.61
5568.873,-527739,-105.10
5569.873,-528822,-107.01
5570.873,-528781,-106.94
5571.873,-529990,-109.08
5572.873,-530186,-109.42
5573.873,-531154,-111.13
5574.873,-532187,-112.95
5575.873,-533281,-114.89
5576.873,-532986,-114.36
5577.873,-533900,-115.98
5578.873,-535025,-117.96
5579.873,-534841,-117.64
5580.873,-535183,-118.24
5581.873,-536084,-119.83
5582.873,-535910,-119.53
5583.873,-535227,-118.32
5584.873,-536490,-120.55
5585.873,-535913,-119.53
5586.873,-535834,-119.39
5587.873,-536055,-119.78
5588.873,-536028,-119.74
5589.873,-536098,-119.86
5590.873,-536402,-120.40
5591.873,-535776,-119.29
5592.873,-535659,-119.08
5593.873,-534202,-116.51
5594.873,-533906,-115.99
5595.873,-533997,-116.15
5596.873,-532719,-113.89
5597.873,-532563,-113.62
5598.873,-531025,-110.90
5599.873,-530828,-110.55
5600.873,-530626,-110.20
5601.873,-528883,-107.12
5602.873,-527755,-105.13
5603.873,-526824,-103.49
5604.873,-526496,-102.91
5605.873,-523875,-98.28
5606.873,-523292,-97.25
5607.873,-522595,-96.02
5608.873,-521686,-94.41
5609.873,-519924,-91.30
5610.873,-518483,-88.76
5611.873,-516308,-84.92
5612.873,-515774,-83.98
5613.873,-514862,-82.37
5614.873,-512784,-78.70
5615.873,-511663,-76.72
5616.873,-508518,-71.17
5617.873,-507129,-68.71
5618.873,-505905,-66.55
5619.873,-503303,-61.96
5620.873,-501739,-59.20
5621.873,-499261,-54.82
5622.873,-498402,-53.31
5623.873,-495155,-47.57
5624.873,-492972,-43.72
5625.873,-491656,-41.39
5626.873,-490568,-39.47
5627.873,-487233,-33.59
5628.873,-485124,-29.86
5629.873,-482930,-25.99
5630.873,-481834,-24.05
5631.873,-479665,-20.22
5632.873,-475755,-13.32
5633.873,-474749,-11.55
5634.873,-473337,-9.05
5635.873,-470107,-3.35
5636.873,-468715,-0.89
5637.873,-466065,3.79
5638.873,-463913,7.59
5639.873,-461994,10.97
5640.873,-460227,14.09
5641.873,-456843,20.07
5642.873,-454941,23.43
5643.873,-452906,27.02
5644.873,-450595,31.10
5645.873,-449432,33.15
5646.873,-447631,36.33
5647.873,-445272,40.50
5648.873,-444049,42.66
5649.873,-441733,46.75
5650.873,-439767,50.22
5651.873,-437717,53.84
5652.873,-435392,57.94
5653.873,-434397,59.70
5654.873,-432319,63.37
5655.873,-430567,66.46
5656.873,-427878,71.21
5657.873,-426547,73.56
5658.873,-426030,74.47
5661.935,-423490,78.95
5662.935,-421537,82.40
5663.935,-420485,84.26
5664.935,-418744,87.33
5665.935,-416458,91.37
5666.935,-415514,93.04
5667.935,-414238,95.29
5668.935,-413336,96.88
5669.935,-412095,99.07
5670.935,-410374,102.11
5671.935,-409259,104.08
5672.935,-407980,106.34
5673.935,-406841,108.35
5674.935,-407053,107.98
5675.935,-406061,109.73
5676.935,-405453,110.80
5677.935,-404078,113.23
5678.935,-403117,114.92
5679.935,-402355,116.27
5680.935,-402524,115.97
5681.935,-400843,118.94
5682.935,-400694,119.20
5683.935,-399854,120.69
5684.935,-400659,119.26
5685.935,-400137,120.19
5686.935,-399430,121.43
5687.935,-400659,119.26
5688.935,-398849,122.46
5689.935,-400236,120.01
5690.935,-399979,120.46
5691.935,-400593,119.38
5692.935,-400419,119.69
5693.935,-399211,121.82
5694.935,-399388,121.51
5695.935,-401012,118.64
5696.935,-401561,117.67
5697.935,-401441,117.88
5698.935,-402734,115.60
5699.935,-402832,115.43
5700.935,-404279,112.87
5701.935,-404558,112.38
5702.935,-404223,112.97
5703.935,-405472,110.77
5704.935,-406606,108.76
5705.935,-408214,105.93
5706.935,-408436,105.53
5707.935,-409905,102.94
5708.935,-410591,101.73
5709.935,-411144,100.75
5710.935,-413156,97.20
5711.935,-414523,94.79
5712.935,-415728,92.66
5713.935,-416255,91.73
5714.935,-418289,88.14
5715.935,-420159,84.84
5716.935,-420627,84.01
5717.935,-423172,79.52
5718.935,-424542,77.10
5719.935,-426428,73.77
5720.935,-428184,70.67
5721.935,-429057,69.13
5722.935,-430893,65.88
5723.935,-433081,62.02
5724.935,-434655,59.24
5725.935,-436315,56.31
5726.935,-438318,52.78
5727.935,-439568,50.57
5728.935,-442318,45.71
5729.935,-443421,43.77
5730.935,-444734,41.45
5731.935,-447110,37.25
5732.935,-449204,33.56
5733.935,-450659,30.99
5734.935,-452672,27.43
5735.935,-453990,25.11
5736.935,-456090,21.40
5737.935,-458578,17.01
5738.935,-459458,15.45
5739.935,-461263,12.27
5740.935,-463074,9.07
5741.935,-465194,5.32
5742.935,-468086,0.22
5743.935,-470250,-3.60
5744.935,-471396,-5.63
5745.935,-473445,-9.24
5746.935,-475475,-12.83
5747.935,-477275,-16.00
5748.935,-479171,-19.35
5749.935,-481232,-22.99
5750.935,-483996,-27.87
5751.935,-486068,-31.53
5752.935,-487512,-34.08
5753.935,-488248,-35.38
5754.935,-491046,-40.32
5755.935,-492966,-43.71
5756.935,-495336,-47.89
5757.935,-496431,-49.83
5758.935,-499239,-54.78
5759.935,-501633,-59.01
5762.986,-502043,-59.73
5763.986,-503759,-62.76
5764.986,-505700,-66.19
5765.986,-506268,-67.19
5766.986,-509083,-72.16
5767.986,-509577,-73.04
5768.986,-512767,-78.67
5769.986,-512977,-79.04
5770.986,-515118,-82.82
5771.986,-515786,-84.00
5772.986,-517247,-86.58
5773.986,-518888,-89.47
5774.986,-520773,-92.80
5775.986,-520889,-93.01
5776.986,-522530,-95.90
5777.986,-524365,-99.14
5778.986,-525580,-101.29
5779.986,-526135,-102.27
5780.986,-527244,-104.23
5781.986,-527479,-104.64
5782.986,-529063,-107.44
5783.986,-528797,-106.97
5784.986,-530725,-110.37
5785.986,-531340,-111.46
5786.986,-532383,-113.30
5787.986,-532434,-113.39
5788.986,-533270,-114.87
5789.986,-534494,-117.03
5790.986,-534212,-116.53
5791.986,-534777,-117.53
5792.986,-534785,-117.54
5793.986,-535509,-118.82
5794.986,-535573,-118.93
5795.986,-535446,-118.71
5796.986,-535767,-119.27
5797.986,-536210,-120.06
5798.986,-536897,-121.27
5799.986,-535935,-119.57
5800.986,-536077,-119.82
5801.986,-535060,-118.03
5802.986,-535431,-118.68
5803.986,-535923,-119.55
5804.986,-535933,-119.57
5805.986,-534467,-116.98
5806.986,-534380,-116.83
5807.986,-534000,-116.16
5808.986,-533816,-115.83
5809.986,-532388,-113.31
5810.986,-530863,-110.62
5811.986,-531047,-110.94
5812.986,-529807,-108.75
5813.986,-528414,-106.29
5814.986,-528547,-106.53
5815.986,-527527,-104.73
5816.986,-526177,-102.34
5817.986,-525633,-101.38
5818.986,-524187,-98.83
5819.986,-522746,-96.29
5820.986,-521632,-94.32
5821.986,-519505,-90.56
5822.986,-518855,-89.42
5823.986,-516273,-84.86
5824.986,-516012,-84.40
5825.986,-513812,-80.51
5826.986,-512682,-78.52
5827.986,-510975,-75.50
5828.986,-509392,-72.71
5829.986,-507186,-68.81
5830.986,-505568,-65.96
5831.986,-502903,-61.25
5832.986,-501975,-59.61
5833.986,-498822,-54.05
5834.986,-498182,-52.92
5835.986,-496071,-49.19
5836.986,-493558,-44.75
5837.986,-491871,-41.77
5838.986,-488387,-35.62
5839.986,-487714,-34.44
5840.986,-485310,-30.19
5841.986,-484043,-27.95
5842.986,-481444,-23.37
5843.986,-479153,-19.32
5844.986,-476900,-15.34
5845.986,-474057,-10.32
5846.986,-472424,-7.44
5847.986,-470173,-3.47
5848.986,-468414,-0.36
5849.986,-466820,2.45
5850.986,-462338,10.37
5851.986,-462270,10.49
5852.986,-459162,15.97
5853.986,-457326,19.22
5854.986,-454798,23.68
5855.986,-453738,25.55
5856.986,-450699,30.92
5857.986,-449162,33.63
5858.986,-447277,36.96
5859.986,-444506,41.85
5860.986,-442886,44.71
5864.044,-441928,46.40
5865.044,-439191,51.23
5866.044,-437185,54.78
5867.044,-435092,58.47
5868.044,-432680,62.73
5869.044,-431216,65.31
5870.044,-429943,67.56
5871.044,-428506,70.10
5872.044,-426925,72.89
5873.044,-424579,77.03
5874.044,-423356,79.19
5875.044,-421457,82.54
5876.044,-420133,84.88
5877.044,-418262,88.19
5878.044,-417801,89.00
5879.044,-415396,93.25
5880.044,-414371,95.05
5881.044,-412637,98.12
5882.044,-411133,100.77
5883.044,-410558,101.79
5884.044,-408938,104.65
5885.044,-408022,106.26
5886.044,-408219,105.92
5887.044,-406916,108.22
5888.044,-405050,111.51
5889.044,-404942,111.70
5890.044,-404251,112.92
5891.044,-403551,114.16
5892.044,-402466,116.07
5893.044,-401870,117.13
5894.044,-400634,119.31
5895.044,-400801,119.01
5896.044,-399894,120.61
5897.044,-399928,120.55
5898.044,-400229,120.02
5899.044,-399883,120.63
5900.044,-398345,123.35
5901.044,-399354,121.57
5902.044,-399690,120.97
5903.044,-399232,121.78
5904.044,-399572,121.18
5905.044,-399906,120.59
5906.044,-400953,118.74
5907.044,-399696,120.96
5908.044,-400628,119.32
5909.044,-402185,116.57
5910.044,-400982,118.69
5911.044,-401886,117.10
5912.044,-403491,114.26
5913.044,-403774,113.76
5914.044,-404385,112.69
5915.044,-404967,111.66
5916.044,-405273,111.12
5917.044,-406532,108.89
5918.044,-407824,106.61
5919.044,-408383,105.63
5920.044,-411172,100.70
5921.044,-410221,102.38
5922.044,-411922,99.38
5923.044,-413562,96.48
5924.044,-414198,95.36
5925.044,-415149,93.68
5926.044,-416835,90.70
5927.044,-418122,88.43
5928.044,-419817,85.44
5929.044,-421834,81.88
5930.044,-421832,81.88
5931.044,-425068,76.17
5932.044,-426253,74.08
5933.044,-427645,71.62
5934.044,-429408,68.51
5935.044,-431521,64.78
5936.044,-432263,63.47
5937.044,-434425,59.65
5938.044,-435983,56.90
5939.044,-438331,52.75
5940.044,-440689,48.59
5941.044,-442253,45.83
5942.044,-443350,43.89
5943.044,-445573,39.97
5944.044,-446975,37.49
5945.044,-449217,33.53
5946.044,-450380,31.48
5947.044,-452304,28.08
5948.044,-453418,26.12
5949.044,-456550,20.59
5950.044,-457517,18.88
5951.044,-459768,14.90
5952.044,-462832,9.49
5953.044,-463146,8.94
5954.044,-466720,2.63
5955.044,-468349,-0.25
5956.044,-470133,-3.40
5957.044,-471834,-6.40
5958.044,-473268,-8.93
5959.044,-476304,-14.29
5960.044,-477416,-16.25
5961.044,-479042,-19.12
5962.044,-482630,-25.46
5965.095,-483483,-26.97
5966.095,-485282,-30.14
5967.095,-487707,-34.42
5968.095,-490048,-38.56
5969.095,-490413,-39.20
5970.095,-493675,-44.96
5971.095,-495030,-47.35
5972.095,-497004,-50.84
5973.095,-498606,-53.67
5974.095,-501635,-59.01
5975.095,-501401,-58.60
5976.095,-503372,-62.08
5977.095,-505759,-66.29
5978.095,-506849,-68.22
5979.095,-508481,-71.10
5980.095,-510290,-74.29
5981.095,-511631,-76.66
5982.095,-513642,-80.21
5983.095,-514519,-81.76
5984.095,-515360,-83.25
5985.095,-517292,-86.66
5986.095,-518622,-89.00
5987.095,-519890,-91.24
5988.095,-521651,-94.35
5989.095,-522939,-96.63
5990.095,-523690,-97.95
5991.095,-525029,-100.32
5992.095,-526000,-102.03
5993.095,-527546,-104.76
5994.095,-526917,-103.65
5995.095,-529188,-107.66
5996.095,-530343,-109.70
5997.095,-530237,-109.51
5998.095,-531598,-111.91
5999.095,-531918,-112.48
6000.095,-532700,-113.86
6001.095,-533020,-114.42
6002.095,-533796,-115.79
6003.095,-533829,-115.85
6004.095,-534669,-117.34
6005.095,-535011,-117.94
6006.095,-535248,-118.36
6007.095,-535194,-118.26
6008.095,-535867,-119.45
6009.095,-535722,-119.20
6010.095,-536070,-119.81
6011.095,-537130,-121.68
6012.095,-535684,-119.13
6013.095,-535534,-118.86
6014.095,-536778,-121.06
6015.095,-536052,-119.78
6016.095,-535474,-118.76
6017.095,-535636,-119.04
6018.095,-534047,-116.24
6019.095,-533808,-115.82
6020.095,-533236,-114.81
6021.095,-532744,-113.94
6022.095,-532129,-112.85
6023.095,-531155,-111.13
6024.095,-531277,-111.35
6025.095,-529881,-108.88
6026.095,-529695,-108.55
6027.095,-527589,-104.84
6028.095,-526973,-103.75
6029.095,-525727,-101.55
6030.095,-524169,-98.80
6031.095,-523552,-97.71
6032.095,-522783,-96.35
6033.095,-521420,-93.94
6034.095,-520643,-92.57
6035.095,-518621,-89.00
6036.095,-516505,-85.27
6037.095,-516289,-84.89
6038.095,-514129,-81.07
6039.095,-513153,-79.35
6040.095,-510732,-75.07
6041.095,-508265,-70.72
6042.095,-507028,-68.53
6043.095,-505044,-65.03
6044.095,-503268,-61.90
6045.095,-501120,-58.10
6046.095,-499768,-55.72
6047.095,-498097,-52.77
6048.095,-496555,-50.04
6049.095,-494782,-46.91
6050.095,-491163,-40.52
6051.095,-490327,-39.05
6052.095,-488363,-35.58
6053.095,-486509,-32.31
6054.095,-482810,-25.78
6055.095,-481050,-22.67
6056.095,-478910,-18.89
6057.095,-477254,-15.97
6058.095,-474065,-10.34
6059.095,-472479,-7.54
6060.095,-471273,-5.41
6061.095,-468536,-0.58
6062.095,-466499,3.02
6063.095,-463566,8.20
6066.135,-462074,10.83
6067.135,-461289,12.22
6068.135,-458315,17.47
6069.135,-455634,22.20
6070.135,-452688,27.40
6071.135,-452193,28.28
6072.135,-449131,33.68
6073.135,-447237,37.03
6074.135,-445450,40.18
6075.135,-443025,44.47
6076.135,-441377,47.37
6077.135,-439400,50.87
6078.135,-437675,53.91
6079.135,-435704,57.39
6080.135,-434066,60.28
6081.135,-432198,63.58
6082.135,-429756,67.89
6083.135,-429022,69.19
6084.135,-426449,73.73
6085.135,-426031,74.47
6086.135,-423268,79.35
6087.135,-422412,80.86
6088.135,-420375,84.45
6089.135,-419703,85.64
6090.135,-417690,89.19
6091.135,-416141,91.93
6092.135,-414415,94.98
6093.135,-413162,97.19
6094.135,-411665,99.83
6095.135,-410196,102.43
6096.135,-408989,104.56
6097.135,-407777,106.70
6098.135,-406796,108.43
6099.135,-406218,109.45
6100.135,-404990,111.62
6101.135,-403745,113.82
6102.135,-403760,113.79
6103.135,-403517,114.22
6104.135,-402372,116.24
6105.135,-401681,117.46
6106.135,-402163,116.61
6107.135,-400959,118.73
6108.135,-400882,118.87
6109.135,-400042,120.35
6110.135,-399750,120.87
6111.135,-399971,120.48
6112.135,-399470,121.36
6113.135,-399236,121.78
6114.135,-398942,122.30
6115.135,-399143,121.94
6116.135,-400055,120.33
6117.135,-399117,121.99
6118.135,-399683,120.99
6119.135,-401823,117.21
6120.135,-400062,120.32
6121.135,-401897,117.08
6122.135,-400909,118.82
6123.135,-402011,116.88
6124.135,-402809,115.47
6125.135,-403183,114.81
6126.135,-403913,113.52
6127.135,-404961,111.67
6128.135,-405386,110.92
6129.135,-406974,108.11
6130.135,-408175,105.99
6131.135,-409070,104.41
6132.135,-408945,104.63
6133.135,-410922,101.14
6134.135,-412711,97.99
6135.135,-413622,96.38
6136.135,-414827,94.25
6137.135,-416181,91.86
6138.135,-417590,89.37
6139.135,-418454,87.85
6140.135,-419698,85.65
6141.135,-421369,82.70
6142.135,-422863,80.06
6143.135,-424132,77.82
6144.135,-425627,75.18
6145.135,-427943,71.09
6146.135,-429524,68.30
6147.135,-431033,65.64
6148.135,-433166,61.87
6149.135,-434235,59.98
6150.135,-435853,57.13
6151.135,-438283,52.84
6152.135,-439590,50.53
6153.135,-441407,47.32
6154.135,-443222,44.12
6155.135,-445415,40.25
6156.135,-447066,37.33
6157.135,-449436,33.15
6158.135,-450670,30.97
6159.135,-452548,27.65
6160.135,-454238,24.67
6161.135,-457295,19.27
6162.135,-457710,18.54
6163.135,-460294,13.98
6164.135,-461943,11.06
6167.194,-465020,5.63
6168.194,-465558,4.68
6169.194,-467652,0.99
6170.194,-469941,-3.06
6171.194,-471545,-5.89
6172.194,-473478,-9.30
6173.194,-475199,-12.34
6174.194,-478241,-17.71
6175.194,-479823,-20.50
6176.194,-481831,-24.05
6177.194,-483617,-27.20
6178.194,-485794,-31.05
6179.194,-487602,-34.24
6180.194,-489592,-37.75
6181.194,-492022,-42.04
6182.194,-493448,-44.56
6183.194,-494608,-46.61
6184.194,-497355,-51.46
6185.194,-497939,-52.49
6186.194,-500023,-56.17
6187.194,-501902,-59.48
6188.194,-503502,-62.31
6189.194,-504954,-64.87
6190.194,-505665,-66.13
6191.194,-508091,-70.41
6192.194,-509748,-73.34
6193.194,-512085,-77.46
6194.194,-512522,-78.23
6195.194,-513971,-80.79
6196.194,-515364,-83.25
6197.194,-517537,-87.09
6198.194,-518671,-89.09
6199.194,-519608,-90.75
6200.194,-520467,-92.26
6201.194,-521828,-94.66
6202.194,-524693,-99.72
6203.194,-525486,-101.12
6204.194,-526217,-102.41
6205.194,-526752,-103.36
6206.194,-528212,-105.94
6207.194,-528743,-106.87
6208.194,-529560,-108.32
6209.194,-530484,-109.95
6210.194,-531168,-111.16
6211.194,-532007,-112.64
6212.194,-533427,-115.14
6213.194,-533538,-115.34
6214.194,-534331,-116.74
6215.194,-534266,-116.62
6216.194,-535002,-117.92
6217.194,-535014,-117.95
6218.194,-535440,-118.70
6219.194,-536452,-120.48
6220.194,-536789,-121.08
6221.194,-535808,-119.35
6222.194,-535984,-119.66
6223.194,-536580,-120.71
6224.194,-535674,-119.11
6225.194,-535588,-118.96
6226.194,-535534,-118.86
6227.194,-535204,-118.28
6228.194,-535944,-119.59
6229.194,-535292,-118.44
6230.194,-535566,-118.92
6231.194,-534372,-116.81
6232.194,-534254,-116.60
6233.194,-532816,-114.06
6234.194,-532121,-112.84
6235.194,-531499,-111.74
6236.194,-530991,-110.84
6237.194,-530322,-109.66
6238.194,-529492,-108.20
6239.194,-527081,-103.94
6240.194,-528090,-105.72
6241.194,-525470,-101.09
6242.194,-525299,-100.79
6243.194,-524953,-100.18
6244.194,-523540,-97.69
6245.194,-520686,-92.65
6246.194,-520721,-92.71
6247.194,-518793,-89.31
6248.194,-517160,-86.42
6249.194,-515205,-82.97
6250.194,-513590,-80.12
6251.194,-512336,-77.91
6252.194,-510936,-75.43
6253.194,-509627,-73.12
6254.194,-506334,-67.31
6255.194,-505995,-66.71
6256.194,-502250,-60.10
6257.194,-501903,-59.49
6258.194,-500062,-56.24
6259.194,-497797,-52.24
6260.194,-496285,-49.57
6261.194,-493718,-45.04
6262.194,-492211,-42.37
6263.194,-489422,-37.45
6264.194,-486959,-33.10
6265.194,-484670,-29.06
6268.244,-484130,-28.11
6269.244,-482402,-25.06
6270.244,-480312,-21.37
6271.244,-477110,-15.71
6272.244,-474716,-11.49
6273.244,-472837,-8.17
6274.244,-469605,-2.46
6275.244,-467844,0.65
6276.244,-466714,2.64
6277.244,-464225,7.04
6278.244,-461416,11.99
6279.244,-458661,16.86
6280.244,-458137,17.78
6281.244,-455063,23.21
6282.244,-452589,27.58
6283.244,-450999,30.39
6284.244,-449980,32.19
6285.244,-446238,38.79
6286.244,-445244,40.55
6287.244,-442612,45.19
6288.244,-441852,46.54
6289.244,-439198,51.22
6290.244,-437415,54.37
6291.244,-435699,57.40
6292.244,-433619,61.07
6293.244,-432031,63.88
6294.244,-430279,66.97
6295.244,-427743,71.45
6296.244,-426219,74.14
6297.244,-425602,75.23
6298.244,-424099,77.88
6299.244,-421302,82.82
6300.244,-419428,86.13
6301.244,-418522,87.73
6302.244,-417841,88.93
6303.244,-414600,94.65
6304.244,-414216,95.33
6305.244,-413833,96.00
6306.244,-411415,100.27
6307.244,-411040,100.94
6308.244,-409948,102.86
6309.244,-407891,106.50
6310.244,-406644,108.70
6311.244,-405868,110.07
6312.244,-405196,111.25
6313.244,-404789,111.97
6314.244,-404111,113.17
6315.244,-403135,114.89
6316.244,-403178,114.82
6317.244,-402295,116.38
6318.244,-401572,117.65
6319.244,-401270,118.19
6320.244,-400540,119.47
6321.244,-400770,119.07
6322.244,-399507,121.30
6323.244,-399771,120.83
6324.244,-399775,120.82
6325.244,-398852,122.45
6326.244,-399560,121.20
6327.244,-398516,123.05
6328.244,-398808,122.53
6329.244,-399229,121.79
6330.244,-400552,119.45
6331.244,-400767,119.07
6332.244,-400828,118.97
6333.244,-401161,118.38
6334.244,-401312,118.11
6335.244,-402725,115.62
6336.244,-403174,114.82
6337.244,-404065,113.25
6338.244,-404627,112.26
6339.244,-405811,110.17
6340.244,-405669,110.42
6341.244,-406572,108.82
6342.244,-407015,108.04
6343.244,-408923,104.67
6344.244,-409695,103.31
6345.244,-411472,100.17
6346.244,-411800,99.59
6347.244,-413593,96.43
6348.244,-413763,96.13
6349.244,-415555,92.96
6350.244,-417096,90.24
6351.244,-419523,85.96
6352.244,-420563,84.12
6353.244,-421620,82.26
6354.244,-422581,80.56
6355.244,-424497,77.18
6356.244,-426435,73.76
6357.244,-427633,71.64
6358.244,-429665,68.05
6359.244,-431390,65.01
6360.244,-432985,62.19
6361.244,-433850,60.66
6362.244,-435837,57.16
6363.244,-437433,54.34
6364.244,-439054,51.48
6365.244,-441047,47.96
6366.244,-443471,43.68
6369.325,-444707,41.50
6370.325,-446204,38.85
6371.325,-448330,35.10
6372.325,-449991,32.17
6373.325,-452228,28.22
6374.325,-453555,25.87
6375.325,-456308,21.01
6376.325,-458085,17.88
6377.325,-459037,16.20
6378.325,-460701,13.26
6379.325,-463134,8.96
6380.325,-465365,5.02
6381.325,-467834,0.66
6382.325,-469660,-2.56
6383.325,-471625,-6.03
6384.325,-473650,-9.60
6385.325,-475761,-13.33
6386.325,-477532,-16.46
6387.325,-479123,-19.27
6388.325,-481680,-23.78
6389.325,-482961,-26.04
6390.325,-484726,-29.16
6391.325,-486578,-32.43
6392.325,-489640,-37.84
6393.325,-491044,-40.31
6394.325,-493318,-44.33
6395.325,-494076,-45.67
6396.325,-495976,-49.02
6397.325,-498483,-53.45
6398.325,-499915,-55.98
6399.325,-501480,-58.74
6400.325,-503172,-61.73
6401.325,-504882,-64.75
6402.325,-506302,-67.25
6403.325,-509270,-72.49
6404.325,-510305,-74.32
6405.325,-512139,-77.56
6406.325,-512010,-77.33
6407.325,-514049,-80.93
6408.325,-516549,-85.34
6409.325,-516501,-85.26
6410.325,-519819,-91.12
6411.325,-519322,-90.24
6412.325,-520798,-92.85
6413.325,-522788,-96.36
6414.325,-523063,-96.85
6415.325,-525189,-100.60
6416.325,-525969,-101.98
6417.325,-526743,-103.34
6418.325,-528334,-106.15
6419.325,-528911,-107.17
6420.325,-529600,-108.39
6421.325,-529950,-109.00
6422.325,-529897,-108.91
6423.325,-531767,-112.21
6424.325,-533087,-114.54
6425.325,-533121,-114.60
6426.325,-533801,-115.80
6427.325,-534479,-117.00
6428.325,-534383,-116.83
6429.325,-535220,-118.31
6430.325,-534341,-116.76
6431.325,-535155,-118.19
6432.325,-536458,-120.49
6433.325,-536174,-119.99
6434.325,-536114,-119.89
6435.325,-536038,-119.75
6436.325,-535922,-119.55
6437.325,-536128,-119.91
6438.325,-536718,-120.95
6439.325,-534917,-117.77
6440.325,-536164,-119.98
6441.325,-534973,-117.87
6442.325,-534534,-117.10
6443.325,-534031,-116.21
6444.325,-534046,-116.24
6445.325,-532361,-113.26
6446.325,-532044,-112.70
6447.325,-531640,-111.99
6448.325,-531098,-111.03
6449.325,-529677,-108.52
6450.325,-530435,-109.86
6451.325,-528697,-106.79
6452.325,-526961,-103.73
6453.325,-527005,-103.81
6454.325,-524947,-100.17
6455.325,-523114,-96.94
6456.325,-522873,-96.51
6457.325,-521555,-94.18
6458.325,-520547,-92.40
6459.325,-519252,-90.12
6460.325,-517477,-86.98
6461.325,-515813,-84.05
6462.325,-514309,-81.39
6463.325,-511860,-77.07
6464.325,-511398,-76.25
6465.325,-508514,-71.16
6466.325,-507004,-68.49
6467.325,-505545,-65.92
6470.381,-503545,-62.39
6471.381,-502680,-60.86
6472.381,-499710,-55.61
6473.381,-498369,-53.25
6474.381,-496119,-49.27
6475.381,-495690,-48.52
6476.381,-493183,-44.09
6477.381,-490044,-38.55
6478.381,-488241,-35.37
6479.381,-485325,-30.22
6480.381,-484062,-27.99
6481.381,-481321,-23.15
6482.381,-479174,-19.36
6483.381,-476659,-14.92
6484.381,-475748,-13.31
6485.381,-472977,-8.42
6486.381,-470587,-4.20
6487.381,-467945,0.47
6488.381,-466933,2.25
6489.381,-463803,7.78
6490.381,-462404,10.25
6491.381,-459203,15.90
6492.381,-457226,19.39
6493.381,-455871,21.78
6494.381,-454252,24.64
6495.381,-452021,28.58
6496.381,-450025,32.11
6497.381,-447609,36.37
6498.381,-445788,39.59
6499.381,-443920,42.88
6500.381,-441016,48.01
6501.381,-440390,49.12
6502.381,-437869,53.57
6503.381,-435795,57.23
6504.381,-434039,60.33
6505.381,-432293,63.41
6506.381,-430439,66.69
6507.381,-429355,68.60
6508.381,-427152,72.49
6509.381,-425546,75.32
6510.381,-423291,79.31
6511.381,-421492,82.48
6512.381,-420397,84.42
6513.381,-419985,85.14
6514.381,-417438,89.64
6515.381,-414977,93.98
6516.381,-414687,94.50
6517.381,-413064,97.36
6518.381,-410713,101.51
6519.381,-410694,101.55
6520.381,-409702,103.30
6521.381,-408643,105.17
6522.381,-407669,106.89
6523.381,-406578,108.81
6524.381,-405427,110.85
6525.381,-404253,112.92
6526.381,-403817,113.69
6527.381,-402725,115.62
6528.381,-402285,116.39
6529.381,-402330,116.31
6530.381,-402365,116.25
6531.381,-400560,119.44
6532.381,-400548,119.46
6533.381,-400383,119.75
6534.381,-400871,118.89
6535.381,-399926,120.56
6536.381,-400608,119.35
6537.381,-399377,121.53
6538.381,-400085,120.28
6539.381,-399663,121.02
6540.381,-400472,119.59
6541.381,-400261,119.97
6542.381,-399663,121.02
6543.381,-399785,120.81
6544.381,-400156,120.15
6545.381,-401417,117.93
6546.381,-401942,117.00
6547.381,-403308,114.59
6548.381,-403166,114.84
6549.381,-403592,114.09
6550.381,-404577,112.35
6551.381,-404997,111.60
6552.381,-405843,110.11
6553.381,-406821,108.38
6554.381,-407985,106.33
6555.381,-408486,105.45
6556.381,-410080,102.63
6557.381,-411026,100.96
6558.381,-410740,101.47
6559.381,-412833,97.77
6560.381,-414271,95.23
6561.381,-416105,91.99
6562.381,-417059,90.31
6563.381,-418739,87.34
6564.381,-419432,86.12
6565.381,-421568,82.35
6566.381,-421635,82.23
6567.381,-424431,77.29
6568.381,-425661,75.12
6571.432,-427606,71.69
6572.432,-428800,69.58
6573.432,-430332,66.88
6574.432,-432113,63.73
6575.432,-433783,60.78
6576.432,-435976,56.91
6577.432,-437031,55.05
6578.432,-439856,50.06
6579.432,-441517,47.13
6580.432,-442117,46.07
6581.432,-444783,41.36
6582.432,-446194,38.87
6583.432,-448320,35.12
6584.432,-449964,32.21
6585.432,-452160,28.34
6586.432,-453394,26.16
6587.432,-455618,22.23
6588.432,-457805,18.37
6589.432,-459736,14.96
6590.432,-461432,11.97
6591.432,-463218,8.81
6592.432,-465975,3.95
6593.432,-467189,1.80
6594.432,-469220,-1.78
6595.432,-470271,-3.64
6596.432,-473526,-9.39
6597.432,-474419,-10.96
6598.432,-477017,-15.55
6599.432,-478991,-19.03
6600.432,-480790,-22.21
6601.432,-483153,-26.38
6602.432,-485103,-29.83
6603.432,-486419,-32.15
6604.432,-489374,-37.37
6605.432,-491312,-40.79
6606.432,-493789,-45.16
6607.432,-494687,-46.75
6608.432,-496829,-50.53
6609.432,-498783,-53.98
6610.432,-499376,-55.02
6611.432,-501622,-58.99
6612.432,-502199,-60.01
6613.432,-504708,-64.44
6614.432,-506453,-67.52
6615.432,-507595,-69.54
6616.432,-510334,-74.37
6617.432,-511868,-77.08
6618.432,-512923,-78.94
6619.432,-514028,-80.89
6620.432,-515547,-83.58
6621.432,-517596,-87.19
6622.432,-517954,-87.83
6623.432,-519714,-90.93
6624.432,-520316,-92.00
6625.432,-522461,-95.78
6626.432,-523437,-97.51
6627.432,-524887,-100.07
6628.432,-525781,-101.64
6629.432,-526625,-103.13
6630.432,-528344,-106.17
6631.432,-528332,-106.15
6632.432,-529499,-108.21
6633.432,-531264,-111.32
6634.432,-530977,-110.82
6635.432,-532243,-113.05
6636.432,-532612,-113.70
6637.432,-533768,-115.75
6638.432,-533265,-114.86
6639.432,-535053,-118.01
6640.432,-533632,-115.51
6641.432,-535014,-117.95
6642.432,-536051,-119.78
6643.432,-535658,-119.08
6644.432,-535879,-119.47
6645.432,-536878,-121.24
6646.432,-535814,-119.36
6647.432,-536661,-120.85
6648.432,-536460,-120.50
6649.432,-536686,-120.90
6650.432,-535430,-118.68
6651.432,-535689,-119.14
6652.432,-536520,-120.60
6653.432,-535098,-118.09
6654.432,-534842,-117.64
6655.432,-534262,-116.62
6656.432,-532986,-114.36
6657.432,-533070,-114.51
6658.432,-532006,-112.63
6659.432,-531478,-111.70
6660.432,-530803,-110.51
6661.432,-530030,-109.15
6662.432,-529865,-108.85
6663.432,-528070,-105.69
6664.432,-527383,-104.47
6665.432,-525942,-101.93
6666.432,-525669,-101.45
6667.432,-524135,-98.74
6668.432,-523263,-97.20
6669.432,-520617,-92.53
6672.489,-519761,-91.02
6673.489,-519491,-90.54
6674.489,-517808,-87.57
6675.489,-515343,-83.22
6676.489,-514211,-81.22
6677.489,-513371,-79.73
6678.489,-511445,-76.33
6679.489,-508975,-71.97
6680.489,-507846,-69.98
6681.489,-505490,-65.82
6682.489,-504536,-64.14
6683.489,-501614,-58.98
6684.489,-499615,-55.45
6685.489,-496733,-50.36
6686.489,-495978,-49.03
6687.489,-495460,-48.11
6688.489,-492150,-42.27
6689.489,-490477,-39.31
6690.489,-487736,-34.47
6691.489,-485678,-30.84
6692.489,-482903,-25.94
6693.489,-481420,-23.32
6694.489,-478720,-18.56
6695.489,-477496,-16.39
6696.489,-475204,-12.35
6697.489,-472778,-8.07
6698.489,-470845,-4.65
6699.489,-469441,-2.17
6700.489,-467116,1.93
6701.489,-464536,6.49
6702.489,-461956,11.04
6703.489,-460149,14.23
6704.489,-457027,19.74
6705.489,-456393,20.86
6706.489,-453636,25.73
6707.489,-451085,30.23
6708.489,-449199,33.56
6709.489,-447908,35.84
6710.489,-445370,40.32
6711.489,-443796,43.10
6712.489,-441618,46.95
6713.489,-439373,50.91
6714.489,-437454,54.30
6715.489,-436706,55.62
6716.489,-433831,60.70
6717.489,-433074,62.03
6718.489,-430372,66.80
6719.489,-428759,69.65
6720.489,-427017,72.73
6721.489,-425783,74.91
6722.489,-424605,76.99
6723.489,-421665,82.18
6724.489,-420711,83.86
6725.489,-419652,85.73
6726.489,-417166,90.12
6727.489,-415413,93.22
6728.489,-413962,95.78
6729.489,-413956,95.79
6730.489,-412237,98.82
6731.489,-410350,102.15
6732.489,-409900,102.95
6733.489,-408413,105.57
6734.489,-407521,107.15
6735.489,-406664,108.66
6736.489,-405395,110.90
6737.489,-404183,113.04
6738.489,-404415,112.63
6739.489,-403093,114.97
6740.489,-402434,116.13
6741.489,-402341,116.29
6742.489,-401487,117.80
6743.489,-401573,117.65
6744.489,-400711,119.17
6745.489,-400559,119.44
6746.489,-400219,120.04
6747.489,-400061,120.32
6748.489,-399498,121.31
6749.489,-399232,121.78
6750.489,-399822,120.74
6751.489,-399621,121.10
6752.489,-399221,121.80
6753.489,-400911,118.82
6754.489,-399914,120.58
6755.489,-400411,119.70
6756.489,-399871,120.66
6757.489,-401846,117.17
6758.489,-401279,118.17
6759.489,-403046,115.05
6760.489,-402084,116.75
6761.489,-402414,116.17
6762.489,-403832,113.66
6763.489,-404749,112.04
6764.489,-405352,110.98
6765.489,-406601,108.77
6766.489,-407955,106.38
6767.489,-409226,104.14
6768.489,-410331,102.19
6769.489,-410080,102.63
6770.489,-411478,100.16
6773.503,-413216,97.09
6774.503,-414664,94.54
6775.503,-415626,92.84
6776.503,-416615,91.09
6777.503,-418279,88.16
6778.503,-419402,86.17
6779.503,-421134,83.11
6780.503,-421937,81.70
6781.503,-424140,77.81
6782.503,-425230,75.88
6783.503,-425961,74.59
6784.503,-429727,67.94
6785.503,-430040,67.39
6786.503,-431868,64.16
6787.503,-434592,59.35
6788.503,-435318,58.07
6789.503,-436984,55.13
6790.503,-438759,52.00
6791.503,-440535,48.86
6792.503,-442502,45.39
6793.503,-444687,41.53
6794.503,-446250,38.77
6795.503,-448301,35.15
6796.503,-449610,32.84
6797.503,-452165,28.33
6798.503,-454338,24.49
6799.503,-455764,21.97
6800.503,-457249,19.35
6801.503,-459005,16.25
6802.503,-461720,11.46
6803.503,-463193,8.86
6804.503,-466124,3.68
6805.503,-467082,1.99
6806.503,-469613,-2.48
6807.503,-470051,-3.25
6808.503,-472433,-7.46
6809.503,-475035,-12.05
6810.503,-476611,-14.83
6811.503,-478690,-18.50
6812.503,-480796,-22.22
6813.503,-482888,-25.91
6814.503,-485322,-30.21
6815.503,-486213,-31.79
6816.503,-489176,-37.02
6817.503,-490707,-39.72
6818.503,-491891,-41.81
6819.503,-493513,-44.67
6820.503,-496617,-50.15
6821.503,-498577,-53.61
6822.503,-498554,-53.57
6823.503,-500459,-56.94
6824.503,-502491,-60.52
6825.503,-505148,-65.22
6826.503,-506288,-67.23
6827.503,-508820,-71.70
6828.503,-510162,-74.07
6829.503,-511675,-76.74
6830.503,-513000,-79.08
6831.503,-514624,-81.95
6832.503,-515469,-83.44
6833.503,-516942,-86.04
6834.503,-517503,-87.03
6835.503,-520793,-92.84
6836.503,-520994,-93.19
6837.503,-522661,-96.14
6838.503,-523303,-97.27
6839.503,-523963,-98.43
6840.503,-525190,-100.60
6841.503,-526309,-102.58
6842.503,-526920,-103.66
6843.503,-528952,-107.24
6844.503,-529870,-108.86
6845.503,-530500,-109.98
6846.503,-531199,-111.21
6847.503,-531190,-111.19
6848.503,-531328,-111.44
6849.503,-533409,-115.11
6850.503,-533916,-116.01
6851.503,-533807,-115.81
6852.503,-534743,-117.47
6853.503,-534298,-116.68
6854.503,-534412,-116.88
6855.503,-534381,-116.83
6856.503,-536453,-120.49
6857.503,-535833,-119.39
6858.503,-536278,-120.18
6859.503,-536357,-120.32
6860.503,-535785,-119.31
6861.503,-536484,-120.54
6862.503,-536550,-120.66
6863.503,-535824,-119.38
6864.503,-535757,-119.26
6865.503,-535050,-118.01
6866.503,-534357,-116.79
6867.503,-534406,-116.87
6868.503,-533715,-115.65
6869.503,-533766,-115.74
6870.503,-532228,-113.03
6871.503,-531142,-111.11
6874.587,-531489,-111.72
6875.587,-530206,-109.46
6876.587,-529301,-107.86
6877.587,-529034,-107.39
6878.587,-527835,-105.27
6879.587,-526395,-102.73
6880.587,-525698,-101.50
6881.587,-523881,-98.29
6882.587,-523469,-97.56
6883.587,-521575,-94.22
6884.587,-520175,-91.75
6885.587,-518957,-89.60
6886.587,-518037,-87.97
6887.587,-515525,-83.54
6888.587,-514479,-81.69
6889.587,-514096,-81.01
6890.587,-511825,-77.00
6891.587,-509702,-73.26
6892.587,-509333,-72.60
6893.587,-506009,-66.74
6894.587,-505116,-65.16
6895.587,-502035,-59.72
6896.587,-500140,-56.37
6897.587,-497676,-52.02
6898.587,-495750,-48.62
6899.587,-495563,-48.29
6900.587,-492314,-42.56
6901.587,-490726,-39.75
6902.587,-488115,-35.14
6903.587,-486314,-31.96
6904.587,-483744,-27.43
6905.587,-481829,-24.05
6906.587,-479826,-20.51
6907.587,-477689,-16.74
6908.587,-475326,-12.56
6909.587,-473220,-8.85
6910.587,-471486,-5.78
6911.587,-469524,-2.32
6912.587,-466982,2.17
6913.587,-464104,7.25
6914.587,-462762,9.62
6915.587,-460595,13.44
6916.587,-458195,17.68
6917.587,-455755,21.99
6918.587,-454596,24.04
6919.587,-452237,28.20
6920.587,-450726,30.87
6921.587,-448450,34.89
6922.587,-446498,38.33
6923.587,-443807,43.08
6924.587,-442589,45.23
6925.587,-439373,50.91
6926.587,-438373,52.68
6927.587,-436326,56.29
6928.587,-434731,59.11
6929.587,-432655,62.77
6930.587,-431293,65.18
6931.587,-428589,69.95
6932.587,-427149,72.49
6933.587,-426151,74.26
6934.587,-423788,78.43
6935.587,-422074,81.45
6936.587,-420341,84.51
6937.587,-419531,85.94
6938.587,-417803,89.00
6939.587,-416434,91.41
6940.587,-414950,94.03
6941.587,-413467,96.65
6942.587,-412147,98.98
6943.587,-409816,103.10
6944.587,-409212,104.16
6945.587,-408507,105.41
6946.587,-407606,107.00
6947.587,-406466,109.01
6948.587,-405401,110.89
6949.587,-405155,111.33
6950.587,-403358,114.50
6951.587,-403416,114.40
6952.587,-402617,115.81
6953.587,-403024,115.09
6954.587,-401777,117.29
6955.587,-401322,118.09
6956.587,-399551,121.22
6957.587,-400381,119.75
6958.587,-400471,119.60
6959.587,-399685,120.98
6960.587,-399310,121.65
6961.587,-399181,121.87
6962.587,-399366,121.55
6963.587,-399575,121.18
6964.587,-399463,121.38
6965.587,-399134,121.96
6966.587,-400492,119.56
6967.587,-400805,119.01
6968.587,-401424,117.91
6969.587,-400843,118.94
6970.587,-401887,117.10
6971.587,-401444,117.88
6972.587,-402331,116.31
6973.587,-402902,115.30
6976.625,-405101,111.42
6977.625,-405446,110.81
6978.625,-405118,111.39
6979.625,-407066,107.95
6980.625,-407833,106.60
6981.625,-408534,105.36
6982.625,-409427,103.78
6983.625,-410607,101.70
6984.625,-412697,98.01
6985.625,-412768,97.88
6986.625,-414338,95.11
6987.625,-414748,94.39
6988.625,-416544,91.22
6989.625,-417205,90.05
6990.625,-419386,86.20
6991.625,-420922,83.49
6992.625,-421772,81.99
6993.625,-423506,78.93
6994.625,-425425,75.54
6995.625,-427383,72.08
6996.625,-428852,69.49
6997.625,-430347,66.85
6998.625,-431937,64.04
6999.625,-433318,61.60
7000.625,-435050,58.55
7001.625,-437330,54.52
7002.625,-438288,52.83
7003.625,-441525,47.11
7004.625,-442031,46.22
7005.625,-444380,42.07
7006.625,-446513,38.31
7007.625,-447655,36.29
7008.625,-448722,34.41
7009.625,-452578,27.60
7010.625,-452955,26.93
7011.625,-455425,22.57
7012.625,-456722,20.28
7013.625,-459427,15.51
7014.625,-461183,12.41
7015.625,-462700,9.73
7016.625,-464920,5.81
7017.625,-466657,2.74
7018.625,-468740,-0.94
7019.625,-470258,-3.62
7020.625,-473151,-8.72
7021.625,-474898,-11.81
7022.625,-476575,-14.77
7023.625,-478390,-17.97
7024.625,-480537,-21.76
7025.625,-481705,-23.83
7026.625,-483862,-27.63
7027.625,-485316,-30.20
7028.625,-487757,-34.51
7029.625,-489445,-37.49
7030.625,-492331,-42.59
7031.625,-493202,-44.12
7032.625,-494955,-47.22
7033.625,-498403,-53.31
7034.625,-498772,-53.96
7035.625,-500486,-56.98
7036.625,-502753,-60.99
7037.625,-504212,-63.56
7038.625,-505479,-65.80
7039.625,-507521,-69.41
7040.625,-509227,-72.42
7041.625,-509674,-73.21
7042.625,-512880,-78.87
7043.625,-513597,-80.13
7044.625,-514226,-81.24
7045.625,-516418,-85.11
7046.625,-518257,-88.36
7047.625,-520019,-91.47
7048.625,-520272,-91.92
7049.625,-521667,-94.38
7050.625,-522331,-95.55
7051.625,-524847,-100.00
7052.625,-524212,-98.87
7053.625,-526478,-102.87
7054.625,-527654,-104.95
7055.625,-528357,-106.19
7056.625,-529084,-107.48
7057.625,-529922,-108.96
7058.625,-530044,-109.17
7059.625,-530638,-110.22
7060.625,-532058,-112.73
7061.625,-533382,-115.06
7062.625,-532871,-114.16
7063.625,-533985,-116.13
7064.625,-535149,-118.18
7065.625,-534423,-116.90
7066.625,-535006,-117.93
7067.625,-535568,-118.92
7068.625,-536308,-120.23
7069.625,-535824,-119.38
7070.625,-535816,-119.36
7071.625,-536525,-120.61
7072.625,-536488,-120.55
7073.625,-536562,-120.68
7074.625,-536102,-119.87
7075.625,-536198,-120.04
7078.700,-536395,-120.38
7079.700,-534696,-117.38
7080.700,-535362,-118.56
7081.700,-534693,-117.38
7082.700,-534869,-117.69
7083.700,-533679,-115.59
7084.700,-532667,-113.80
7085.700,-531400,-111.56
7086.700,-530770,-110.45
7087.700,-530925,-110.73
7088.700,-529380,-108.00
7089.700,-529602,-108.39
7090.700,-528396,-106.26
7091.700,-526055,-102.13
7092.700,-524401,-99.21
7093.700,-523924,-98.37
7094.700,-523554,-97.71
7095.700,-521756,-94.54
7096.700,-520558,-92.42
7097.700,-518179,-88.22
7098.700,-518116,-88.11
7099.700,-517138,-86.38
7100.700,-514926,-82.48
7101.700,-514034,-80.90
7102.700,-512068,-77.43
7103.700,-510982,-75.52
7104.700,-508898,-71.84
7105.700,-507179,-68.80
7106.700,-505409,-65.68
7107.700,-502518,-60.57
7108.700,-499805,-55.78
7109.700,-499327,-54.94
7110.700,-497299,-51.36
7111.700,-495158,-47.58
7112.700,-492322,-42.57
7113.700,-491064,-40.35
7114.700,-488278,-35.43
7115.700,-487098,-33.35
7116.700,-484040,-27.95
7117.700,-482466,-25.17
7118.700,-480376,-21.48
7119.700,-478468,-18.11
7120.700,-477207,-15.88
7121.700,-473463,-9.27
7122.700,-471938,-6.58
7123.700,-469306,-1.94
7124.700,-466511,3.00
7125.700,-465944,4.00
7126.700,-463504,8.31
7127.700,-460419,13.76
7128.700,-458184,17.70
7129.700,-456725,20.28
7130.700,-454078,24.95
7131.700,-452391,27.93
7132.700,-450614,31.07
7133.700,-448227,35.28
7134.700,-445706,39.73
7135.700,-444090,42.58
7136.700,-442897,44.69
7137.700,-441251,47.60
7138.700,-437811,53.67
7139.700,-436421,56.12
7140.700,-435325,58.06
7141.700,-433057,62.06
7142.700,-431379,65.03
7143.700,-429942,67.56
7144.700,-427989,71.01
7145.700,-425848,74.79
7146.700,-424052,77.96
7147.700,-422804,80.17
7148.700,-421897,81.77
7149.700,-419159,86.60
7150.700,-418505,87.76
7151.700,-417146,90.16
7152.700,-414254,95.26
7153.700,-414953,94.03
7154.700,-414514,94.80
7155.700,-411469,100.18
7156.700,-411032,100.95
7157.700,-409940,102.88
7158.700,-406922,108.21
7159.700,-407799,106.66
7160.700,-406162,109.55
7161.700,-405687,110.39
7162.700,-403755,113.80
7163.700,-403385,114.45
7164.700,-402722,115.62
7165.700,-402002,116.89
7166.700,-401028,118.61
7167.700,-401465,117.84
7168.700,-401747,117.34
7169.700,-400465,119.61
7170.700,-401365,118.02
7171.700,-399507,121.30
7172.700,-400023,120.39
7173.700,-399331,121.61
7174.700,-399434,121.43
7175.700,-399609,121.12
7176.700,-399747,120.87
7179.787,-399695,120.97
7180.787,-399409,121.47
7181.787,-400388,119.74
7182.787,-400696,119.20
7183.787,-400656,119.27
7184.787,-401989,116.92
7185.787,-402192,116.56
7186.787,-401839,117.18
7187.787,-402502,116.01
7188.787,-403988,113.39
7189.787,-403561,114.14
7190.787,-405298,111.07
7191.787,-406476,108.99
7192.787,-406992,108.08
7193.787,-407549,107.10
7194.787,-408784,104.92
7195.787,-410404,102.06
7196.787,-411008,100.99
7197.787,-413894,95.90
7198.787,-414260,95.25
7199.787,-415129,93.72
7200.787,-416756,90.84
7201.787,-416757,90.84
7202.787,-419123,86.66
7203.787,-420053,85.02
7204.787,-422182,81.26
7205.787,-422720,80.31
7206.787,-426571,73.52
7207.787,-426278,74.03
7208.787,-429133,68.99
7209.787,-430601,66.40
7210.787,-431307,65.15
7211.787,-433310,61.62
7212.787,-434949,58.72
7213.787,-436243,56.44
7214.787,-438374,52.68
7215.787,-439358,50.94
7216.787,-442024,46.23
7217.787,-443268,44.04
7218.787,-445285,40.47
7219.787,-447300,36.92
7220.787,-449234,33.50
7221.787,-450786,30.76
7222.787,-452308,28.08
7223.787,-455238,22.90
7224.787,-455812,21.89
7225.787,-459896,14.68
7226.787,-460150,14.23
7227.787,-462598,9.91
7228.787,-464004,7.43
7229.787,-466382,3.23
7230.787,-468226,-0.03
7231.787,-470326,-3.74
7232.787,-472517,-7.60
7233.787,-474241,-10.65
7234.787,-476188,-14.09
7235.787,-478765,-18.64
7236.787,-479709,-20.30
7237.787,-482006,-24.36
7238.787,-484075,-28.01
7239.787,-486021,-31.45
7240.787,-487364,-33.82
7241.787,-490330,-39.05
7242.787,-492155,-42.28
7243.787,-493675,-44.96
7244.787,-495408,-48.02
7245.787,-497174,-51.14
7246.787,-499460,-55.17
7247.787,-500685,-57.34
7248.787,-502816,-61.10
7249.787,-504129,-63.42
7250.787,-505392,-65.65
7251.787,-507112,-68.68
7252.787,-508584,-71.28
7253.787,-510548,-74.75
7254.787,-512003,-77.32
7255.787,-513105,-79.26
7256.787,-514985,-82.58
7257.787,-516173,-84.68
7258.787,-517779,-87.52
7259.787,-518798,-89.32
7260.787,-521449,-94.00
7261.787,-521684,-94.41
7262.787,-522561,-95.96
7263.787,-524019,-98.53
7264.787,-525624,-101.37
7265.787,-526056,-102.13
7266.787,-527552,-104.77
7267.787,-528173,-105.87
7268.787,-528656,-106.72
7269.787,-529399,-108.03
7270.787,-530197,-109.44
7271.787,-531156,-111.13
7272.787,-531803,-112.28
7273.787,-533428,-115.15
7274.787,-532810,-114.05
7275.787,-534036,-116.22
7276.787,-534665,-117.33
7277.787,-535439,-118.70
7280.787,-535995,-119.68
7281.787,-533025,-114.43
7282.787,-535983,-119.66
7283.787,-535487,-118.78
7284.787,-536883,-121.25
7285.787,-536008,-119.70
7286.787,-535755,-119.25
7287.787,-536314,-120.24
7288.787,-535587,-118.96
7289.787,-535140,-118.17
7290.787,-534840,-117.64
7291.787,-534440,-116.93
7292.787,-535276,-118.41
7293.787,-534368,-116.80
7294.787,-534357,-116.79
7295.787,-533354,-115.01
7296.787,-532993,-114.38
7297.787,-532801,-114.04
7298.787,-531387,-111.54
7299.787,-531177,-111.17
7300.787,-529432,-108.09
7301.787,-529195,-107.67
7302.787,-527586,-104.83
7303.787,-527769,-105.15
7304.787,-524723,-99.78
7305.787,-525051,-100.36
7306.787,-523261,-97.19
7307.787,-522761,-96.31
7308.787,-521210,-93.57
7309.787,-519380,-90.34
7310.787,-518861,-89.43
7311.787,-516720,-85.65
7312.787,-514806,-82.27
7313.787,-514196,-81.19
7314.787,-513255,-79.53
7315.787,-509861,-73.54
7316.787,-509585,-73.05
7317.787,-506555,-67.70
7318.787,-505349,-65.57
7319.787,-504343,-63.79
7320.787,-502137,-59.90
7321.787,-500127,-56.35
7322.787,-497929,-52.47
7323.787,-495521,-48.22
7324.787,-493634,-44.89
7325.787,-491829,-41.70
7326.787,-489831,-38.17
7327.787,-487299,-33.70
7328.787,-485077,-29.78
7329.787,-483134,-26.35
7330.787,-481173,-22.89
7331.787,-478481,-18.13
7332.787,-477077,-15.66
7333.787,-474408,-10.94
7334.787,-472050,-6.78
7335.787,-470222,-3.55
7336.787,-467387,1.45
7337.787,-465813,4.23
7338.787,-463978,7.47
7339.787,-461742,11.42
7340.787,-459135,16.02
7341.787,-457438,19.02
7342.787,-454716,23.82
7343.787,-452911,27.01
7344.787,-452018,28.59
7345.787,-449180,33.60
7346.787,-447990,35.70
7347.787,-444225,42.35
7348.787,-443546,43.55
7349.787,-440330,49.22
7350.787,-439561,50.58
7351.787,-436834,55.40
7352.787,-436062,56.76
7353.787,-433790,60.77
7354.787,-431432,64.93
7355.787,-430767,66.11
7356.787,-428094,70.83
7357.787,-425946,74.62
7358.787,-424315,77.50
7359.787,-422574,80.57
7360.787,-421000,83.35
7361.787,-419823,85.43
7362.787,-417889,88.84
7363.787,-416558,91.19
7364.787,-416042,92.10
7365.787,-414610,94.63
7366.787,-412978,97.51
7367.787,-411553,100.03
7368.787,-410041,102.70
7369.787,-408242,105.88
7370.787,-407853,106.56
7371.787,-407503,107.18
7372.787,-405895,110.02
7373.787,-404847,111.87
7374.787,-404600,112.31
7375.787,-404117,113.16
7376.787,-403525,114.20
7377.787,-402330,116.31
7378.787,-401174,118.35
7381.849,-402001,116.89
7382.849,-401254,118.21
7383.849,-401015,118.64
7384.849,-401748,117.34
7385.849,-400358,119.80
7386.849,-400538,119.48
7387.849,-399109,122.00
7388.849,-399288,121.68
7389.849,-398934,122.31
7390.849,-399804,120.77
7391.849,-399808,120.77
7392.849,-399854,120.69
7393.849,-399489,121.33
7394.849,-401764,117.31
7395.849,-400565,119.43
7396.849,-401027,118.61
7397.849,-401293,118.14
7398.849,-402796,115.49
7399.849,-402467,116.07
7400.849,-404182,113.04
7401.849,-404046,113.28
7402.849,-405739,110.29
7403.849,-405179,111.28
7404.849,-407404,107.36
7405.849,-407240,107.64
7406.849,-408699,105.07
7407.849,-409880,102.98
7408.849,-411101,100.83
7409.849,-411863,99.48
7410.849,-413546,96.51
7411.849,-415360,93.31
7412.849,-416789,90.79
7413.849,-416411,91.45
7414.849,-418973,86.93
7415.849,-420413,84.39
7416.849,-422170,81.29
7417.849,-423774,78.45
7418.849,-423654,78.67
7419.849,-426379,73.85
7420.849,-427741,71.45
7421.849,-430214,67.08
7422.849,-430972,65.75
7423.849,-433600,61.11
7424.849,-433969,60.45
7425.849,-436690,55.65
7426.849,-438462,52.52
7427.849,-440195,49.46
7428.849,-442411,45.55
7429.849,-442513,45.37
7430.849,-445885,39.42
7431.849,-446449,38.42
7432.849,-448554,34.70
7433.849,-450285,31.65
7434.849,-453060,26.75
7435.849,-454514,24.18
7436.849,-456217,21.17
7437.849,-458033,17.97
7438.849,-460278,14.00
7439.849,-461512,11.83
7440.849,-464119,7.22
7441.849,-465548,4.70
7442.849,-466956,2.21
7443.849,-470201,-3.52
7444.849,-470935,-4.81
7445.849,-474161,-10.51
7446.849,-475649,-13.13
7447.849,-476972,-15.47
7448.849,-479517,-19.96
7449.849,-481606,-23.65
7450.849,-483119,-26.32
7451.849,-485635,-30.76
7452.849,-486770,-32.77
7453.849,-489369,-37.36
7454.849,-490788,-39.86
7455.849,-493322,-44.34
7456.849,-494364,-46.18
7457.849,-496521,-49.98
7458.849,-498993,-54.35
7459.849,-499985,-56.10
7460.849,-501712,-59.15
7461.849,-503058,-61.53
7462.849,-505516,-65.87
7463.849,-506688,-67.93
7464.849,-507655,-69.64
7465.849,-509411,-72.74
7466.849,-510976,-75.51
7467.849,-513480,-79.93
7468.849,-514390,-81.53
7469.849,-515441,-83.39
7470.849,-517627,-87.25
7471.849,-518829,-89.37
7472.849,-520420,-92.18
7473.849,-520754,-92.77
7474.849,-522888,-96.54
7475.849,-523307,-97.28
7476.849,-525139,-100.51
7477.849,-526341,-102.63
7478.849,-526627,-103.14
7479.849,-526913,-103.64
7482.928,-529157,-107.60
7483.928,-530630,-110.21
7484.928,-530527,-110.02
7485.928,-531455,-111.66
7486.928,-532878,-114.17
7487.928,-533484,-115.24
7488.928,-532807,-114.05
7489.928,-533623,-115.49
7490.928,-533798,-115.80
7491.928,-535621,-119.02
7492.928,-535520,-118.84
7493.928,-535238,-118.34
7494.928,-535622,-119.02
7495.928,-535659,-119.08
7496.928,-536404,-120.40
7497.928,-535751,-119.25
7498.928,-536866,-121.22
7499.928,-536451,-120.48
7500.928,-536201,-120.04
7501.928,-535229,-118.32
7502.928,-535823,-119.37
7503.928,-534911,-117.76
7504.928,-534883,-117.71
7505.928,-534755,-117.49
7506.928,-533696,-115.62
7507.928,-533158,-114.67
7508.928,-533528,-115.32
7509.928,-532697,-113.85
7510.928,-531877,-112.41
7511.928,-530745,-110.41
7512.928,-529556,-108.31
7513.928,-528401,-106.27
7514.928,-527225,-104.19
7515.928,-526673,-103.22
7516.928,-525461,-101.08
7517.928,-524873,-100.04
7518.928,-523438,-97.51
7519.928,-523527,-97.66
7520.928,-521274,-93.69
7521.928,-520421,-92.18
7522.928,-519540,-90.63
7523.928,-517499,-87.02
7524.928,-516095,-84.54
7525.928,-514946,-82.51
7526.928,-511980,-77.28
7527.928,-511113,-75.75
7528.928,-508940,-71.91
7529.928,-507152,-68.75
7530.928,-505410,-65.68
7531.928,-503538,-62.37
7532.928,-502858,-61.17
7533.928,-500338,-56.72
7534.928,-497612,-51.91
7535.928,-496051,-49.15
7536.928,-494029,-45.58
7537.928,-490942,-40.13
7538.928,-490079,-38.61
7539.928,-487911,-34.78
7540.928,-484790,-29.27
7541.928,-483623,-27.21
7542.928,-481523,-23.50
7543.928,-479331,-19.63
7544.928,-476522,-14.68
7545.928,-474745,-11.54
7546.928,-471849,-6.42
7547.928,-471060,-5.03
7548.928,-468493,-0.50
7549.928,-465886,4.10
7550.928,-463653,8.05
7551.928,-461836,11.25
7552.928,-458815,16.59
7553.928,-457220,19.40
7554.928,-455213,22.95
7555.928,-453314,26.30
7556.928,-450815,30.71
7557.928,-450496,31.27
7558.928,-446268,38.74
7559.928,-445066,40.86
7560.928,-444193,42.40
7561.928,-440966,48.10
7562.928,-439650,50.42
7563.928,-437237,54.68
7564.928,-434989,58.65
7565.928,-433460,61.35
7566.928,-431517,64.78
7567.928,-429767,67.87
7568.928,-428107,70.80
7569.928,-426940,72.86
7570.928,-424800,76.64
7571.928,-422899,80.00
7572.928,-421584,82.32
7573.928,-419857,85.37
7574.928,-417880,88.86
7575.928,-416207,91.81
7576.928,-415587,92.91
7577.928,-414210,95.34
7578.928,-412815,97.80
7579.928,-411364,100.36
7580.928,-410643,101.64
7583.952,-408998,104.54
7584.952,-409042,104.46
7585.952,-407132,107.84
7586.952,-405905,110.00
7587.952,-405486,110.74
7588.952,-403817,113.69
7589.952,-403779,113.76
7590.952,-403437,114.36
7591.952,-402849,115.40
7592.952,-403009,115.11
7593.952,-400754,119.10
7594.952,-400746,119.11
7595.952,-402104,116.71
7596.952,-400231,120.02
7597.952,-400512,119.52
7598.952,-399740,120.89
7599.952,-399392,121.50
7600.952,-400552,119.45
7601.952,-400965,118.72
7602.952,-399313,121.64
7603.952,-399602,121.13
7604.952,-400463,119.61
7605.952,-400094,120.26
7606.952,-400374,119.77
7607.952,-400824,118.97
7608.952,-401897,117.08
7609.952,-402072,116.77
7610.952,-402714,115.64
7611.952,-402677,115.70
7612.952,-403752,113.80
7613.952,-404197,113.02
7614.952,-404748,112.04
7615.952,-405624,110.50
7616.952,-406479,108.99
7617.952,-408881,104.75
7618.952,-407666,106.89
7619.952,-409582,103.51
7620.952,-411990,99.26
7621.952,-412550,98.27
7622.952,-412835,97.77
7623.952,-415124,93.73
7624.952,-415656,92.79
7625.952,-417352,89.79
7626.952,-417934,88.76
7627.952,-419624,85.78
7628.952,-421600,82.29
7629.952,-423413,79.09
7630.952,-424294,77.54
7631.952,-427052,72.67
7632.952,-428190,70.66
7633.952,-429381,68.55
7634.952,-431382,65.02
7635.952,-432605,62.86
7636.952,-434424,59.65
7637.952,-436205,56.51
7638.952,-437764,53.75
7639.952,-439755,50.24
7640.952,-440976,48.08
7641.952,-443325,43.94
7642.952,-444712,41.49
7643.952,-447166,37.15
7644.952,-448846,34.19
7645.952,-450595,31.10
7646.952,-452510,27.72
7647.952,-453956,25.17
7648.952,-455797,21.92
7649.952,-458190,17.69
7650.952,-459770,14.90
7651.952,-461174,12.42
7652.952,-463690,7.98
7653.952,-465923,4.04
7654.952,-468799,-1.04
7655.952,-470381,-3.83
7656.952,-471686,-6.14
7657.952,-473154,-8.73
7658.952,-476040,-13.82
7659.952,-477491,-16.39
7660.952,-478919,-18.91
7661.952,-480925,-22.45
7662.952,-483650,-27.26
7663.952,-486836,-32.89
7664.952,-487474,-34.01
7665.952,-490614,-39.56
7666.952,-491169,-40.54
7667.952,-493664,-44.94
7668.952,-495490,-48.16
7669.952,-495938,-48.96
7670.952,-498804,-54.02
7671.952,-500487,-56.99
7672.952,-502815,-61.10
7673.952,-504608,-64.26
7674.952,-505508,-65.85
7675.952,-508010,-70.27
7676.952,-508305,-70.79
7677.952,-509787,-73.41
7678.952,-511383,-76.22
7679.952,-513910,-80.69
7680.952,-514594,-81.89
7681.952,-515608,-83.68
7685.004,-517508,-87.04
7686.004,-518376,-88.57
7687.004,-519405,-90.39
7688.004,-521254,-93.65
7689.004,-522178,-95.28
7690.004,-523707,-97.98
7691.004,-524439,-99.27
7692.004,-526576,-103.05
7693.004,-526718,-103.30
7694.004,-528637,-106.69
7695.004,-529551,-108.30
7696.004,-529588,-108.37
7697.004,-531091,-111.02
7698.004,-531005,-110.87
7699.004,-532313,-113.18
7700.004,-531722,-112.13
7701.004,-532912,-114.23
7702.004,-533840,-115.87
7703.004,-534521,-117.07
7704.004,-534312,-116.71
7705.004,-534798,-117.56
7706.004,-534301,-116.69
7707.004,-534986,-117.90
7708.004,-535734,-119.22
7709.004,-535837,-119.40
7710.004,-535925,-119.55
7711.004,-535557,-118.90
7712.004,-534894,-117.73
7713.004,-536519,-120.60
7714.004,-536187,-120.02
7715.004,-536079,-119.83
7716.004,-535557,-118.90
7717.004,-535627,-119.03
7718.004,-535338,-118.52
7719.004,-534317,-116.71
7720.004,-533286,-114.89
7721.004,-532333,-113.21
7722.004,-532366,-113.27
7723.004,-531057,-110.96
7724.004,-530531,-110.03
7725.004,-529772,-108.69
7726.004,-529042,-107.40
7727.004,-529478,-108.17
7728.004,-527055,-103.89
7729.004,-525750,-101.59
7730.004,-525949,-101.94
7731.004,-523282,-97.23
7732.004,-521830,-94.67
7733.004,-520251,-91.88
7734.004,-519447,-90.46
7735.004,-518389,-88.59
7736.004,-516967,-86.08
7737.004,-514513,-81.75
7738.004,-513484,-79.93
7739.004,-511769,-76.91
7740.004,-511140,-75.79
7741.004,-508799,-71.66
7742.004,-507037,-68.55
7743.004,-504663,-64.36
7744.004,-502509,-60.56
7745.004,-501457,-58.70
7746.004,-498604,-53.66
7747.004,-496843,-50.55
7748.004,-495243,-47.73
7749.004,-494016,-45.56
7750.004,-491234,-40.65
7751.004,-490087,-38.62
7752.004,-486275,-31.89
7753.004,-485180,-29.96
7754.004,-482507,-25.24
7755.004,-480332,-21.40
7756.004,-477989,-17.27
7757.004,-475641,-13.12
7758.004,-474510,-11.12
7759.004,-472473,-7.53
7760.004,-469297,-1.92
7761.004,-467661,0.97
7762.004,-464566,6.43
7763.004,-462473,10.13
7764.004,-460742,13.18
7765.004,-457672,18.61
7766.004,-456463,20.74
7767.004,-454328,24.51
7768.004,-452326,28.04
7769.004,-450655,30.99
7770.004,-448573,34.67
7771.004,-445954,39.29
7772.004,-444121,42.53
7773.004,-442128,46.05
7774.004,-441407,47.32
7775.004,-438824,51.88
7776.004,-436145,56.61
7777.004,-434260,59.94
7778.004,-432694,62.70
7779.004,-431467,64.87
7780.004,-429239,68.80
7781.004,-426784,73.14
7782.004,-425761,74.95
7783.004,-424444,77.27
7786.043,-422378,80.92
7787.043,-420762,83.77
7788.043,-419197,86.53
7789.043,-417653,89.26
7790.043,-415765,92.59
7791.043,-414227,95.31
7792.043,-413679,96.28
7793.043,-411713,99.75
7794.043,-409988,102.79
7795.043,-409582,103.51
7796.043,-408695,105.08
7797.043,-407667,106.89
7798.043,-406367,109.19
7799.043,-405510,110.70
7800.043,-404636,112.24
7801.043,-403726,113.85
7802.043,-402615,115.81
7803.043,-402952,115.22
7804.043,-402582,115.87
7805.043,-401866,117.13
7806.043,-401352,118.04
7807.043,-400308,119.88
7808.043,-400106,120.24
7809.043,-399397,121.49
7810.043,-400813,118.99
7811.043,-399767,120.84
7812.043,-399465,121.37
7813.043,-399864,120.67
7814.043,-398988,122.21
7815.043,-399855,120.68
7816.043,-399711,120.94
7817.043,-400351,119.81
7818.043,-401134,118.43
7819.043,-400725,119.15
7820.043,-402116,116.69
7821.043,-402134,116.66
7822.043,-402760,115.55
7823.043,-402722,115.62
7824.043,-404404,112.65
7825.043,-404656,112.21
7826.043,-405190,111.26
7827.043,-405369,110.95
7828.043,-405988,109.86
7829.043,-408159,106.02
7830.043,-409465,103.72
7831.043,-410569,101.77
7832.043,-410748,101.45
7833.043,-412915,97.63
7834.043,-413099,97.30
7835.043,-414575,94.69
7836.043,-416650,91.03
7837.043,-417517,89.50
7838.043,-419682,85.68
7839.043,-420456,84.31
7840.043,-421489,82.49
7841.043,-424502,77.17
7842.043,-425609,75.21
7843.043,-427250,72.32
7844.043,-428444,70.21
7845.043,-431267,65.22
7846.043,-432297,63.41
7847.043,-434572,59.39
7848.043,-435198,58.28
7849.043,-436361,56.23
7850.043,-438296,52.81
7851.043,-440093,49.64
7852.043,-442691,45.05
7853.043,-444306,42.20
7854.043,-446305,38.67
7855.043,-448315,35.13
7856.043,-449689,32.70
7857.043,-451616,29.30
7858.043,-454246,24.65
7859.043,-455594,22.27
7860.043,-456981,19.83
7861.043,-459491,15.39
7862.043,-461141,12.48
7863.043,-461883,11.17
7864.043,-466243,3.47
7865.043,-467685,0.93
7866.043,-470273,-3.64
7867.043,-470407,-3.88
7868.043,-473261,-8.92
7869.043,-475121,-12.20
7870.043,-477246,-15.95
7871.043,-479689,-20.27
7872.043,-481344,-23.19
7873.043,-483194,-26.45
7874.043,-485087,-29.80
7875.043,-487930,-34.82
7876.043,-489004,-36.71
7877.043,-491296,-40.76
7878.043,-492895,-43.58
7879.043,-495051,-47.39
7880.043,-496542,-50.02
7881.043,-498293,-53.11
7882.043,-500235,-56.54
7883.043,-500837,-57.60
7884.043,-503642,-62.56
7887.105,-505135,-65.19
7888.105,-507612,-69.57
7889.105,-508635,-71.37
7890.105,-509712,-73.27
7891.105,-512027,-77.36
7892.105,-513216,-79.46
7893.105,-514910,-82.45
7894.105,-515823,-84.06
7895.105,-517656,-87.30
7896.105,-518145,-88.16
7897.105,-521266,-93.67
7898.105,-521696,-94.43
7899.105,-521934,-94.85
7900.105,-523655,-97.89
7901.105,-524917,-100.12
7902.105,-525677,-101.46
7903.105,-528050,-105.65
7904.105,-528486,-106.42
7905.105,-530130,-109.32
7906.105,-530098,-109.27
7907.105,-530520,-110.01
7908.105,-531403,-111.57
7909.105,-531748,-112.18
7910.105,-532208,-112.99
7911.105,-533275,-114.88
7912.105,-533338,-114.99
7913.105,-533972,-116.11
7914.105,-534693,-117.38
7915.105,-534539,-117.11
7916.105,-535156,-118.20
7917.105,-535764,-119.27
7918.105,-535383,-118.60
7919.105,-535425,-118.67
7920.105,-535247,-118.36
7921.105,-535897,-119.50
7922.105,-535852,-119.42
7923.105,-536591,-120.73
7924.105,-535793,-119.32
7925.105,-535610,-119.00
7926.105,-534994,-117.91
7927.105,-534290,-116.67
7928.105,-533697,-115.62
7929.105,-533214,-114.77
7930.105,-532318,-113.19
7931.105,-532400,-113.33
7932.105,-531698,-112.09
7933.105,-530373,-109.75
7934.105,-529175,-107.64
7935.105,-529492,-108.20
7936.105,-528082,-105.71
7937.105,-527395,-104.49
7938.105,-525289,-100.78
7939.105,-525033,-100.32
7940.105,-523499,-97.62
7941.105,-522256,-95.42
7942.105,-519684,-90.88
7943.105,-519340,-90.27
7944.105,-518414,-88.64
7945.105,-515961,-84.31
7946.105,-515489,-83.47
7947.105,-512984,-79.05
7948.105,-511893,-77.12
7949.105,-510556,-74.76
7950.105,-508529,-71.18
7951.105,-506308,-67.26
7952.105,-503955,-63.11
7953.105,-501624,-58.99
7954.105,-499747,-55.68
7955.105,-497863,-52.35
7956.105,-496576,-50.08
7957.105,-494608,-46.61
7958.105,-492193,-42.34
7959.105,-489847,-38.20
7960.105,-488002,-34.94
7961.105,-485613,-30.73
7962.105,-484711,-29.13
7963.105,-481665,-23.76
7964.105,-478737,-18.59
7965.105,-476809,-15.18
7966.105,-474857,-11.74
7967.105,-472501,-7.58
7968.105,-470122,-3.38
7969.105,-468394,-0.32
7970.105,-464966,5.73
7971.105,-463110,9.00
7972.105,-461678,11.53
7973.105,-459391,15.57
7974.105,-457039,19.72
7975.105,-455671,22.14
7976.105,-453352,26.23
7977.105,-450427,31.40
7978.105,-448446,34.89
7979.105,-445966,39.27
7980.105,-444616,41.66
7981.105,-442183,45.95
7982.105,-440305,49.27
7983.105,-438167,53.04
7984.105,-435263,58.17
7985.105,-434360,59.76
7988.156,-433740,60.86
7989.156,-431789,64.30
7990.156,-428217,70.61
7991.156,-427623,71.66
7992.156,-425295,75.77
7993.156,-422958,79.89
7994.156,-422195,81.24
7995.156,-420147,84.86
7996.156,-418419,87.91
7997.156,-417007,90.40
7998.156,-416290,91.67
7999.156,-414390,95.02
8000.156,-411726,99.72
8001.156,-411016,100.98
8002.156,-409954,102.85
8003.156,-408143,106.05
8004.156,-406940,108.17
8005.156,-406166,109.54
8006.156,-405644,110.46
8007.156,-404999,111.60
8008.156,-404135,113.13
8009.156,-403923,113.50
8010.156,-402940,115.24
8011.156,-401834,117.19
8012.156,-402116,116.69
8013.156,-400401,119.72
8014.156,-400647,119.29
8015.156,-399896,120.61
8016.156,-401086,118.51
8017.156,-400558,119.44
8018.156,-399429,121.44
8019.156,-399209,121.82
8020.156,-400494,119.56
8021.156,-399300,121.66
8022.156,-399921,120.57
8023.156,-399380,121.52
8024.156,-399438,121.42
8025.156,-400419,119.69
8026.156,-400488,119.57
8027.156,-401036,118.60
8028.156,-401777,117.29
8029.156,-401798,117.25
8030.156,-403197,114.78
8031.156,-403626,114.03
8032.156,-404792,111.97
8033.156,-405437,110.83
8034.156,-405330,111.02
8035.156,-406824,108.38
8036.156,-407834,106.60
8037.156,-409727,103.25
8038.156,-410344,102.16
8039.156,-411993,99.25
8040.156,-413039,97.41
8041.156,-414965,94.01
8042.156,-416140,91.93
8043.156,-417274,89.93
8044.156,-418177,88.34
8045.156,-418819,87.20
8046.156,-421085,83.20
8047.156,-422213,81.21
8048.156,-424481,77.21
8049.156,-425770,74.93
8050.156,-427652,71.61
8051.156,-430696,66.23
8052.156,-432721,62.66
8053.156,-432883,62.37
8054.156,-434544,59.44
8055.156,-436685,55.66
8056.156,-438598,52.28
8057.156,-440983,48.07
8058.156,-442052,46.18
8059.156,-443560,43.52
8060.156,-446801,37.80
8061.156,-447948,35.77
8062.156,-450672,30.96
8063.156,-452558,27.63
8064.156,-453644,25.72
8065.156,-456616,20.47
8066.156,-457806,18.37
8067.156,-459891,14.69
8068.156,-461179,12.41
8069.156,-463444,8.41
8070.156,-465455,4.86
8071.156,-468687,-0.84
8072.156,-470014,-3.19
8073.156,-473139,-8.70
8074.156,-473533,-9.40
8075.156,-475789,-13.38
8076.156,-477864,-17.04
8077.156,-480528,-21.75
8078.156,-483282,-26.61
8079.156,-484593,-28.92
8080.156,-486140,-31.66
8081.156,-489385,-37.39
8082.156,-491380,-40.91
8083.156,-493385,-44.45
8084.156,-494050,-45.62
8085.156,-496572,-50.07
8086.156,-498607,-53.67
8089.208,-500518,-57.04
8090.208,-502941,-61.32
8091.208,-503435,-62.19
8092.208,-504502,-64.08
8093.208,-507628,-69.59
8094.208,-507898,-70.07
8095.208,-510129,-74.01
8096.208,-511453,-76.35
8097.208,-513185,-79.41
8098.208,-514696,-82.07
8099.208,-516512,-85.28
8100.208,-518279,-88.40
8101.208,-518934,-89.56
8102.208,-520564,-92.43
8103.208,-521669,-94.38
8104.208,-523673,-97.92
8105.208,-523000,-96.73
8106.208,-526709,-103.28
8107.208,-526185,-102.36
8108.208,-527019,-103.83
8109.208,-528403,-106.27
8110.208,-529733,-108.62
8111.208,-529678,-108.52
8112.208,-530494,-109.97
8113.208,-531830,-112.32
8114.208,-532009,-112.64
8115.208,-533636,-115.51
8116.208,-533689,-115.61
8117.208,-534551,-117.13
8118.208,-535056,-118.02
8119.208,-535296,-118.44
8120.208,-535634,-119.04
8121.208,-535143,-118.17
8122.208,-535050,-118.01
8123.208,-535624,-119.02
8124.208,-536281,-120.18
8125.208,-535256,-118.37
8126.208,-534952,-117.84
8127.208,-536286,-120.19
8128.208,-534807,-117.58
8129.208,-534344,-116.76
8130.208,-534055,-116.25
8131.208,-533552,-115.36
8132.208,-533347,-115.00
8133.208,-533184,-114.71
8134.208,-532951,-114.30
8135.208,-532255,-113.07
8136.208,-531658,-112.02
8137.208,-530640,-110.22
8138.208,-528345,-106.17
8139.208,-529240,-107.75
8140.208,-527261,-104.26
8141.208,-525851,-101.77
8142.208,-524637,-99.62
8143.208,-524023,-98.54
8144.208,-522465,-95.79
8145.208,-521849,-94.70
8146.208,-520385,-92.12
8147.208,-518258,-88.36
8148.208,-516103,-84.56
8149.208,-515343,-83.22
8150.208,-513524,-80.00
8151.208,-511767,-76.90
8152.208,-509124,-72.24
8153.208,-508119,-70.46
8154.208,-505500,-65.84
8155.208,-504384,-63.87
8156.208,-502201,-60.01
8157.208,-500517,-57.04
8158.208,-498234,-53.01
8159.208,-495969,-49.01
8160.208,-493221,-44.16
8161.208,-491683,-41.44
8162.208,-489014,-36.73
8163.208,-486234,-31.82
8164.208,-484060,-27.98
8165.208,-482429,-25.10
8166.208,-480096,-20.99
8167.208,-478919,-18.91
8168.208,-475777,-13.36
8169.208,-473797,-9.86
8170.208,-471802,-6.34
8171.208,-469065,-1.51
8172.208,-465802,4.25
8173.208,-464218,7.05
8174.208,-462598,9.91
8175.208,-458810,16.60
8176.208,-457890,18.22
8177.208,-454413,24.36
8178.208,-452806,27.20
8179.208,-450896,30.57
8180.208,-447788,36.06
8181.208,-446142,38.96
8182.208,-445229,40.57
8183.208,-442343,45.67
8184.208,-439857,50.06
8185.208,-437408,54.38
8186.208,-435518,57.72
8187.208,-434233,59.99
8190.258,-432447,63.14
8191.258,-430034,67.40
8192.258,-427851,71.26
8193.258,-426317,73.96
8194.258,-423894,78.24
8195.258,-421683,82.15
8196.258,-420973,83.40
8197.258,-418385,87.97
8198.258,-417837,88.94
8199.258,-415941,92.28
8200.258,-414551,94.74
8201.258,-413272,97.00
8202.258,-411455,100.20
8203.258,-410511,101.87
8204.258,-408442,105.52
8205.258,-407502,107.18
8206.258,-406912,108.22
8207.258,-406065,109.72
8208.258,-405941,109.94
8209.258,-403730,113.84
8210.258,-403558,114.15
8211.258,-402154,116.62
8212.258,-402063,116.79
8213.258,-400917,118.81
8214.258,-401502,117.78
8215.258,-401159,118.38
8216.258,-399560,121.20
8217.258,-399427,121.44
8218.258,-399040,122.12
8219.258,-399209,121.82
8220.258,-399509,121.29
8221.258,-399528,121.26
8222.258,-398937,122.30
8223.258,-399772,120.83
8224.258,-401516,117.75
8225.258,-400593,119.38
8226.258,-400790,119.03
8227.258,-401077,118.53
8228.258,-401730,117.37
8229.258,-402234,116.48
8230.258,-402632,115.78
8231.258,-403613,114.05
8232.258,-404713,112.11
8233.258,-405015,111.57
8234.258,-405952,109.92
8235.258,-406447,109.04
8236.258,-408496,105.43
8237.258,-409635,103.42
8238.258,-411120,100.79
8239.258,-411788,99.62
8240.258,-414194,95.37
8241.258,-416000,92.18
8242.258,-416923,90.55
8243.258,-417164,90.12
8244.258,-419145,86.63
8245.258,-420525,84.19
8246.258,-423361,79.18
8247.258,-424127,77.83
8248.258,-425978,74.56
8249.258,-427947,71.09
8250.258,-430061,67.35
8251.258,-431386,65.01
8252.258,-433074,62.03
8253.258,-435156,58.36
8254.258,-435629,57.52
8255.258,-438878,51.79
8256.258,-439975,49.85
8257.258,-442862,44.75
8258.258,-444855,41.23
8259.258,-445895,39.40
8260.258,-448391,34.99
8261.258,-450334,31.56
8262.258,-452579,27.60
8263.258,-454558,24.10
8264.258,-456989,19.81
8265.258,-458292,17.51
8266.258,-460248,14.06
8267.258,-463473,8.36
8268.258,-465862,4.15
8269.258,-467480,1.29
8270.258,-469456,-2.20
8271.258,-471901,-6.52
8272.258,-473606,-9.53
8273.258,-475427,-12.74
8274.258,-477418,-16.26
8275.258,-479756,-20.39
8276.258,-482590,-25.39
8277.258,-484762,-29.22
8278.258,-486341,-32.01
8279.258,-488229,-35.34
8280.258,-490584,-39.50
8281.258,-492334,-42.59
8282.258,-494605,-46.60
8283.258,-497184,-51.15
8284.258,-498426,-53.35
8285.258,-500512,-57.03
8286.258,-501747,-59.21
8287.258,-503802,-62.84
8288.258,-506017,-66.75
8291.311,-507663,-69.66
8292.311,-509692,-73.24
8293.311,-511015,-75.57
8294.311,-513037,-79.14
8295.311,-514361,-81.48
8296.311,-515740,-83.92
8297.311,-517526,-87.07
8298.311,-518706,-89.15
8299.311,-519910,-91.28
8300.311,-521697,-94.43
8301.311,-522642,-96.10
8302.311,-524164,-98.79
8303.311,-524312,-99.05
8304.311,-526656,-103.19
8305.311,-528187,-105.89
8306.311,-529441,-108.11
8307.311,-530444,-109.88
8308.311,-529515,-108.24
8309.311,-530549,-110.06
8310.311,-530918,-110.71
8311.311,-532263,-113.09
8312.311,-533481,-115.24
8313.311,-534742,-117.47
8314.311,-534609,-117.23
8315.311,-534779,-117.53
8316.311,-535547,-118.89
8317.311,-535397,-118.62
8318.311,-535423,-118.67
8319.311,-536333,-120.27
8320.311,-535733,-119.21
8321.311,-535292,-118.44
8322.311,-535000,-117.92
8323.311,-535880,-119.47
8324.311,-535076,-118.05
8325.311,-534851,-117.66
8326.311,-534767,-117.51
8327.311,-534483,-117.01
8328.311,-533849,-115.89
8329.311,-533624,-115.49
8330.311,-532245,-113.06
8331.311,-531441,-111.64
8332.311,-530462,-109.91
8333.311,-529907,-108.93
8334.311,-529012,-107.35
8335.311,-527271,-104.27
8336.311,-526647,-103.17
8337.311,-525518,-101.18
8338.311,-525016,-100.29
8339.311,-523899,-98.32
8340.311,-521501,-94.09
8341.311,-519753,-91.00
8342.311,-518850,-89.41
8343.311,-516413,-85.10
8344.311,-515260,-83.07
8345.311,-513635,-80.20
8346.311,-511772,-76.91
8347.311,-509570,-73.02
8348.311,-507664,-69.66
8349.311,-506386,-67.40
8350.311,-503022,-61.46
8351.311,-502520,-60.58
8352.311,-499822,-55.81
8353.311,-498425,-53.35
8354.311,-495417,-48.04
8355.311,-492750,-43.33
8356.311,-490381,-39.14
8357.311,-487616,-34.26
8358.311,-485993,-31.40
8359.311,-482605,-25.42
8360.311,-481007,-22.59
8361.311,-478630,-18.40
8362.311,-475744,-13.30
8363.311,-474572,-11.23
8364.311,-471132,-5.16
8365.311,-469104,-1.58
8366.311,-466117,3.70
8367.311,-463718,7.93
8368.311,-461098,12.56
8369.311,-459343,15.65
8370.311,-456743,20.25
8371.311,-454909,23.48
8372.311,-452579,27.60
8373.311,-449273,33.43
8374.311,-447602,36.38
8375.311,-445098,40.81
8376.311,-443411,43.78
8377.311,-441242,47.61
8378.311,-440179,49.49
8379.311,-436645,55.73
8380.311,-434610,59.32
8381.311,-432636,62.81
8382.311,-429801,67.81
8383.311,-428342,70.39
8384.311,-425803,74.87
8385.311,-424433,77.29
8386.311,-422220,81.20
8387.311,-420610,84.04
8388.311,-418773,87.28
8389.311,-417137,90.17
8392.362,-416516,91.27
8393.362,-413856,95.96
8394.362,-412773,97.88
8395.362,-409955,102.85
8396.362,-408815,104.86
8397.362,-408876,104.76
8398.362,-406366,109.19
8399.362,-407836,106.59
8400.362,-405660,110.43
8401.362,-404417,112.63
8402.362,-402507,116.00
8403.362,-403574,114.12
8404.362,-401940,117.00
8405.362,-400732,119.14
8406.362,-400716,119.16
8407.362,-400746,119.11
8408.362,-400975,118.71
8409.362,-399954,120.51
8410.362,-399227,121.79
8411.362,-399093,122.03
8412.362,-399669,121.01
8413.362,-400120,120.22
8414.362,-398434,123.19
8415.362,-398831,122.49
8416.362,-399783,120.81
8417.362,-401484,117.81
8418.362,-400549,119.46
8419.362,-401799,117.25
8420.362,-402018,116.86
8421.362,-403134,114.89
8422.362,-402995,115.14
8423.362,-403702,113.89
8424.362,-405359,110.97
8425.362,-406888,108.27
8426.362,-407285,107.57
8427.362,-408667,105.13
8428.362,-409617,103.45
8429.362,-410490,101.91
8430.362,-411441,100.23
8431.362,-413820,96.03
8432.362,-414835,94.24
8433.362,-416669,91.00
8434.362,-418325,88.07
8435.362,-419887,85.32
8436.362,-421500,82.47
8437.362,-421828,81.89
8438.362,-423926,78.19
8439.362,-426638,73.40
8440.362,-427802,71.34
8441.362,-430571,66.45
8442.362,-432793,62.53
8443.362,-434317,59.84
8444.362,-436414,56.14
8445.362,-438079,53.20
8446.362,-439714,50.31
8447.362,-442252,45.83
8448.362,-444510,41.84
8449.362,-446583,38.18
8450.362,-448940,34.02
8451.362,-450386,31.47
8452.362,-453755,25.52
8453.362,-454583,24.06
8454.362,-457470,18.96
8455.362,-458300,17.50
8456.362,-461725,11.45
8457.362,-464173,7.13
8458.362,-466511,3.00
8459.362,-468524,-0.55
8460.362,-469936,-3.05
8461.362,-473102,-8.64
8462.362,-474515,-11.13
8463.362,-477291,-16.03
8464.362,-479896,-20.63
8465.362,-481796,-23.99
8466.362,-484620,-28.97
8467.362,-485685,-30.85
8468.362,-488522,-35.86
8469.362,-491071,-40.36
8470.362,-493242,-44.20
8471.362,-494881,-47.09
8472.362,-497049,-50.92
8473.362,-499395,-55.06
8474.362,-501403,-58.60
8475.362,-502256,-60.11
8476.362,-504189,-63.52
8477.362,-506205,-67.08
8478.362,-507999,-70.25
8479.362,-509765,-73.37
8480.362,-511534,-76.49
8481.362,-513393,-79.77
8482.362,-514684,-82.05
8483.362,-516755,-85.71
8484.362,-517767,-87.50
8485.362,-520264,-91.90
8486.362,-520376,-92.10
8487.362,-522184,-95.29
8488.362,-525265,-100.73
8489.362,-525171,-100.57
8490.362,-526274,-102.51
8493.444,-528306,-106.10
8494.444,-528786,-106.95
8495.444,-529524,-108.25
8496.444,-530028,-109.14
8497.444,-531180,-111.18
8498.444,-530712,-110.35
8499.444,-533556,-115.37
8500.444,-533094,-114.56
8501.444,-534433,-116.92
8502.444,-533794,-115.79
8503.444,-535010,-117.94
8504.444,-534937,-117.81
8505.444,-534513,-117.06
8506.444,-535298,-118.45
8507.444,-535186,-118.25
8508.444,-534849,-117.65
8509.444,-535373,-118.58
8510.444,-536135,-119.92
8511.444,-534980,-117.89
8512.444,-534967,-117.86
8513.444,-534778,-117.53
8514.444,-533579,-115.41
8515.444,-532898,-114.21
8516.444,-532569,-113.63
8517.444,-532460,-113.44
8518.444,-531185,-111.19
8519.444,-530205,-109.45
8520.444,-529638,-108.45
8521.444,-528554,-106.54
8522.444,-527579,-104.82
8523.444,-526230,-102.44
8524.444,-524664,-99.67
8525.444,-522672,-96.15
8526.444,-520755,-92.77
8527.444,-520312,-91.99
8528.444,-518971,-89.62
8529.444,-516721,-85.65
8530.444,-515502,-83.50
8531.444,-513440,-79.86
8532.444,-510867,-75.31
8533.444,-509872,-73.56
8534.444,-507013,-68.51
8535.444,-505263,-65.42
8536.444,-502698,-60.89
8537.444,-500051,-56.22
8538.444,-498356,-53.22
8539.444,-497268,-51.30
8540.444,-495176,-47.61
8541.444,-491506,-41.13
8542.444,-488633,-36.06
8543.444,-486303,-31.94
8544.444,-484511,-28.78
8545.444,-481764,-23.93
8546.444,-478746,-18.60
8547.444,-476308,-14.30
8548.444,-473490,-9.32
8549.444,-470841,-4.65
8550.444,-468594,-0.68
8551.444,-466058,3.80
8552.444,-463064,9.09
8553.444,-459883,14.70
8554.444,-457922,18.16
8555.444,-455637,22.20
8556.444,-453399,26.15
8557.444,-451156,30.11
8558.444,-448597,34.63
8559.444,-446310,38.67
8560.444,-444332,42.16
8561.444,-440660,48.64
8562.444,-439065,51.46
8563.444,-436417,56.13
8564.444,-435030,58.58
8565.444,-431975,63.97
8566.444,-430375,66.80
8567.444,-428554,70.01
8568.444,-426653,73.37
8569.444,-424243,77.63
8570.444,-422627,80.48
8571.444,-420096,84.95
8572.444,-419265,86.41
8573.444,-416570,91.17
8574.444,-414539,94.76
8575.444,-412344,98.63
8576.444,-412455,98.44
8577.444,-409851,103.04
8578.444,-409539,103.59
8579.444,-407701,106.83
8580.444,-405357,110.97
8581.444,-405546,110.64
8582.444,-404609,112.29
8583.444,-403291,114.62
8584.444,-401772,117.30
8585.444,-402012,116.88
8586.444,-401883,117.10
8587.444,-401569,117.66
8588.444,-399343,121.59
8589.444,-399732,120.90
8590.444,-399715,120.93
8591.444,-399456,121.39
8594.464,-399878,120.64
8595.464,-399200,121.84
8596.464,-399142,121.94
8597.464,-399686,120.98
8598.464,-400550,119.46
8599.464,-401356,118.03
8600.464,-401311,118.11
8601.464,-400910,118.82
8602.464,-401934,117.01
8603.464,-402284,116.39
8604.464,-402773,115.53
8605.464,-404282,112.87
8606.464,-405575,110.58
8607.464,-406978,108.11
8608.464,-408322,105.73
8609.464,-409181,104.22
8610.464,-410417,102.04
8611.464,-410736,101.47
8612.464,-411962,99.31
8613.464,-415046,93.86
8614.464,-416599,91.12
8615.464,-416683,90.97
8616.464,-418576,87.63
8617.464,-422491,80.72
8618.464,-422581,80.56
8619.464,-423983,78.08
8620.464,-426902,72.93
8621.464,-428563,70.00
8622.464,-431186,65.37
8623.464,-432959,62.24
8624.464,-435791,57.24
8625.464,-436940,55.21
8626.464,-440291,49.29
8627.464,-441194,47.70
8628.464,-442285,45.77
8629.464,-445743,39.67
8630.464,-448237,35.26
8631.464,-449222,33.52
8632.464,-451567,29.38
8633.464,-454931,23.44
8634.464,-456597,20.50
8635.464,-458751,16.70
8636.464,-460951,12.82
8637.464,-463152,8.93
8638.464,-466899,2.31
8639.464,-468579,-0.65
8640.464,-471034,-4.99
8641.464,-473549,-9.43
8642.464,-475787,-13.38
8643.464,-477638,-16.65
8644.464,-480053,-20.91
8645.464,-482727,-25.63
8646.464,-485130,-29.87
8647.464,-487349,-33.79
8648.464,-490180,-38.79
8649.464,-492179,-42.32
8650.464,-494348,-46.15
8651.464,-496601,-50.13
8652.464,-498862,-54.12
8653.464,-501466,-58.71
8654.464,-502896,-61.24
8655.464,-504838,-64.67
8656.464,-506066,-66.84
8657.464,-508288,-70.76
8658.464,-510262,-74.24
8659.464,-512035,-77.37
8660.464,-513737,-80.38
8661.464,-514992,-82.60
8662.464,-517131,-86.37
8663.464,-519412,-90.40
8664.464,-520949,-93.11
8665.464,-523081,-96.88
8666.464,-523606,-97.80
8667.464,-525750,-101.59
8668.464,-527673,-104.98
8669.464,-527910,-105.40
8670.464,-528786,-106.95
8671.464,-528580,-106.59
8672.464,-530217,-109.48
8673.464,-531340,-111.46
8674.464,-532897,-114.21
8675.464,-532434,-113.39
8676.464,-533735,-115.69
8677.464,-534323,-116.73
8678.464,-534975,-117.88
8679.464,-535116,-118.13
8680.464,-535998,-119.68
8681.464,-536051,-119.78
8682.464,-535642,-119.05
8683.464,-535608,-118.99
8684.464,-535784,-119.30
8685.464,-534969,-117.87
8686.464,-534950,-117.83
8687.464,-534802,-117.57
8688.464,-534096,-116.32
8689.464,-534139,-116.40
8690.464,-533395,-115.09
8691.464,-532672,-113.81
8692.464,-531506,-111.75
8695.516,-531681,-112.06
8696.516,-530158,-109.37
8697.516,-528507,-106.46
8698.516,-528369,-106.21
8699.516,-525952,-101.95
8700.516,-525599,-101.32
8701.516,-523408,-97.45
8702.516,-521757,-94.54
8703.516,-521104,-93.39
8704.516,-520327,-92.01
8705.516,-517493,-87.01
8706.516,-515489,-83.47
8707.516,-512723,-78.59
8708.516,-511779,-76.92
8709.516,-509499,-72.90
8710.516,-507310,-69.03
8711.516,-504487,-64.05
8712.516,-502441,-60.44
8713.516,-501451,-58.69
8714.516,-497173,-51.14
8715.516,-496073,-49.19
8716.516,-492069,-42.12
8717.516,-489457,-37.51
8718.516,-487930,-34.82
8719.516,-485223,-30.04
8720.516,-481649,-23.73
8721.516,-480118,-21.02
8722.516,-476463,-14.57
8723.516,-473945,-10.13
8724.516,-471360,-5.56
8725.516,-468558,-0.61
8726.516,-465488,4.81
8727.516,-463893,7.62
8728.516,-460438,13.72
8729.516,-456709,20.31
8730.516,-454110,24.89
8731.516,-452465,27.80
8732.516,-450201,31.80
8733.516,-447134,37.21
8734.516,-445131,40.75
8735.516,-442134,46.04
8736.516,-439767,50.22
8737.516,-437470,54.27
8738.516,-435985,56.89
8739.516,-432549,62.96
8740.516,-430450,66.67
8741.516,-427850,71.26
8742.516,-426111,74.33
8743.516,-423004,79.81
8744.516,-420841,83.63
8745.516,-418957,86.96
8746.516,-417522,89.49
8747.516,-416718,90.91
8748.516,-413593,96.43
8749.516,-411537,100.06
8750.516,-411046,100.93
8751.516,-409950,102.86
8752.516,-407609,106.99
8753.516,-406468,109.01
8754.516,-405511,110.70
8755.516,-404928,111.73
8756.516,-403232,114.72
8757.516,-402161,116.61
8758.516,-400975,118.71
8759.516,-401907,117.06
8760.516,-400087,120.27
8761.516,-400903,118.83
8762.516,-400519,119.51
8763.516,-399134,121.96
8764.516,-399833,120.72
8765.516,-399562,121.20
8766.516,-399662,121.02
8767.516,-399653,121.04
8768.516,-399968,120.48
8769.516,-400412,119.70
8770.516,-402268,116.42
8771.516,-400735,119.13
8772.516,-401438,117.89
8773.516,-403715,113.87
8774.516,-404371,112.71
8775.516,-404590,112.32
8776.516,-404486,112.51
8777.516,-405839,110.12
8778.516,-407774,106.70
8779.516,-408949,104.63
8780.516,-409503,103.65
8781.516,-411401,100.30
8782.516,-412476,98.40
8783.516,-414840,94.23
8784.516,-416342,91.57
8785.516,-419094,86.72
8786.516,-419782,85.50
8787.516,-422980,79.86
8788.516,-424216,77.67
8789.516,-425978,74.56
8790.516,-428384,70.31
8791.516,-430394,66.77
8792.516,-433370,61.51
8793.516,-434709,59.15
8794.516,-437797,53.70
8797.590,-440284,49.30
8798.590,-442248,45.84
8799.590,-444712,41.49
8800.590,-446350,38.59
8801.590,-449742,32.61
8802.590,-451882,28.83
8803.590,-453304,26.32
8804.590,-456288,21.05
8805.590,-458842,16.54
8806.590,-460926,12.86
8807.590,-463241,8.77
8808.590,-466506,3.01
8809.590,-469594,-2.44
8810.590,-470535,-4.11
8811.590,-473815,-9.90
8812.590,-476315,-14.31
8813.590,-478470,-18.11
8814.590,-481107,-22.77
8815.590,-483218,-26.50
8816.590,-485690,-30.86
8817.590,-488502,-35.83
8818.590,-490278,-38.96
8819.590,-493328,-44.35
8820.590,-496972,-50.78
8821.590,-498813,-54.03
8822.590,-499481,-55.21
8823.590,-501935,-59.54
8824.590,-503385,-62.10
8825.590,-506319,-67.28
8826.590,-508034,-70.31
8827.590,-510856,-75.29
8828.590,-512432,-78.08
8829.590,-513621,-80.18
8830.590,-515593,-83.66
8831.590,-517565,-87.14
8832.590,-519599,-90.73
8833.590,-521472,-94.04
8834.590,-522521,-95.89
8835.590,-524918,-100.12
8836.590,-525599,-101.32
8837.590,-527083,-103.94
8838.590,-527151,-104.06
8839.590,-529421,-108.07
8840.590,-530206,-109.46
8841.590,-530596,-110.15
8842.590,-531005,-110.87
8843.590,-532226,-113.02
8844.590,-532660,-113.79
8845.590,-534098,-116.33
8846.590,-533415,-115.12
8847.590,-534865,-117.68
8848.590,-535052,-118.01
8849.590,-535610,-119.00
8850.590,-535261,-118.38
8851.590,-535367,-118.57
8852.590,-535236,-118.34
8853.590,-534224,-116.55
8854.590,-535179,-118.24
8855.590,-533566,-115.39
8856.590,-533651,-115.54
8857.590,-532844,-114.11
8858.590,-532295,-113.14
8859.590,-531850,-112.36
8860.590,-530029,-109.14
8861.590,-529614,-108.41
8862.590,-528505,-106.45
8863.590,-527839,-105.28
8864.590,-525882,-101.82
8865.590,-523519,-97.65
8866.590,-522905,-96.57
8867.590,-521529,-94.14
8868.590,-520020,-91.47
8869.590,-519179,-89.99
8870.590,-516362,-85.01
8871.590,-514332,-81.43
8872.590,-513013,-79.10
8873.590,-509633,-73.13
8874.590,-508579,-71.27
8875.590,-505300,-65.48
8876.590,-502574,-60.67
8877.590,-500177,-56.44
8878.590,-498250,-53.04
8879.590,-496185,-49.39
8880.590,-491879,-41.79
8881.590,-489117,-36.91
8882.590,-487532,-34.11
8883.590,-484331,-28.46
8884.590,-480989,-22.56
8885.590,-478484,-18.14
8886.590,-475811,-13.42
8887.590,-472953,-8.37
8888.590,-469586,-2.43
8889.590,-466489,3.04
8890.590,-464049,7.35
8891.590,-461588,11.69
8892.590,-457604,18.73
8893.590,-454093,24.92
8894.590,-451924,28.75
8895.590,-450082,32.01
8896.590,-446730,37.92
8899.665,-444883,41.18
8900.665,-441482,47.19
8901.665,-439077,51.44
8902.665,-436690,55.65
8903.665,-433999,60.40
8904.665,-431190,65.36
8905.665,-429002,69.22
8906.665,-426463,73.71
8907.665,-424409,77.33
8908.665,-421636,82.23
8909.665,-419758,85.54
8910.665,-417296,89.89
8911.665,-415844,92.45
8912.665,-413687,96.26
8913.665,-412843,97.75
8914.665,-410192,102.43
8915.665,-408798,104.89
8916.665,-407589,107.03
8917.665,-405499,110.72
8918.665,-405022,111.56
8919.665,-403790,113.74
8920.665,-402304,116.36
8921.665,-401672,117.48
8922.665,-401105,118.48
8923.665,-400543,119.47
8924.665,-399843,120.70
8925.665,-400530,119.49
8926.665,-400259,119.97
8927.665,-400200,120.07
8928.665,-399852,120.69
8929.665,-399408,121.47
8930.665,-399802,120.78
8931.665,-399837,120.72
8932.665,-400276,119.94
8933.665,-401090,118.50
8934.665,-401562,117.67
8935.665,-402856,115.38
8936.665,-403180,114.81
8937.665,-403643,114.00
8938.665,-404962,111.67
8939.665,-406088,109.68
8940.665,-407398,107.37
8941.665,-408530,105.37
8942.665,-409713,103.28
8943.665,-411601,99.95
8944.665,-413849,95.98
8945.665,-415594,92.90
8946.665,-416598,91.12
8947.665,-419426,86.13
8948.665,-421426,82.60
8949.665,-422397,80.88
8950.665,-425399,75.58
8951.665,-427811,71.33
8952.665,-428782,69.61
8953.665,-431701,64.46
8954.665,-434198,60.05
8955.665,-436462,56.05
8956.665,-439866,50.04
8957.665,-441605,46.97
8958.665,-443874,42.97
8959.665,-445980,39.25
8960.665,-449381,33.24
8961.665,-451663,29.21
8962.665,-454543,24.13
8963.665,-456873,20.02
8964.665,-459286,15.76
8965.665,-462190,10.63
8966.665,-464006,7.42
8967.665,-466548,2.93
8968.665,-470261,-3.62
8969.665,-472666,-7.87
8970.665,-474626,-11.33
8971.665,-477937,-17.17
8972.665,-479889,-20.62
8973.665,-482445,-25.13
8974.665,-485648,-30.79
8975.665,-488228,-35.34
8976.665,-491707,-41.49
8977.665,-493578,-44.79
8978.665,-495703,-48.54
8979.665,-497943,-52.49
8980.665,-501355,-58.52
8981.665,-502394,-60.35
8982.665,-505220,-65.34
8983.665,-507584,-69.52
8984.665,-509764,-73.37
8985.665,-511723,-76.82
8986.665,-513629,-80.19
8987.665,-514931,-82.49
8988.665,-516866,-85.90
8989.665,-519277,-90.16
8990.665,-520602,-92.50
8991.665,-521984,-94.94
8992.665,-525082,-100.41
8993.665,-525795,-101.67
8994.665,-526739,-103.34
8995.665,-528031,-105.62
8996.665,-529361,-107.96
8997.665,-530186,-109.42
9000.717,-531956,-112.55
9001.717,-532705,-113.87
9002.717,-533443,-115.17
9003.717,-533420,-115.13
9004.717,-534120,-116.37
9005.717,-534621,-117.25
9006.717,-535070,-118.04
9007.717,-535308,-118.46
9008.717,-534829,-117.62
9009.717,-535250,-118.36
9010.717,-534118,-116.36
9011.717,-535957,-119.61
9012.717,-534743,-117.47
9013.717,-534545,-117.12
9014.717,-533785,-115.78
9015.717,-532924,-114.26
9016.717,-532340,-113.22
9017.717,-531649,-112.00
9018.717,-529813,-108.76
9019.717,-529174,-107.63
9020.717,-528580,-106.59
9021.717,-527062,-103.91
9022.717,-525393,-100.96
9023.717,-523981,-98.47
9024.717,-521959,-94.90
9025.717,-519280,-90.17
9026.717,-518039,-87.98
9027.717,-516489,-85.24
9028.717,-514090,-81.00
9029.717,-512354,-77.94
9030.717,-508527,-71.18
9031.717,-507276,-68.97
9032.717,-504945,-64.86
9033.717,-502191,-59.99
9034.717,-498996,-54.35
9035.717,-497721,-52.10
9036.717,-493491,-44.63
9037.717,-490499,-39.35
9038.717,-488314,-35.49
9039.717,-483997,-27.87
9040.717,-481766,-23.93
9041.717,-479016,-19.08
9042.717,-476384,-14.43
9043.717,-473561,-9.45
9044.717,-469030,-1.45
9045.717,-467082,1.99
9046.717,-464089,7.28
9047.717,-460081,14.35
9048.717,-457092,19.63
9049.717,-454858,23.57
9050.717,-451812,28.95
9051.717,-448587,34.65
9052.717,-444968,41.03
9053.717,-442759,44.93
9054.717,-440207,49.44
9055.717,-437351,54.48
9056.717,-434946,58.73
9057.717,-432192,63.59
9058.717,-429861,67.71
9059.717,-427585,71.72
9060.717,-424513,77.15
9061.717,-421886,81.79
9062.717,-419867,85.35
9063.717,-417347,89.80
9064.717,-415406,93.23
9065.717,-414131,95.48
9066.717,-411932,99.36
9067.717,-409497,103.66
9068.717,-408368,105.65
9069.717,-406959,108.14
9070.717,-405562,110.61
9071.717,-404607,112.29
9072.717,-402214,116.52
9073.717,-401289,118.15
9074.717,-401701,117.42
9075.717,-400489,119.56
9076.717,-400138,120.18
9077.717,-400184,120.10
9078.717,-398974,122.24
9079.717,-400284,119.93
9080.717,-398935,122.31
9081.717,-399124,121.97
9082.717,-400464,119.61
9083.717,-400166,120.13
9084.717,-400650,119.28
9085.717,-401139,118.42
9086.717,-401923,117.03
9087.717,-402993,115.14
9088.717,-403613,114.05
9089.717,-404742,112.06
9090.717,-405895,110.02
9091.717,-407421,107.33
9092.717,-408728,105.02
9093.717,-410369,102.12
9094.717,-411731,99.72
9095.717,-414847,94.21
9096.717,-416466,91.36
9097.717,-417339,89.81
9098.717,-418742,87.34
9101.763,-422055,81.49
9102.763,-424844,76.56
9103.763,-425921,74.66
9104.763,-428199,70.64
9105.763,-430408,66.74
9106.763,-433996,60.41
9107.763,-435830,57.17
9108.763,-438499,52.46
9109.763,-441528,47.11
9110.763,-443545,43.55
9111.763,-446457,38.41
9112.763,-449509,33.02
9113.763,-452574,27.61
9114.763,-455273,22.84
9115.763,-456762,20.21
9116.763,-458800,16.61
9117.763,-461627,11.62
9118.763,-465403,4.96
9119.763,-467204,1.78
9120.763,-470593,-4.21
9121.763,-472971,-8.41
9122.763,-475878,-13.54
9123.763,-479903,-20.64
9124.763,-482317,-24.91
9125.763,-483735,-27.41
9126.763,-487600,-34.23
9127.763,-490928,-40.11
9128.763,-492393,-42.70
9129.763,-495506,-48.19
9130.763,-497791,-52.23
9131.763,-500373,-56.79
9132.763,-503030,-61.48
9133.763,-504879,-64.74
9134.763,-507444,-69.27
9135.763,-510124,-74.00
9136.763,-511101,-75.73
9137.763,-514863,-82.37
9138.763,-516673,-85.56
9139.763,-519208,-90.04
9140.763,-520159,-91.72
9141.763,-522303,-95.50
9142.763,-524125,-98.72
9143.763,-525207,-100.63
9144.763,-526949,-103.71
9145.763,-528368,-106.21
9146.763,-528254,-106.01
9147.763,-530991,-110.84
9148.763,-530731,-110.38
9149.763,-532463,-113.44
9150.763,-533313,-114.94
9151.763,-533942,-116.05
9152.763,-533838,-115.87
9153.763,-534563,-117.15
9154.763,-535214,-118.30
9155.763,-534978,-117.88
9156.763,-535011,-117.94
9157.763,-535824,-119.38
9158.763,-535363,-118.56
9159.763,-534800,-117.57
9160.763,-534143,-116.41
9161.763,-533235,-114.80
9162.763,-532090,-112.78
9163.763,-532836,-114.10
9164.763,-530788,-110.48
9165.763,-530382,-109.77
9166.763,-529441,-108.11
9167.763,-528898,-107.15
9168.763,-526863,-103.55
9169.763,-524312,-99.05
9170.763,-523072,-96.86
9171.763,-521668,-94.38
9172.763,-518933,-89.55
9173.763,-517065,-86.26
9174.763,-515745,-83.93
9175.763,-512767,-78.67
9176.763,-508878,-71.80
9177.763,-507036,-68.55
9178.763,-504769,-64.55
9179.763,-502019,-59.69
9180.763,-500280,-56.62
9181.763,-496614,-50.15
9182.763,-492973,-43.72
9183.763,-489942,-38.37
9184.763,-487153,-33.44
9185.763,-484407,-28.60
9186.763,-480960,-22.51
9187.763,-477090,-15.68
9188.763,-473158,-8.74
9189.763,-470375,-3.82
9190.763,-467414,1.41
9191.763,-463926,7.56
9192.763,-460621,13.40
9193.763,-457817,18.35
9194.763,-454808,23.66
9195.763,-451154,30.11
9196.763,-449444,33.13
9197.763,-444805,41.32
9198.763,-441359,47.41
9199.763,-439025,51.53
9202.814,-437215,54.72
9203.814,-434742,59.09
9204.814,-430427,66.71
9205.814,-428518,70.08
9206.814,-425937,74.63
9207.814,-423102,79.64
9208.814,-420414,84.39
9209.814,-418145,88.39
9210.814,-416142,91.93
9211.814,-414269,95.23
9212.814,-412097,99.07
9213.814,-410688,101.56
9214.814,-408384,105.63
9215.814,-406907,108.23
9216.814,-405461,110.79
9217.814,-403556,114.15
9218.814,-402106,116.71
9219.814,-401683,117.46
9220.814,-400817,118.98
9221.814,-399983,120.46
9222.814,-400180,120.11
9223.814,-399627,121.09
9224.814,-398783,122.58
9225.814,-399141,121.94
9226.814,-399696,120.96
9227.814,-399297,121.67
9228.814,-400056,120.33
9229.814,-401341,118.06
9230.814,-401521,117.74
9231.814,-401452,117.86
9232.814,-401291,118.15
9233.814,-404118,113.16
9234.814,-404458,112.56
9235.814,-406183,109.51
9236.814,-408160,106.02
9237.814,-409276,104.05
9238.814,-411871,99.47
9239.814,-412814,97.80
9240.814,-415750,92.62
9241.814,-417157,90.14
9242.814,-419318,86.32
9243.814,-421010,83.33
9244.814,-423174,79.51
9245.814,-425260,75.83
9246.814,-427537,71.81
9247.814,-430353,66.84
9248.814,-433097,61.99
9249.814,-435594,57.58
9250.814,-438686,52.13
9251.814,-440661,48.64
9252.814,-443908,42.91
9253.814,-447007,37.43
9254.814,-449314,33.36
9255.814,-452392,27.93
9256.814,-455939,21.66
9257.814,-458710,16.77
9258.814,-461303,12.19
9259.814,-465125,5.45
9260.814,-466039,3.83
9261.814,-469740,-2.70
9262.814,-473724,-9.74
9263.814,-476631,-14.87
9264.814,-479545,-20.01
9265.814,-481774,-23.95
9266.814,-485760,-30.99
9267.814,-487319,-33.74
9268.814,-490168,-38.77
9269.814,-493629,-44.88
9270.814,-495334,-47.89
9271.814,-500216,-56.51
9272.814,-501102,-58.07
9273.814,-503888,-62.99
9274.814,-506072,-66.85
9275.814,-510125,-74.00
9276.814,-511061,-75.66
9277.814,-513908,-80.68
9278.814,-516619,-85.47
9279.814,-518548,-88.87
9280.814,-519355,-90.30
9281.814,-521755,-94.54
9282.814,-524285,-99.00
9283.814,-525207,-100.63
9284.814,-526416,-102.77
9285.814,-529240,-107.75
9286.814,-530152,-109.36
9287.814,-530677,-110.29
9288.814,-532207,-112.99
9289.814,-532039,-112.69
9290.814,-532623,-113.72
9291.814,-533426,-115.14
9292.814,-533461,-115.20
9293.814,-534310,-116.70
9294.814,-534947,-117.83
9295.814,-536105,-119.87
9296.814,-534938,-117.81
9297.814,-535911,-119.53
9298.814,-534245,-116.59
9299.814,-534050,-116.24
9300.814,-534390,-116.84
9303.894,-532858,-114.14
9304.894,-532914,-114.24
9305.894,-530595,-110.14
9306.894,-529432,-108.09
9307.894,-527658,-104.96
9308.894,-527445,-104.58
9309.894,-525940,-101.92
9310.894,-523817,-98.18
9311.894,-522209,-95.34
9312.894,-520397,-92.14
9313.894,-518273,-88.39
9314.894,-515132,-82.84
9315.894,-512789,-78.71
9316.894,-510289,-74.29
9317.894,-508063,-70.36
9318.894,-504837,-64.67
9319.894,-501306,-58.43
9320.894,-499315,-54.92
9321.894,-496493,-49.93
9322.894,-492321,-42.57
9323.894,-490389,-39.16
9324.894,-485886,-31.21
9325.894,-483254,-26.56
9326.894,-479787,-20.44
9327.894,-475651,-13.14
9328.894,-473282,-8.95
9329.894,-469471,-2.23
9330.894,-465403,4.96
9331.894,-462159,10.68
9332.894,-458365,17.38
9333.894,-455284,22.82
9334.894,-452155,28.35
9335.894,-448490,34.82
9336.894,-445443,40.20
9337.894,-442757,44.94
9338.894,-440556,48.82
9339.894,-436969,55.16
9340.894,-433921,60.54
9341.894,-430301,66.93
9342.894,-428553,70.02
9343.894,-425876,74.74
9344.894,-422096,81.42
9345.894,-419934,85.23
9346.894,-416424,91.43
9347.894,-415736,92.64
9348.894,-412630,98.13
9349.894,-410883,101.21
9350.894,-408811,104.87
9351.894,-407326,107.49
9352.894,-405942,109.94
9353.894,-402891,115.32
9354.894,-402749,115.57
9355.894,-402739,115.59
9356.894,-400762,119.08
9357.894,-400203,120.07
9358.894,-400786,119.04
9359.894,-399275,121.71
9360.894,-399242,121.77
9361.894,-398953,122.28
9362.894,-399036,122.13
9363.894,-399437,121.42
9364.894,-400045,120.35
9365.894,-400268,119.95
9366.894,-401965,116.96
9367.894,-402627,115.79
9368.894,-403121,114.92
9369.894,-404657,112.21
9370.894,-405594,110.55
9371.894,-407104,107.88
9372.894,-409092,104.38
9373.894,-410933,101.12
9374.894,-412097,99.07
9375.894,-415623,92.84
9376.894,-417206,90.05
9377.894,-418591,87.60
9378.894,-421012,83.33
9379.894,-423459,79.01
9380.894,-427124,72.54
9381.894,-429099,69.05
9382.894,-431479,64.85
9383.894,-434224,60.00
9384.894,-437685,53.89
9385.894,-440594,48.76
9386.894,-443160,44.23
9387.894,-445701,39.74
9388.894,-448648,34.54
9389.894,-451693,29.16
9390.894,-454292,24.57
9391.894,-457617,18.70
9392.894,-460753,13.17
9393.894,-463054,9.10
9394.894,-466468,3.08
9395.894,-470194,-3.50
9396.894,-473498,-9.34
9397.894,-476706,-15.00
9398.894,-479854,-20.56
9399.894,-482460,-25.16
9400.894,-485132,-29.88
9401.894,-488277,-35.43
9404.917,-492582,-43.03
9405.917,-494757,-46.87
9406.917,-497735,-52.13
9407.917,-501770,-59.25
9408.917,-504138,-63.43
9409.917,-504912,-64.80
9410.917,-508523,-71.17
9411.917,-509884,-73.58
9412.917,-512095,-77.48
9413.917,-514551,-81.82
9414.917,-517549,-87.11
9415.917,-519587,-90.71
9416.917,-520755,-92.77
9417.917,-523242,-97.16
9418.917,-524188,-98.83
9419.917,-525723,-101.54
9420.917,-527287,-104.30
9421.917,-529580,-108.35
9422.917,-531413,-111.59
9423.917,-531773,-112.22
9424.917,-532600,-113.68
9425.917,-533197,-114.74
9426.917,-533207,-114.75
9427.917,-534474,-116.99
9428.917,-533530,-115.33
9429.917,-534570,-117.16
9430.917,-535027,-117.97
9431.917,-533672,-115.58
9432.917,-534165,-116.45
9433.917,-533583,-115.42
9434.917,-533100,-114.57
9435.917,-532386,-113.31
9436.917,-531662,-112.03
9437.917,-529857,-108.84
9438.917,-529959,-109.02
9439.917,-527724,-105.07
9440.917,-527081,-103.94
9441.917,-524036,-98.56
9442.917,-523117,-96.94
9443.917,-522238,-95.39
9444.917,-518454,-88.71
9445.917,-517713,-87.40
9446.917,-515480,-83.46
9447.917,-511615,-76.63
9448.917,-510002,-73.79
9449.917,-506822,-68.17
9450.917,-504553,-64.17
9451.917,-500411,-56.85
9452.917,-497829,-52.29
9453.917,-493899,-45.36
9454.917,-490462,-39.29
9455.917,-487577,-34.19
9456.917,-482934,-26.00
9457.917,-480618,-21.91
9458.917,-476970,-15.47
9459.917,-472854,-8.20
9460.917,-469617,-2.48
9461.917,-465932,4.02
9462.917,-461956,11.04
9463.917,-459090,16.10
9464.917,-455877,21.77
9465.917,-451785,29.00
9466.917,-447875,35.90
9467.917,-445469,40.15
9468.917,-440950,48.13
9469.917,-438609,52.26
9470.917,-434440,59.62
9471.917,-432320,63.37
9472.917,-429257,68.77
9473.917,-426170,74.22
9474.917,-423537,78.87
9475.917,-421167,83.06
9476.917,-418129,88.42
9477.917,-415934,92.30
9478.917,-413571,96.47
9479.917,-411672,99.82
9480.917,-408742,104.99
9481.917,-407091,107.91
9482.917,-405468,110.77
9483.917,-403802,113.71
9484.917,-402578,115.88
9485.917,-401463,117.84
9486.917,-401288,118.15
9487.917,-399954,120.51
9488.917,-399457,121.39
9489.917,-398822,122.51
9490.917,-398634,122.84
9491.917,-398877,122.41
9492.917,-397986,123.98
9493.917,-399894,120.61
9494.917,-400830,118.96
9495.917,-400345,119.82
9496.917,-401325,118.09
9497.917,-402499,116.02
9498.917,-402932,115.25
9499.917,-404257,112.91
9500.917,-405602,110.54
9501.917,-408020,106.27
9502.917,-410442,101.99
9505.959,-413359,96.84
9506.959,-414164,95.42
9507.959,-416635,91.06
9508.959,-419075,86.75
9509.959,-421970,81.64
9510.959,-422674,80.40
9511.959,-426864,73.00
9512.959,-428972,69.28
9513.959,-432345,63.32
9514.959,-435344,58.03
9515.959,-438116,53.13
9516.959,-440979,48.08
9517.959,-444565,41.75
9518.959,-447375,36.78
9519.959,-450936,30.50
9520.959,-453198,26.50
9521.959,-457624,18.69
9522.959,-459732,14.97
9523.959,-462526,10.04
9524.959,-465411,4.94
9525.959,-470053,-3.25
9526.959,-472124,-6.91
9527.959,-475376,-12.65
9528.959,-478894,-18.86
9529.959,-482087,-24.50
9530.959,-486005,-31.42
9531.959,-488974,-36.66
9532.959,-491545,-41.20
9533.959,-494391,-46.22
9534.959,-496625,-50.17
9535.959,-500529,-57.06
9536.959,-501979,-59.62
9537.959,-506075,-66.85
9538.959,-508208,-70.62
9539.959,-511346,-76.16
9540.959,-513830,-80.54
9541.959,-516407,-85.09
9542.959,-518693,-89.13
9543.959,-519371,-90.33
9544.959,-522140,-95.22
9545.959,-523739,-98.04
9546.959,-527107,-103.99
9547.959,-527871,-105.33
9548.959,-528228,-105.96
9549.959,-530256,-109.54
9550.959,-531306,-111.40
9551.959,-531456,-111.66
9552.959,-532475,-113.46
9553.959,-533568,-115.39
9554.959,-533582,-115.42
9555.959,-534296,-116.68
9556.959,-534288,-116.66
9557.959,-534555,-117.13
9558.959,-534405,-116.87
9559.959,-533813,-115.82
9560.959,-533157,-114.67
9561.959,-532500,-113.51
9562.959,-532098,-112.80
9563.959,-530972,-110.81
9564.959,-529690,-108.55
9565.959,-528542,-106.52
9566.959,-527304,-104.33
9567.959,-525471,-101.10
9568.959,-523666,-97.91
9569.959,-522691,-96.19
9570.959,-519040,-89.74
9571.959,-517002,-86.14
9572.959,-514771,-82.21
9573.959,-512219,-77.70
9574.959,-510469,-74.61
9575.959,-507509,-69.38
9576.959,-503948,-63.10
9577.959,-502011,-59.68
9578.959,-497638,-51.96
9579.959,-495217,-47.68
9580.959,-491918,-41.86
9581.959,-487770,-34.53
9582.959,-483597,-27.17
9583.959,-480408,-21.54
9584.959,-477115,-15.72
9585.959,-473437,-9.23
9586.959,-469277,-1.88
9587.959,-465584,4.64
9588.959,-461754,11.40
9589.959,-458242,17.60
9590.959,-453778,25.48
9591.959,-451106,30.20
9592.959,-446702,37.97
9593.959,-444210,42.37
9594.959,-440197,49.46
9595.959,-436978,55.14
9596.959,-434278,59.91
9597.959,-431422,64.95
9598.959,-427142,72.51
9599.959,-424829,76.59
9600.959,-421606,82.28
9601.959,-419848,85.38
9602.959,-416419,91.44
9603.959,-414465,94.89
9607.021,-411610,99.93
9608.021,-409884,102.98
9609.021,-407291,107.55
9610.021,-405230,111.19
9611.021,-403862,113.61
9612.021,-402683,115.69
9613.021,-401556,117.68
9614.021,-401285,118.16
9615.021,-400475,119.59
9616.021,-398937,122.30
9617.021,-399668,121.01
9618.021,-399003,122.19
9619.021,-398919,122.34
9620.021,-399068,122.07
9621.021,-399251,121.75
9622.021,-400132,120.19
9623.021,-400376,119.76
9624.021,-402060,116.79
9625.021,-403018,115.10
9626.021,-404333,112.78
9627.021,-406246,109.40
9628.021,-408195,105.96
9629.021,-409322,103.97
9630.021,-411746,99.69
9631.021,-412762,97.90
9632.021,-415899,92.36
9633.021,-417692,89.19
9634.021,-420966,83.41
9635.021,-422894,80.01
9636.021,-427456,71.95
9637.021,-429024,69.18
9638.021,-431638,64.57
9639.021,-435223,58.24
9640.021,-437607,54.03
9641.021,-442031,46.22
9642.021,-445308,40.43
9643.021,-448069,35.56
9644.021,-450808,30.72
9645.021,-454584,24.06
9646.021,-457883,18.23
9647.021,-460556,13.51
9648.021,-463737,7.90
9649.021,-466785,2.52
9650.021,-470392,-3.85
9651.021,-473774,-9.82
9652.021,-478414,-18.02
9653.021,-480862,-22.34
9654.021,-483304,-26.65
9655.021,-487377,-33.84
9656.021,-491289,-40.75
9657.021,-493613,-44.85
9658.021,-497382,-51.50
9659.021,-499980,-56.09
9660.021,-502294,-60.18
9661.021,-505045,-65.03
9662.021,-507936,-70.14
9663.021,-510925,-75.42
9664.021,-513571,-80.09
9665.021,-515476,-83.45
9666.021,-517935,-87.79
9667.021,-519632,-90.79
9668.021,-522237,-95.39
9669.021,-523917,-98.35
9670.021,-525988,-102.01
9671.021,-527465,-104.62
9672.021,-528125,-105.78
9673.021,-529861,-108.85
9674.021,-531168,-111.16
9675.021,-531545,-111.82
9676.021,-532493,-113.49
9677.021,-533415,-115.12
9678.021,-533739,-115.69
9679.021,-534397,-116.86
9680.021,-533935,-116.04
9681.021,-534345,-116.76
9682.021,-533933,-116.04
9683.021,-533718,-115.66
9684.021,-532266,-113.09
9685.021,-532089,-112.78
9686.021,-529952,-109.01
9687.021,-530375,-109.75
9688.021,-527681,-105.00
9689.021,-527202,-104.15
9690.021,-526487,-102.89
9691.021,-524438,-99.27
9692.021,-520871,-92.98
9693.021,-520459,-92.25
9694.021,-518397,-88.61
9695.021,-515758,-83.95
9696.021,-513682,-80.28
9697.021,-510648,-74.93
9698.021,-506849,-68.22
9699.021,-504826,-64.65
9700.021,-500517,-57.04
9701.021,-498438,-53.37
9702.021,-494067,-45.65
9703.021,-491159,-40.52
9704.021,-486671,-32.59
9705.021,-483419,-26.85
9708.071,-480359,-21.45
9709.071,-476565,-14.75
9710.071,-472729,-7.98
9711.071,-467871,0.60
9712.071,-464661,6.27
9713.071,-459334,15.67
9714.071,-457340,19.19
9715.071,-452190,28.28
9716.071,-449944,32.25
9717.071,-446110,39.02
9718.071,-442339,45.68
9719.071,-438407,52.62
9720.071,-434742,59.09
9721.071,-432485,63.07
9722.071,-428406,70.28
9723.071,-424912,76.44
9724.071,-422260,81.13
9725.071,-419526,85.95
9726.071,-416778,90.81
9727.071,-414095,95.54
9728.071,-411444,100.22
9729.071,-409702,103.30
9730.071,-406261,109.37
9731.071,-405458,110.79
9732.071,-404446,112.58
9733.071,-402500,116.01
9734.071,-401671,117.48
9735.071,-400377,119.76
9736.071,-399555,121.21
9737.071,-398723,122.68
9738.071,-398053,123.86
9739.071,-398821,122.51
9740.071,-398300,123.43
9741.071,-398883,122.40
9742.071,-400828,118.97
9743.071,-400656,119.27
9744.071,-401591,117.62
9745.071,-403011,115.11
9746.071,-403514,114.22
9747.071,-404994,111.61
9748.071,-406279,109.34
9749.071,-407905,106.47
9750.071,-411044,100.93
9751.071,-413086,97.32
9752.071,-414638,94.58
9753.071,-417359,89.78
9754.071,-419834,85.41
9755.071,-422364,80.94
9756.071,-426298,74.00
9757.071,-428336,70.40
9758.071,-431089,65.54
9759.071,-434049,60.31
9760.071,-436867,55.34
9761.071,-440767,48.45
9762.071,-443835,43.03
9763.071,-447726,36.17
9764.071,-451127,30.16
9765.071,-455437,22.55
9766.071,-457590,18.75
9767.071,-460721,13.22
9768.071,-464208,7.07
9769.071,-467339,1.54
9770.071,-471795,-6.33
9771.071,-474571,-11.23
9772.071,-478392,-17.98
9773.071,-481278,-23.07
9774.071,-485079,-29.78
9775.071,-488314,-35.49
9776.071,-491017,-40.27
9777.071,-494250,-45.97
9778.071,-497821,-52.28
9779.071,-500900,-57.72
9780.071,-503607,-62.49
9781.071,-506692,-67.94
9782.071,-509142,-72.27
9783.071,-511581,-76.57
9784.071,-514637,-81.97
9785.071,-517668,-87.32
9786.071,-518641,-89.04
9787.071,-520896,-93.02
9788.071,-522237,-95.39
9789.071,-525249,-100.70
9790.071,-525973,-101.98
9791.071,-527952,-105.48
9792.071,-529813,-108.76
9793.071,-530803,-110.51
9794.071,-531807,-112.28
9795.071,-531575,-111.87
9796.071,-532646,-113.76
9797.071,-533845,-115.88
9798.071,-533589,-115.43
9799.071,-533595,-115.44
9800.071,-533813,-115.82
9801.071,-533990,-116.14
9802.071,-533149,-114.65
9803.071,-532072,-112.75
9804.071,-531014,-110.88
9805.071,-530832,-110.56
9806.071,-529548,-108.29
9809.123,-529332,-107.91
9810.123,-526504,-102.92
9811.123,-525300,-100.79
9812.123,-523943,-98.40
9813.123,-521419,-93.94
9814.123,-519705,-90.92
9815.123,-518132,-88.14
9816.123,-514651,-81.99
9817.123,-511530,-76.48
9818.123,-509312,-72.57
9819.123,-505515,-65.86
9820.123,-502600,-60.72
9821.123,-499693,-55.58
9822.123,-495901,-48.89
9823.123,-492999,-43.77
9824.123,-488348,-35.55
9825.123,-484823,-29.33
9826.123,-481184,-22.91
9827.123,-477344,-16.13
9828.123,-472988,-8.44
9829.123,-468655,-0.79
9830.123,-465116,5.46
9831.123,-460262,14.03
9832.123,-457788,18.40
9833.123,-453811,25.42
9834.123,-450498,31.27
9835.123,-446475,38.37
9836.123,-442164,45.99
9837.123,-438917,51.72
9838.123,-435864,57.11
9839.123,-432056,63.83
9840.123,-429007,69.21
9841.123,-425447,75.50
9842.123,-422478,80.74
9843.123,-419111,86.69
9844.123,-417015,90.39
9845.123,-412846,97.75
9846.123,-410365,102.13
9847.123,-408577,105.28
9848.123,-406356,109.21
9849.123,-405124,111.38
9850.123,-403878,113.58
9851.123,-402120,116.68
9852.123,-402362,116.26
9853.123,-401163,118.37
9854.123,-399086,122.04
9855.123,-399312,121.64
9856.123,-398928,122.32
9857.123,-398832,122.49
9858.123,-399388,121.51
9859.123,-399701,120.96
9860.123,-399562,121.20
9861.123,-401302,118.13
9862.123,-400699,119.19
9863.123,-402713,115.64
9864.123,-404061,113.26
9865.123,-405486,110.74
9866.123,-408439,105.53
9867.123,-409631,103.42
9868.123,-412275,98.76
9869.123,-414137,95.47
9870.123,-416265,91.71
9871.123,-419814,85.44
9872.123,-422672,80.40
9873.123,-425182,75.97
9874.123,-428391,70.30
9875.123,-430950,65.78
9876.123,-434767,59.04
9877.123,-437033,55.04
9878.123,-441123,47.82
9879.123,-443657,43.35
9880.123,-448082,35.54
9881.123,-450569,31.15
9882.123,-455031,23.27
9883.123,-458113,17.83
9884.123,-460898,12.91
9885.123,-464405,6.72
9886.123,-469254,-1.84
9887.123,-471565,-5.92
9888.123,-475526,-12.92
9889.123,-478807,-18.71
9890.123,-482398,-25.05
9891.123,-485551,-30.62
9892.123,-489705,-37.95
9893.123,-492856,-43.51
9894.123,-495334,-47.89
9895.123,-498782,-53.98
9896.123,-501557,-58.88
9897.123,-504694,-64.41
9898.123,-507876,-70.03
9899.123,-510119,-73.99
9900.123,-514138,-81.09
9901.123,-515601,-83.67
9902.123,-518459,-88.72
9903.123,-520939,-93.10
9904.123,-522319,-95.53
9905.123,-523987,-98.48
9906.123,-526363,-102.67
9907.123,-528334,-106.15
9910.213,-529055,-107.42
9911.213,-531891,-112.43
9912.213,-531131,-111.09
9913.213,-532353,-113.25
9914.213,-532890,-114.20
9915.213,-533472,-115.22
9916.213,-533535,-115.33
9917.213,-534185,-116.48
9918.213,-533944,-116.06
9919.213,-534339,-116.75
9920.213,-534216,-116.54
9921.213,-533209,-114.76
9922.213,-531127,-111.08
9923.213,-529856,-108.84
9924.213,-530566,-110.09
9925.213,-528641,-106.69
9926.213,-526863,-103.55
9927.213,-525179,-100.58
9928.213,-523178,-97.05
9929.213,-521969,-94.91
9930.213,-519036,-89.74
9931.213,-516144,-84.63
9932.213,-514080,-80.99
9933.213,-510803,-75.20
9934.213,-508660,-71.42
9935.213,-504502,-64.08
9936.213,-501565,-58.89
9937.213,-497907,-52.43
9938.213,-494623,-46.63
9939.213,-491531,-41.17
9940.213,-485826,-31.10
9941.213,-482729,-25.63
9942.213,-479432,-19.81
9943.213,-475660,-13.15
9944.213,-470834,-4.63
9945.213,-466801,2.49
9946.213,-461943,11.06
9947.213,-459383,15.58
9948.213,-454409,24.37
9949.213,-450531,31.21
9950.213,-447141,37.20
9951.213,-443115,44.31
9952.213,-439202,51.21
9953.213,-435812,57.20
9954.213,-431779,64.32
9955.213,-429262,68.76
9956.213,-425402,75.58
9957.213,-423407,79.10
9958.213,-419572,85.87
9959.213,-417502,89.53
9960.213,-414607,94.64
9961.213,-411706,99.76
9962.213,-409105,104.35
9963.213,-407100,107.89
9964.213,-404522,112.44
9965.213,-403968,113.42
9966.213,-402502,116.01
9967.213,-400749,119.10
9968.213,-400044,120.35
9969.213,-400497,119.55
9970.213,-399317,121.63
9971.213,-398721,122.69
9972.213,-399466,121.37
9973.213,-398962,122.26
9974.213,-399426,121.44
9975.213,-400005,120.42
9976.213,-401536,117.72
9977.213,-402258,116.44
9978.213,-403266,114.66
9979.213,-404847,111.87
9980.213,-406643,108.70
9981.213,-408639,105.17
9982.213,-411153,100.74
9983.213,-413743,96.16
9984.213,-415913,92.33
9985.213,-417635,89.29
9986.213,-422194,81.24
9987.213,-423296,79.30
9988.213,-427013,72.73
9989.213,-428905,69.39
9990.213,-433237,61.75
9991.213,-436325,56.29
9992.213,-439227,51.17
9993.213,-442563,45.28
9994.213,-447446,36.66
9995.213,-450694,30.93
9996.213,-453533,25.91
9997.213,-457863,18.27
9998.213,-461158,12.45
9999.213,-464410,6.71
10000.213,-468246,-0.06
10001.213,-471681,-6.13
10002.213,-475164,-12.28
10003.213,-478689,-18.50
10004.213,-481836,-24.06
10005.213,-485692,-30.87
10006.213,-488699,-36.17
10007.213,-492460,-42.81
10008.213,-496543,-50.02
10011.257,-499320,-54.93
10012.257,-502552,-60.63
10013.257,-504863,-64.71
10014.257,-507541,-69.44
10015.257,-511231,-75.96
10016.257,-514334,-81.43
10017.257,-516637,-85.50
10018.257,-518588,-88.94
10019.257,-520651,-92.59
10020.257,-523657,-97.89
10021.257,-525730,-101.55
10022.257,-527973,-105.51
10023.257,-528716,-106.83
10024.257,-529740,-108.63
10025.257,-531527,-111.79
10026.257,-531788,-112.25
10027.257,-532662,-113.79
10028.257,-533195,-114.73
10029.257,-534012,-116.18
10030.257,-535045,-118.00
10031.257,-534088,-116.31
10032.257,-533831,-115.86
10033.257,-533867,-115.92
10034.257,-532310,-113.17
10035.257,-533160,-114.67
10036.257,-531398,-111.56
10037.257,-530036,-109.16
10038.257,-529336,-107.92
10039.257,-527724,-105.07
10040.257,-525267,-100.74
10041.257,-523583,-97.76
10042.257,-521956,-94.89
10043.257,-520141,-91.69
10044.257,-516813,-85.81
10045.257,-514562,-81.84
10046.257,-511648,-76.69
10047.257,-507780,-69.86
10048.257,-505665,-66.13
10049.257,-502648,-60.80
10050.257,-498721,-53.87
10051.257,-494840,-47.02
10052.257,-490753,-39.80
10053.257,-487443,-33.96
10054.257,-482982,-26.08
10055.257,-479600,-20.11
10056.257,-474535,-11.17
10057.257,-470822,-4.61
10058.257,-466294,3.38
10059.257,-462775,9.60
10060.257,-458085,17.88
10061.257,-455630,22.21
10062.257,-450680,30.95
10063.257,-446937,37.56
10064.257,-441369,47.39
10065.257,-439110,51.38
10066.257,-435340,58.03
10067.257,-431761,64.35
10068.257,-428952,69.31
10069.257,-426607,73.45
10070.257,-422125,81.36
10071.257,-419167,86.59
10072.257,-415725,92.66
10073.257,-413898,95.89
10074.257,-410791,101.38
10075.257,-409436,103.77
10076.257,-406531,108.90
10077.257,-404983,111.63
10078.257,-403613,114.05
10079.257,-402055,116.80
10080.257,-400288,119.92
10081.257,-399465,121.37
10082.257,-399881,120.64
10083.257,-398932,122.31
10084.257,-398481,123.11
10085.257,-398876,122.41
10086.257,-399550,121.22
10087.257,-400963,118.73
10088.257,-401830,117.20
10089.257,-402758,115.56
10090.257,-403259,114.67
10091.257,-404667,112.19
10092.257,-406585,108.80
10093.257,-409210,104.17
10094.257,-409787,103.15
10095.257,-412773,97.88
10096.257,-415269,93.47
10097.257,-417327,89.84
10098.257,-420491,84.25
10099.257,-423142,79.57
10100.257,-425170,75.99
10101.257,-428693,69.77
10102.257,-432338,63.33
10103.257,-435750,57.31
10104.257,-439588,50.53
10105.257,-442565,45.28
10106.257,-446278,38.72
10107.257,-449358,33.28
10108.257,-453463,26.04
10109.257,-456636,20.43
10112.305,-459703,15.02
10113.305,-463489,8.33
10114.305,-468458,-0.44
10115.305,-471130,-5.16
10116.305,-474964,-11.92
10117.305,-479150,-19.32
10118.305,-482039,-24.42
10119.305,-486848,-32.91
10120.305,-489323,-37.28
10121.305,-493004,-43.77
10122.305,-497339,-51.43
10123.305,-500346,-56.74
10124.305,-502523,-60.58
10125.305,-505875,-66.50
10126.305,-510150,-74.05
10127.305,-512503,-78.20
10128.305,-514783,-82.23
10129.305,-517191,-86.48
10130.305,-520289,-91.95
10131.305,-522083,-95.12
10132.305,-523646,-97.87
10133.305,-525497,-101.14
10134.305,-527247,-104.23
10135.305,-529290,-107.84
10136.305,-530003,-109.10
10137.305,-532069,-112.75
10138.305,-532364,-113.27
10139.305,-532796,-114.03
10140.305,-533092,-114.55
10141.305,-534368,-116.80
10142.305,-534549,-117.12
10143.305,-533778,-115.76
10144.305,-533566,-115.39
10145.305,-534489,-117.02
10146.305,-532390,-113.31
10147.305,-532931,-114.27
10148.305,-530351,-109.71
10149.305,-529577,-108.35
10150.305,-529108,-107.52
10151.305,-525455,-101.07
10152.305,-524430,-99.26
10153.305,-522671,-96.15
10154.305,-519754,-91.00
10155.305,-518032,-87.96
10156.305,-515853,-84.12
10157.305,-513012,-79.10
10158.305,-508890,-71.82
10159.305,-506084,-66.87
10160.305,-503073,-61.55
10161.305,-500091,-56.29
10162.305,-494718,-46.80
10163.305,-491581,-41.26
10164.305,-487709,-34.43
10165.305,-483553,-27.09
10166.305,-479349,-19.67
10167.305,-474815,-11.66
10168.305,-470965,-4.86
10169.305,-466636,2.78
10170.305,-462526,10.04
10171.305,-457886,18.23
10172.305,-454522,24.17
10173.305,-450284,31.65
10174.305,-446504,38.32
10175.305,-442100,46.10
10176.305,-439018,51.54
10177.305,-435071,58.51
10178.305,-431334,65.11
10179.305,-428196,70.65
10180.305,-425628,75.18
10181.305,-420739,83.81
10182.305,-417620,89.32
10183.305,-415199,93.59
10184.305,-412688,98.03
10185.305,-410229,102.37
10186.305,-407848,106.57
10187.305,-406294,109.32
10188.305,-404597,112.31
10189.305,-402582,115.87
10190.305,-401873,117.12
10191.305,-400567,119.43
10192.305,-400359,119.79
10193.305,-399262,121.73
10194.305,-398890,122.39
10195.305,-399522,121.27
10196.305,-401078,118.52
10197.305,-400559,119.44
10198.305,-400474,119.59
10199.305,-401036,118.60
10200.305,-402977,115.17
10201.305,-403720,113.86
10202.305,-405676,110.41
10203.305,-406974,108.11
10204.305,-410251,102.33
10205.305,-412113,99.04
10206.305,-414037,95.64
10207.305,-416507,91.28
10208.305,-418849,87.15
10209.305,-421674,82.16
10210.305,-424244,77.62
10213.332,-428539,70.04
10214.332,-431281,65.20
10215.332,-434186,60.07
10216.332,-437269,54.63
10217.332,-441908,46.44
10218.332,-445099,40.80
10219.332,-449142,33.67
10220.332,-452905,27.02
10221.332,-455280,22.83
10222.332,-459027,16.21
10223.332,-462562,9.97
10224.332,-466622,2.80
10225.332,-470832,-4.63
10226.332,-473612,-9.54
10227.332,-477001,-15.52
10228.332,-481538,-23.53
10229.332,-485136,-29.88
10230.332,-489079,-36.85
10231.332,-492612,-43.08
10232.332,-496410,-49.79
10233.332,-500352,-56.75
10234.332,-502201,-60.01
10235.332,-506077,-66.86
10236.332,-507554,-69.46
10237.332,-511887,-77.11
10238.332,-513611,-80.16
10239.332,-515727,-83.89
10240.332,-518942,-89.57
10241.332,-521717,-94.47
10242.332,-524384,-99.18
10243.332,-526073,-102.16
10244.332,-528097,-105.73
10245.332,-529314,-107.88
10246.332,-530384,-109.77
10247.332,-532273,-113.11
10248.332,-532690,-113.84
10249.332,-532097,-112.80
10250.332,-533796,-115.79
10251.332,-533485,-115.25
10252.332,-534600,-117.21
10253.332,-533341,-114.99
10254.332,-533836,-115.87
10255.332,-533560,-115.38
10256.332,-532382,-113.30
10257.332,-532441,-113.40
10258.332,-529470,-108.16
10259.332,-528483,-106.41
10260.332,-527543,-104.75
10261.332,-526176,-102.34
10262.332,-523555,-97.71
10263.332,-522867,-96.50
10264.332,-519870,-91.21
10265.332,-517244,-86.57
10266.332,-513423,-79.83
10267.332,-511010,-75.57
10268.332,-508748,-71.57
10269.332,-504123,-63.41
10270.332,-501323,-58.46
10271.332,-497433,-51.59
10272.332,-493670,-44.95
10273.332,-489740,-38.01
10274.332,-485462,-30.46
10275.332,-481612,-23.66
10276.332,-477805,-16.94
10277.332,-472987,-8.43
10278.332,-468460,-0.44
10279.332,-464279,6.94
10280.332,-460056,14.40
10281.332,-455451,22.53
10282.332,-451601,29.32
10283.332,-448535,34.74
10284.332,-443917,42.89
10285.332,-438950,51.66
10286.332,-436552,55.89
10287.332,-432495,63.06
10288.332,-429272,68.75
10289.332,-426504,73.63
10290.332,-422148,81.32
10291.332,-419240,86.46
10292.332,-416636,91.06
10293.332,-413364,96.83
10294.332,-410347,102.16
10295.332,-408380,105.63
10296.332,-406766,108.48
10297.332,-404380,112.69
10298.332,-403256,114.68
10299.332,-400851,118.92
10300.332,-400789,119.03
10301.332,-400756,119.09
10302.332,-400026,120.38
10303.332,-399257,121.74
10304.332,-399463,121.38
10305.332,-400231,120.02
10306.332,-399577,121.17
10307.332,-400156,120.15
10308.332,-401225,118.26
10309.332,-401780,117.28
10310.332,-404643,112.23
10311.332,-406423,109.09
10314.381,-407126,107.85
10315.381,-409700,103.30
10316.381,-411241,100.58
10317.381,-413814,96.04
10318.381,-417176,90.10
10319.381,-419048,86.80
10320.381,-423354,79.19
10321.381,-425435,75.52
10322.381,-427942,71.09
10323.381,-431381,65.02
10324.381,-435397,57.93
10325.381,-438724,52.06
10326.381,-441502,47.15
10327.381,-446442,38.43
10328.381,-448727,34.40
10329.381,-453658,25.69
10330.381,-455949,21.65
10331.381,-459866,14.73
10332.381,-464742,6.12
10333.381,-467975,0.41
10334.381,-471432,-5.69
10335.381,-474781,-11.60
10336.381,-478536,-18.23
10337.381,-482954,-26.03
10338.381,-486491,-32.28
10339.381,-490546,-39.44
10340.381,-493027,-43.82
10341.381,-497239,-51.25
10342.381,-500536,-57.07
10343.381,-504121,-63.40
10344.381,-507274,-68.97
10345.381,-510225,-74.18
10346.381,-512029,-77.36
10347.381,-515018,-82.64
10348.381,-517348,-86.76
10349.381,-520235,-91.85
10350.381,-522699,-96.20
10351.381,-524696,-99.73
10352.381,-526584,-103.06
10353.381,-528240,-105.99
10354.381,-529817,-108.77
10355.381,-531086,-111.01
10356.381,-531289,-111.37
10357.381,-532604,-113.69
10358.381,-533620,-115.48
10359.381,-533482,-115.24
10360.381,-533871,-115.93
10361.381,-534592,-117.20
10362.381,-534293,-116.67
10363.381,-533371,-115.04
10364.381,-532797,-114.03
10365.381,-531732,-112.15
10366.381,-530862,-110.61
10367.381,-529302,-107.86
10368.381,-528173,-105.87
10369.381,-526741,-103.34
10370.381,-523846,-98.23
10371.381,-523398,-97.44
10372.381,-519558,-90.66
10373.381,-517711,-87.40
10374.381,-514940,-82.50
10375.381,-511210,-75.92
10376.381,-509281,-72.51
10377.381,-504818,-64.63
10378.381,-501400,-58.60
10379.381,-497799,-52.24
10380.381,-494186,-45.86
10381.381,-490854,-39.98
10382.381,-486710,-32.66
10383.381,-481716,-23.85
10384.381,-477250,-15.96
10385.381,-472848,-8.19
10386.381,-468880,-1.18
10387.381,-464424,6.68
10388.381,-460504,13.61
10389.381,-456062,21.45
10390.381,-452534,27.68
10391.381,-448121,35.47
10392.381,-444584,41.71
10393.381,-440023,49.77
10394.381,-436916,55.25
10395.381,-432997,62.17
10396.381,-430137,67.22
10397.381,-427007,72.75
10398.381,-422367,80.94
10399.381,-419072,86.75
10400.381,-415993,92.19
10401.381,-413578,96.45
10402.381,-411949,99.33
10403.381,-408096,106.13
10404.381,-406459,109.02
10405.381,-405451,110.80
10406.381,-403260,114.67
10407.381,-401428,117.91
10408.381,-400924,118.80
10409.381,-400451,119.63
10410.381,-400752,119.10
10411.381,-398125,123.74
10412.381,-399064,122.08
10415.433,-400593,119.38
10416.433,-400514,119.52
10417.433,-400329,119.85
10418.433,-402206,116.53
10419.433,-403093,114.97
10420.433,-404321,112.80
10421.433,-406346,109.22
10422.433,-408452,105.51
10423.433,-410214,102.39
10424.433,-411708,99.76
10425.433,-415874,92.40
10426.433,-416948,90.51
10427.433,-420220,84.73
10428.433,-422390,80.90
10429.433,-426727,73.24
10430.433,-428822,69.54
10431.433,-432835,62.46
10432.433,-436786,55.48
10433.433,-440209,49.44
10434.433,-443922,42.88
10435.433,-447142,37.20
10436.433,-450267,31.68
10437.433,-455203,22.96
10438.433,-457870,18.26
10439.433,-461494,11.86
10440.433,-465561,4.68
10441.433,-469330,-1.98
10442.433,-474460,-11.03
10443.433,-476938,-15.41
10444.433,-480801,-22.23
10445.433,-484503,-28.77
10446.433,-489041,-36.78
10447.433,-492200,-42.36
10448.433,-496302,-49.60
10449.433,-499151,-54.63
10450.433,-502044,-59.74
10451.433,-505616,-66.04
10452.433,-508385,-70.93
10453.433,-511355,-76.17
10454.433,-514650,-81.99
10455.433,-516189,-84.71
10456.433,-518698,-89.14
10457.433,-521575,-94.22
10458.433,-524409,-99.22
10459.433,-525268,-100.74
10460.433,-528159,-105.84
10461.433,-529482,-108.18
10462.433,-530467,-109.92
10463.433,-530652,-110.24
10464.433,-532118,-112.83
10465.433,-532911,-114.23
10466.433,-533833,-115.86
10467.433,-534578,-117.18
10468.433,-534025,-116.20
10469.433,-534864,-117.68
10470.433,-534225,-116.55
10471.433,-532528,-113.56
10472.433,-532073,-112.75
10473.433,-529575,-108.34
10474.433,-529224,-107.72
10475.433,-528953,-107.24
10476.433,-526547,-103.00
10477.433,-525009,-100.28
10478.433,-521420,-93.94
10479.433,-519403,-90.38
10480.433,-517992,-87.89
10481.433,-515413,-83.34
10482.433,-512532,-78.25
10483.433,-508532,-71.19
10484.433,-505975,-66.68
10485.433,-502635,-60.78
10486.433,-498550,-53.57
10487.433,-495214,-47.68
10488.433,-490607,-39.54
10489.433,-485839,-31.12
10490.433,-483028,-26.16
10491.433,-478091,-17.45
10492.433,-473400,-9.16
10493.433,-468713,-0.89
10494.433,-464363,6.79
10495.433,-460063,14.38
10496.433,-455253,22.88
10497.433,-451329,29.80
10498.433,-447951,35.77
10499.433,-444273,42.26
10500.433,-440465,48.98
10501.433,-435659,57.47
10502.433,-432335,63.34
10503.433,-429807,67.80
10504.433,-425246,75.85
10505.433,-422838,80.11
10506.433,-419334,86.29
10507.433,-415660,92.78
10508.433,-412544,98.28
10509.433,-410210,102.40
10510.433,-408242,105.88
10511.433,-405669,110.42
10512.433,-404274,112.88
10513.433,-402825,115.44
10516.486,-402390,116.21
10517.486,-399142,121.94
10518.486,-399740,120.89
10519.486,-399368,121.54
10520.486,-399996,120.43
10521.486,-398765,122.61
10522.486,-399371,121.54
10523.486,-399618,121.10
10524.486,-401062,118.55
10525.486,-402346,116.29
10526.486,-403040,115.06
10527.486,-403922,113.50
10528.486,-407260,107.61
10529.486,-408187,105.97
10530.486,-409638,103.41
10531.486,-413475,96.64
10532.486,-415066,93.83
10533.486,-417460,89.60
10534.486,-420236,84.70
10535.486,-423647,78.68
10536.486,-425958,74.60
10537.486,-429756,67.89
10538.486,-433844,60.67
10539.486,-437088,54.95
10540.486,-441332,47.45
10541.486,-443878,42.96
10542.486,-448633,34.56
10543.486,-451538,29.43
10544.486,-455953,21.64
10545.486,-459751,14.93
10546.486,-463233,8.79
10547.486,-466684,2.69
10548.486,-471046,-5.01
10549.486,-474310,-10.77
10550.486,-479273,-19.53
10551.486,-482734,-25.64
10552.486,-486736,-32.71
10553.486,-490251,-38.91
10554.486,-493608,-44.84
10555.486,-497757,-52.17
10556.486,-500484,-56.98
10557.486,-503105,-61.61
10558.486,-506013,-66.74
10559.486,-509897,-73.60
10560.486,-512516,-78.22
10561.486,-514901,-82.43
10562.486,-518208,-88.27
10563.486,-520839,-92.92
10564.486,-522793,-96.37
10565.486,-524757,-99.84
10566.486,-526478,-102.87
10567.486,-527986,-105.54
10568.486,-530182,-109.41
10569.486,-530985,-110.83
10570.486,-532106,-112.81
10571.486,-533350,-115.01
10572.486,-532984,-114.36
10573.486,-533890,-115.96
10574.486,-533792,-115.79
10575.486,-533681,-115.59
10576.486,-532971,-114.34
10577.486,-533718,-115.66
10578.486,-532325,-113.20
10579.486,-532153,-112.89
10580.486,-529815,-108.77
10581.486,-529066,-107.44
10582.486,-527337,-104.39
10583.486,-525170,-100.57
10584.486,-522642,-96.10
10585.486,-521914,-94.82
10586.486,-517949,-87.82
10587.486,-516169,-84.67
10588.486,-513637,-80.20
10589.486,-508904,-71.85
10590.486,-506066,-66.84
10591.486,-501932,-59.54
10592.486,-499172,-54.66
10593.486,-495776,-48.67
10594.486,-491919,-41.86
10595.486,-487230,-33.58
10596.486,-483159,-26.39
10597.486,-478532,-18.22
10598.486,-474770,-11.58
10599.486,-470297,-3.68
10600.486,-465811,4.24
10601.486,-461112,12.53
10602.486,-457067,19.67
10603.486,-452641,27.49
10604.486,-447830,35.98
10605.486,-445252,40.53
10606.486,-440957,48.12
10607.486,-436606,55.80
10608.486,-434111,60.20
10609.486,-429285,68.72
10610.486,-426390,73.83
10611.486,-423729,78.53
10612.486,-419267,86.41
10613.486,-415752,92.62
10614.486,-413141,97.23
10617.538,-410677,101.58
10618.538,-408984,104.57
10619.538,-406198,109.48
10620.538,-404698,112.13
10621.538,-402771,115.54
10622.538,-401235,118.25
10623.538,-400881,118.87
10624.538,-398891,122.39
10625.538,-399137,121.95
10626.538,-398185,123.63
10627.538,-399335,121.60
10628.538,-399005,122.18
10629.538,-398861,122.44
10630.538,-400544,119.47
10631.538,-402424,116.15
10632.538,-403140,114.88
10633.538,-405221,111.21
10634.538,-406190,109.50
10635.538,-408583,105.27
10636.538,-410033,102.71
10637.538,-411826,99.55
10638.538,-415236,93.53
10639.538,-417766,89.06
10640.538,-421024,83.31
10641.538,-424278,77.56
10642.538,-427765,71.41
10643.538,-429272,68.75
10644.538,-433748,60.84
10645.538,-437922,53.47
10646.538,-440942,48.14
10647.538,-444652,41.59
10648.538,-448543,34.72
10649.538,-452880,27.07
10650.538,-457098,19.62
10651.538,-460122,14.28
10652.538,-463925,7.57
10653.538,-467797,0.73
10654.538,-471482,-5.78
10655.538,-475083,-12.13
10656.538,-479439,-19.83
10657.538,-484840,-29.36
10658.538,-487360,-33.81
10659.538,-491129,-40.46
10660.538,-494525,-46.46
10661.538,-498015,-52.62
10662.538,-501161,-58.18
10663.538,-504151,-63.46
10664.538,-507053,-68.58
10665.538,-509987,-73.76
10666.538,-513763,-80.43
10667.538,-515931,-84.25
10668.538,-519599,-90.73
10669.538,-521402,-93.91
10670.538,-524089,-98.66
10671.538,-525528,-101.20
10672.538,-527591,-104.84
10673.538,-529272,-107.81
10674.538,-529694,-108.55
10675.538,-530844,-110.58
10676.538,-532843,-114.11
10677.538,-532990,-114.37
10678.538,-532940,-114.28
10679.538,-534690,-117.37
10680.538,-534066,-116.27
10681.538,-533635,-115.51
10682.538,-534470,-116.98
10683.538,-533077,-114.53
10684.538,-532656,-113.78
10685.538,-530157,-109.37
10686.538,-530129,-109.32
10687.538,-528538,-106.51
10688.538,-526744,-103.34
10689.538,-523891,-98.31
10690.538,-521339,-93.80
10691.538,-519672,-90.86
10692.538,-517854,-87.65
10693.538,-515457,-83.42
10694.538,-512516,-78.22
10695.538,-508295,-70.77
10696.538,-505826,-66.41
10697.538,-501971,-59.61
10698.538,-498045,-52.68
10699.538,-494641,-46.67
10700.538,-490966,-40.18
10701.538,-486241,-31.83
10702.538,-482517,-25.26
10703.538,-477249,-15.96
10704.538,-472924,-8.32
10705.538,-468858,-1.14
10706.538,-464978,5.71
10707.538,-459797,14.85
10708.538,-456404,20.84
10709.538,-451972,28.67
10710.538,-446830,37.75
10711.538,-443191,44.17
10712.538,-439630,50.46
10713.538,-434522,59.48
10714.538,-431893,64.12
10715.538,-428147,70.73
10718.590,-424985,76.32
10719.590,-422006,81.57
10720.590,-417828,88.95
10721.590,-414535,94.77
10722.590,-412178,98.93
10723.590,-409423,103.79
10724.590,-407039,108.00
10725.590,-404778,111.99
10726.590,-403108,114.94
10727.590,-401649,117.52
10728.590,-400965,118.72
10729.590,-401204,118.30
10730.590,-399145,121.94
10731.590,-399095,122.03
10732.590,-398965,122.25
10733.590,-398994,122.20
10734.590,-399446,121.41
10735.590,-400366,119.78
10736.590,-401639,117.53
10737.590,-402588,115.86
10738.590,-403588,114.09
10739.590,-405039,111.53
10740.590,-407835,106.59
10741.590,-409364,103.89
10742.590,-411167,100.71
10743.590,-414247,95.27
10744.590,-417292,89.90
10745.590,-419555,85.90
10746.590,-421886,81.79
10747.590,-425335,75.70
10748.590,-429227,68.83
10749.590,-432522,63.01
10750.590,-435399,57.93
10751.590,-439728,50.29
10752.590,-442956,44.59
10753.590,-446473,38.38
10754.590,-450168,31.85
10755.590,-455785,21.94
10756.590,-458839,16.54
10757.590,-461536,11.78
10758.590,-467034,2.08
10759.590,-469871,-2.93
10760.590,-473988,-10.20
10761.590,-477524,-16.44
10762.590,-480990,-22.56
10763.590,-485464,-30.46
10764.590,-489281,-37.20
10765.590,-493100,-43.94
10766.590,-496722,-50.34
10767.590,-500402,-56.84
10768.590,-502409,-60.38
10769.590,-506398,-67.42
10770.590,-508717,-71.52
10771.590,-511975,-77.27
10772.590,-514525,-81.77
10773.590,-516529,-85.31
10774.590,-520239,-91.86
10775.590,-522877,-96.52
10776.590,-524429,-99.26
10777.590,-526507,-102.93
10778.590,-527781,-105.18
10779.590,-529939,-108.99
10780.590,-531859,-112.38
10781.590,-531901,-112.45
10782.590,-532539,-113.58
10783.590,-533729,-115.68
10784.590,-534403,-116.87
10785.590,-533159,-114.67
10786.590,-534608,-117.23
10787.590,-534529,-117.09
10788.590,-533099,-114.56
10789.590,-532953,-114.31
10790.590,-531630,-111.97
10791.590,-530653,-110.25
10792.590,-529538,-108.28
10793.590,-527114,-104.00
10794.590,-526532,-102.97
10795.590,-522878,-96.52
10796.590,-521908,-94.81
10797.590,-518609,-88.98
10798.590,-516226,-84.77
10799.590,-513393,-79.77
10800.590,-510202,-74.14
10801.590,-506585,-67.75
10802.590,-503697,-62.65
10803.590,-499354,-54.99
10804.590,-495409,-48.02
10805.590,-492349,-42.62
10806.590,-488317,-35.50
10807.590,-483951,-27.79
10808.590,-479378,-19.72
10809.590,-473981,-10.19
10810.590,-470727,-4.44
10811.590,-465964,3.97
10812.590,-460453,13.70
10813.590,-457515,18.88
10814.590,-453357,26.22
10815.590,-448656,34.52
10816.590,-443510,43.61
10819.649,-439886,50.01
10820.649,-437373,54.44
10821.649,-433004,62.16
10822.649,-429739,67.92
10823.649,-426565,73.53
10824.649,-421817,81.91
10825.649,-419163,86.59
10826.649,-417151,90.15
10827.649,-412803,97.82
10828.649,-410605,101.70
10829.649,-407637,106.94
10830.649,-406296,109.31
10831.649,-403991,113.38
10832.649,-402747,115.58
10833.649,-401701,117.42
10834.649,-400117,120.22
10835.649,-399084,122.04
10836.649,-399772,120.83
10837.649,-398764,122.61
10838.649,-398987,122.22
10839.649,-398805,122.54
10840.649,-400753,119.10
10841.649,-401587,117.63
10842.649,-401488,117.80
10843.649,-403528,114.20
10844.649,-404962,111.67
10845.649,-406708,108.58
10846.649,-408827,104.84
10847.649,-410672,101.59
10848.649,-413293,96.96
10849.649,-416237,91.76
10850.649,-419003,86.88
10851.649,-421265,82.88
10852.649,-424402,77.34
10853.649,-426730,73.23
10854.649,-431325,65.12
10855.649,-435220,58.25
10856.649,-438163,53.05
10857.649,-442235,45.86
10858.649,-445901,39.39
10859.649,-449493,33.05
10860.649,-453706,25.61
10861.649,-457807,18.37
10862.649,-460870,12.96
10863.649,-464222,7.04
10864.649,-469492,-2.26
10865.649,-473035,-8.52
10866.649,-477404,-16.23
10867.649,-480961,-22.51
10868.649,-484475,-28.72
10869.649,-487807,-34.60
10870.649,-491973,-41.95
10871.649,-496131,-49.30
10872.649,-498395,-53.29
10873.649,-502359,-60.29
10874.649,-505354,-65.58
10875.649,-508848,-71.75
10876.649,-511544,-76.51
10877.649,-515104,-82.79
10878.649,-516750,-85.70
10879.649,-519760,-91.01
10880.649,-522319,-95.53
10881.649,-525171,-100.57
10882.649,-526123,-102.25
10883.649,-528382,-106.24
10884.649,-528648,-106.71
10885.649,-531672,-112.04
10886.649,-532415,-113.36
10887.649,-532765,-113.97
10888.649,-533825,-115.85
10889.649,-534300,-116.68
10890.649,-534024,-116.20
10891.649,-532984,-114.36
10892.649,-533610,-115.47
10893.649,-533704,-115.63
10894.649,-533397,-115.09
10895.649,-531482,-111.71
10896.649,-530102,-109.27
10897.649,-529863,-108.85
10898.649,-527042,-103.87
10899.649,-526624,-103.13
10900.649,-523181,-97.05
10901.649,-521490,-94.07
10902.649,-519270,-90.15
10903.649,-516674,-85.57
10904.649,-513757,-80.42
10905.649,-509965,-73.72
10906.649,-507346,-69.10
10907.649,-503926,-63.06
10908.649,-500705,-57.37
10909.649,-496960,-50.76
10910.649,-492614,-43.09
10911.649,-488650,-36.09
10912.649,-484354,-28.50
10913.649,-479745,-20.37
10914.649,-474881,-11.78
10915.649,-471208,-5.29
10916.649,-466920,2.28
10917.649,-462698,9.73
10920.732,-457993,18.04
10921.732,-454180,24.77
10922.732,-448334,35.09
10923.732,-445212,40.60
10924.732,-441376,47.38
10925.732,-436628,55.76
10926.732,-434528,59.47
10927.732,-429814,67.79
10928.732,-426764,73.17
10929.732,-422948,79.91
10930.732,-419660,85.72
10931.732,-416014,92.15
10932.732,-414869,94.18
10933.732,-410683,101.57
10934.732,-408536,105.36
10935.732,-406286,109.33
10936.732,-404161,113.08
10937.732,-402188,116.56
10938.732,-402378,116.23
10939.732,-401247,118.23
10940.732,-400176,120.12
10941.732,-399508,121.30
10942.732,-399474,121.36
10943.732,-398508,123.06
10944.732,-399140,121.95
10945.732,-400184,120.10
10946.732,-400929,118.79
10947.732,-401843,117.17
10948.732,-403281,114.63
10949.732,-403951,113.45
10950.732,-406231,109.43
10951.732,-408892,104.73
10952.732,-411305,100.47
10953.732,-412608,98.17
10954.732,-415898,92.36
10955.732,-418081,88.50
10956.732,-421229,82.95
10957.732,-424530,77.12
10958.732,-427536,71.81
10959.732,-429678,68.03
10960.732,-434296,59.88
10961.732,-437684,53.89
10962.732,-441654,46.89
10963.732,-445670,39.80
10964.732,-449408,33.20
10965.732,-453401,26.15
10966.732,-456155,21.28
10967.732,-460894,12.92
10968.732,-465267,5.20
10969.732,-468071,0.25
10970.732,-472507,-7.59
10971.732,-475496,-12.86
10972.732,-480733,-22.11
10973.732,-483840,-27.60
10974.732,-487964,-34.88
10975.732,-491015,-40.26
10976.732,-495177,-47.61
10977.732,-498650,-53.74
10978.732,-501335,-58.48
10979.732,-504818,-64.63
10980.732,-508638,-71.38
10981.732,-511126,-75.77
10982.732,-514171,-81.15
10983.732,-516365,-85.02
10984.732,-520107,-91.63
10985.732,-521948,-94.88
10986.732,-523412,-97.46
10987.732,-525906,-101.86
10988.732,-528143,-105.81
10989.732,-529616,-108.41
10990.732,-530710,-110.35
10991.732,-531998,-112.62
10992.732,-532842,-114.11
10993.732,-533303,-114.92
10994.732,-533815,-115.83
10995.732,-534151,-116.42
10996.732,-533673,-115.58
10997.732,-534401,-116.86
10998.732,-533998,-116.15
10999.732,-533230,-114.80
11000.732,-531491,-111.73
11001.732,-530959,-110.79
11002.732,-529434,-108.09
11003.732,-528688,-106.78
11004.732,-527151,-104.06
11005.732,-524234,-98.91
11006.732,-522335,-95.56
11007.732,-519839,-91.15
11008.732,-517037,-86.21
11009.732,-515050,-82.70
11010.732,-511858,-77.06
11011.732,-507292,-69.00
11012.732,-505521,-65.87
11013.732,-500987,-57.87
11014.732,-497951,-52.51
11015.732,-493197,-44.12
11016.732,-489375,-37.37
11017.732,-484492,-28.75
11018.732,-480938,-22.47
11021.747,-476831,-15.22
11022.747,-472085,-6.84
11023.747,-469384,-2.07
11024.747,-465106,5.48
11025.747,-457875,18.25
11026.747,-454117,24.88
11027.747,-450916,30.53
11028.747,-445589,39.94
11029.747,-441365,47.40
11030.747,-438373,52.68
11031.747,-433826,60.71
11032.747,-431029,65.64
11033.747,-426761,73.18
11034.747,-424289,77.54
11035.747,-420891,83.54
11036.747,-418576,87.63
11037.747,-413883,95.92
11038.747,-411081,100.86
11039.747,-408807,104.88
11040.747,-406974,108.11
11041.747,-404847,111.87
11042.747,-402395,116.20
11043.747,-401463,117.84
11044.747,-400024,120.39
11045.747,-399616,121.11
11046.747,-400409,119.71
11047.747,-399426,121.44
11048.747,-398295,123.44
11049.747,-399897,120.61
11050.747,-399818,120.75
11051.747,-401749,117.34
11052.747,-402558,115.91
11053.747,-402383,116.22
11054.747,-405047,111.52
11055.747,-406079,109.69
11056.747,-407998,106.31
11057.747,-409970,102.82
11058.747,-411976,99.28
11059.747,-413981,95.74
11060.747,-418038,88.58
11061.747,-420849,83.62
11062.747,-422127,81.36
11063.747,-425880,74.74
11064.747,-429797,67.82
11065.747,-433506,61.27
11066.747,-437142,54.85
11067.747,-440791,48.41
11068.747,-444621,41.65
11069.747,-448813,34.25
11070.747,-452841,27.13
11071.747,-455986,21.58
11072.747,-459187,15.93
11073.747,-463638,8.07
11074.747,-468068,0.25
11075.747,-471246,-5.36
11076.747,-475633,-13.11
11077.747,-480452,-21.61
11078.747,-482974,-26.07
11079.747,-487790,-34.57
11080.747,-490357,-39.10
11081.747,-494034,-45.59
11082.747,-498463,-53.41
11083.747,-501567,-58.89
11084.747,-504913,-64.80
11085.747,-507779,-69.86
11086.747,-510140,-74.03
11087.747,-513669,-80.26
11088.747,-516357,-85.01
11089.747,-519108,-89.86
11090.747,-521057,-93.30
11091.747,-522574,-95.98
11092.747,-525056,-100.36
11093.747,-528380,-106.23
11094.747,-529331,-107.91
11095.747,-530248,-109.53
11096.747,-531087,-111.01
11097.747,-532174,-112.93
11098.747,-533130,-114.62
11099.747,-534209,-116.52
11100.747,-533101,-114.57
11101.747,-533582,-115.42
11102.747,-533592,-115.43
11103.747,-534282,-116.65
11104.747,-532204,-112.98
11105.747,-532849,-114.12
11106.747,-531641,-111.99
11107.747,-529386,-108.01
11108.747,-527333,-104.38
11109.747,-526840,-103.51
11110.747,-525503,-101.15
11111.747,-521161,-93.49
11112.747,-519743,-90.98
11113.747,-518550,-88.88
11114.747,-514842,-82.33
11115.747,-511745,-76.86
11116.747,-507972,-70.20
11117.747,-505803,-66.37
11118.747,-501711,-59.15
11119.747,-498971,-54.31
11122.799,-495248,-47.74
11123.799,-490223,-38.86
11124.799,-486254,-31.86
11125.799,-482448,-25.14
11126.799,-476906,-15.35
11127.799,-472700,-7.93
11128.799,-468165,0.08
11129.799,-464115,7.23
11130.799,-459210,15.89
11131.799,-455454,22.52
11132.799,-450679,30.95
11133.799,-446498,38.33
11134.799,-443123,44.29
11135.799,-439102,51.39
11136.799,-435468,57.81
11137.799,-432017,63.90
11138.799,-428560,70.00
11139.799,-424181,77.73
11140.799,-421690,82.13
11141.799,-418538,87.70
11142.799,-414809,94.28
11143.799,-412637,98.12
11144.799,-409176,104.23
11145.799,-406715,108.57
11146.799,-405769,110.24
11147.799,-402907,115.29
11148.799,-401836,117.19
11149.799,-400798,119.02
11150.799,-399424,121.44
11151.799,-399683,120.99
11152.799,-398639,122.83
11153.799,-399326,121.62
11154.799,-399788,120.80
11155.799,-399502,121.31
11156.799,-400925,118.79
11157.799,-400239,120.01
11158.799,-403449,114.34
11159.799,-404529,112.43
11160.799,-406463,109.02
11161.799,-407529,107.13
11162.799,-409746,103.22
11163.799,-411122,100.79
11164.799,-414315,95.15
11165.799,-417111,90.22
11166.799,-420139,84.87
11167.799,-423139,79.57
11168.799,-425837,74.81
11169.799,-429519,68.31
11170.799,-432143,63.68
11171.799,-435798,57.22
11172.799,-440042,49.73
11173.799,-443537,43.56
11174.799,-447024,37.40
11175.799,-451241,29.96
11176.799,-455549,22.35
11177.799,-458886,16.46
11178.799,-462032,10.91
11179.799,-466721,2.63
11180.799,-470292,-3.68
11181.799,-474229,-10.63
11182.799,-478696,-18.51
11183.799,-482533,-25.29
11184.799,-485708,-30.89
11185.799,-490188,-38.80
11186.799,-494010,-45.55
11187.799,-496639,-50.19
11188.799,-499906,-55.96
11189.799,-503384,-62.10
11190.799,-506819,-68.17
11191.799,-509753,-73.35
11192.799,-512170,-77.61
11193.799,-514986,-82.59
11194.799,-518599,-88.96
11195.799,-521031,-93.26
11196.799,-522732,-96.26
11197.799,-525340,-100.87
11198.799,-525991,-102.01
11199.799,-529506,-108.22
11200.799,-529640,-108.46
11201.799,-530719,-110.36
11202.799,-531875,-112.40
11203.799,-532798,-114.03
11204.799,-534144,-116.41
11205.799,-533706,-115.64
11206.799,-534908,-117.76
11207.799,-533849,-115.89
11208.799,-533614,-115.47
11209.799,-533627,-115.50
11210.799,-532565,-113.62
11211.799,-531110,-111.05
11212.799,-529393,-108.02
11213.799,-529201,-107.68
11214.799,-527357,-104.43
11215.799,-524582,-99.53
11216.799,-524270,-98.98
11217.799,-520279,-91.93
11218.799,-518241,-88.33
11219.799,-516162,-84.66
11220.799,-512995,-79.07
11223.851,-509749,-73.34
11224.851,-510649,-74.93
11225.851,-503262,-61.89
11226.851,-498334,-53.19
11227.851,-495517,-48.21
11228.851,-491095,-40.40
11229.851,-487538,-34.12
11230.851,-483197,-26.46
11231.851,-479222,-19.44
11232.851,-474718,-11.49
11233.851,-469797,-2.80
11234.851,-465316,5.11
11235.851,-461136,12.49
11236.851,-457176,19.48
11237.851,-452734,27.32
11238.851,-448617,34.59
11239.851,-444075,42.61
11240.851,-439080,51.43
11241.851,-436695,55.64
11242.851,-433063,62.05
11243.851,-429450,68.43
11244.851,-425817,74.85
11245.851,-422589,80.55
11246.851,-417802,89.00
11247.851,-415502,93.06
11248.851,-412528,98.31
11249.851,-410326,102.20
11250.851,-407670,106.89
11251.851,-405176,111.29
11252.851,-403408,114.41
11253.851,-402170,116.60
11254.851,-401504,117.77
11255.851,-400380,119.76
11256.851,-399895,120.61
11257.851,-399834,120.72
11258.851,-399080,122.05
11259.851,-398688,122.74
11260.851,-399159,121.91
11261.851,-401025,118.62
11262.851,-401742,117.35
11263.851,-402577,115.88
11264.851,-404069,113.24
11265.851,-405500,110.72
11266.851,-406859,108.32
11267.851,-409751,103.21
11268.851,-411068,100.89
11269.851,-413798,96.07
11270.851,-415961,92.25
11271.851,-418602,87.58
11272.851,-422509,80.69
11273.851,-425405,75.57
11274.851,-429371,68.57
11275.851,-431462,64.88
11276.851,-435280,58.14
11277.851,-438930,51.69
11278.851,-442980,44.54
11279.851,-447343,36.84
11280.851,-450987,30.41
11281.851,-454796,23.68
11282.851,-457977,18.07
11283.851,-462215,10.58
11284.851,-465279,5.17
11285.851,-469574,-2.41
11286.851,-473360,-9.09
11287.851,-477650,-16.67
11288.851,-480234,-21.23
11289.851,-485102,-29.82
11290.851,-488562,-35.93
11291.851,-491879,-41.79
11292.851,-495543,-48.26
11293.851,-499069,-54.48
11294.851,-502675,-60.85
11295.851,-506255,-67.17
11296.851,-508153,-70.52
11297.851,-511279,-76.04
11298.851,-514862,-82.37
11299.851,-516954,-86.06
11300.851,-519034,-89.73
11301.851,-522067,-95.09
11302.851,-523541,-97.69
11303.851,-526211,-102.40
11304.851,-527183,-104.12
11305.851,-529851,-108.83
11306.851,-530819,-110.54
11307.851,-532276,-113.11
11308.851,-531935,-112.51
11309.851,-533020,-114.42
11310.851,-533511,-115.29
11311.851,-533689,-115.61
11312.851,-533833,-115.86
11313.851,-534457,-116.96
11314.851,-533757,-115.73
11315.851,-531937,-112.51
11316.851,-532013,-112.65
11317.851,-530612,-110.17
11318.851,-528080,-105.70
11319.851,-526855,-103.54
11320.851,-525787,-101.65
11321.851,-524348,-99.11
11324.904,-521617,-94.29
11325.904,-519028,-89.72
11326.904,-516224,-84.77
11327.904,-512849,-78.81
11328.904,-510382,-74.46
11329.904,-506723,-68.00
11330.904,-504086,-63.34
11331.904,-499460,-55.17
11332.904,-496621,-50.16
11333.904,-492393,-42.70
11334.904,-488784,-36.32
11335.904,-483820,-27.56
11336.904,-479593,-20.10
11337.904,-475329,-12.57
11338.904,-470255,-3.61
11339.904,-466067,3.78
11340.904,-461239,12.31
11341.904,-457070,19.67
11342.904,-453994,25.10
11343.904,-448585,34.65
11344.904,-444593,41.70
11345.904,-441115,47.84
11346.904,-436450,56.07
11347.904,-433051,62.07
11348.904,-429936,67.57
11349.904,-425735,74.99
11350.904,-423006,79.81
11351.904,-418906,87.05
11352.904,-416102,92.00
11353.904,-413299,96.95
11354.904,-409807,103.11
11355.904,-407834,106.60
11356.904,-405039,111.53
11357.904,-404973,111.65
11358.904,-403472,114.30
11359.904,-401408,117.94
11360.904,-400754,119.10
11361.904,-399515,121.28
11362.904,-399582,121.17
11363.904,-399504,121.30
11364.904,-398794,122.56
11365.904,-399206,121.83
11366.904,-400782,119.05
11367.904,-401394,117.97
11368.904,-402118,116.69
11369.904,-403198,114.78
11370.904,-404760,112.02
11371.904,-406096,109.66
11372.904,-408769,104.95
11373.904,-411778,99.63
11374.904,-413672,96.29
11375.904,-415536,93.00
11376.904,-418766,87.30
11377.904,-422182,81.26
11378.904,-425286,75.78
11379.904,-428194,70.65
11380.904,-430839,65.98
11381.904,-434670,59.22
11382.904,-438044,53.26
11383.904,-441983,46.30
11384.904,-445886,39.41
11385.904,-449216,33.53
11386.904,-453116,26.65
11387.904,-456914,19.94
11388.904,-461874,11.19
11389.904,-465306,5.13
11390.904,-468262,-0.09
11391.904,-472771,-8.05
11392.904,-476064,-13.87
11393.904,-480496,-21.69
11394.904,-483806,-27.54
11395.904,-487129,-33.40
11396.904,-491200,-40.59
11397.904,-494872,-47.07
11398.904,-499012,-54.38
11399.904,-502643,-60.79
11400.904,-504464,-64.01
11401.904,-507933,-70.13
11402.904,-511336,-76.14
11403.904,-514206,-81.21
11404.904,-517232,-86.55
11405.904,-519323,-90.24
11406.904,-521565,-94.20
11407.904,-524297,-99.02
11408.904,-526088,-102.19
11409.904,-526995,-103.79
11410.904,-529028,-107.38
11411.904,-530942,-110.76
11412.904,-532285,-113.13
11413.904,-532250,-113.07
11414.904,-532946,-114.29
11415.904,-533689,-115.61
11416.904,-533327,-114.97
11417.904,-534608,-117.23
11418.904,-533962,-116.09
11419.904,-533184,-114.71
11420.904,-533268,-114.86
11421.904,-532370,-113.28
11422.904,-530508,-109.99
11425.956,-529539,-108.28
11426.956,-528637,-106.69
11427.956,-526643,-103.17
11428.956,-523773,-98.10
11429.956,-522345,-95.58
11430.956,-519681,-90.87
11431.956,-518787,-89.30
11432.956,-516355,-85.00
11433.956,-512784,-78.70
11434.956,-506744,-68.03
11435.956,-505343,-65.56
11436.956,-502184,-59.98
11437.956,-500419,-56.87
11438.956,-493349,-44.38
11439.956,-490073,-38.60
11440.956,-488410,-35.66
11441.956,-481345,-23.19
11442.956,-475126,-12.21
11443.956,-471279,-5.42
11444.956,-468043,0.29
11445.956,-462283,10.46
11446.956,-458741,16.72
11447.956,-453772,25.49
11448.956,-450638,31.02
11449.956,-446248,38.77
11450.956,-442043,46.20
11451.956,-436476,56.03
11452.956,-434273,59.92
11453.956,-431409,64.97
11454.956,-427248,72.32
11455.956,-423703,78.58
11456.956,-419779,85.51
11457.956,-417043,90.34
11458.956,-413392,96.78
11459.956,-411617,99.92
11460.956,-408445,105.52
11461.956,-407167,107.77
11462.956,-404357,112.73
11463.956,-402483,116.04
11464.956,-402103,116.71
11465.956,-400673,119.24
11466.956,-399619,121.10
11467.956,-399855,120.68
11468.956,-399842,120.71
11469.956,-399315,121.64
11470.956,-399759,120.85
11471.956,-400104,120.24
11472.956,-399690,120.97
11473.956,-401851,117.16
11474.956,-402453,116.10
11475.956,-404715,112.10
11476.956,-406080,109.69
11477.956,-408016,106.27
11478.956,-410686,101.56
11479.956,-412646,98.10
11480.956,-415478,93.10
11481.956,-418603,87.58
11482.956,-421132,83.12
11483.956,-424733,76.76
11484.956,-426725,73.24
11485.956,-430195,67.12
11486.956,-433858,60.65
11487.956,-438100,53.16
11488.956,-440677,48.61
11489.956,-445052,40.89
11490.956,-449516,33.00
11491.956,-452831,27.15
11492.956,-456737,20.26
11493.956,-459363,15.62
11494.956,-464264,6.97
11495.956,-468089,0.21
11496.956,-471606,-6.00
11497.956,-475513,-12.89
11498.956,-479573,-20.06
11499.956,-483086,-26.26
11500.956,-488097,-35.11
11501.956,-492070,-42.13
11502.956,-494666,-46.71
11503.956,-497096,-51.00
11504.956,-501286,-58.40
11505.956,-504806,-64.61
11506.956,-507979,-70.21
11507.956,-510002,-73.79
11508.956,-513708,-80.33
11509.956,-516170,-84.68
11510.956,-519032,-89.73
11511.956,-520389,-92.12
11512.956,-523423,-97.48
11513.956,-525684,-101.47
11514.956,-527451,-104.59
11515.956,-529422,-108.07
11516.956,-530055,-109.19
11517.956,-532346,-113.23
11518.956,-532983,-114.36
11519.956,-534180,-116.47
11520.956,-533492,-115.26
11521.956,-533697,-115.62
11522.956,-533969,-116.10
11523.956,-533778,-115.76
11527.007,-533877,-115.94
11528.007,-533057,-114.49
11529.007,-532622,-113.72
11530.007,-530644,-110.23
11531.007,-530435,-109.86
11532.007,-527364,-104.44
11533.007,-526199,-102.38
11534.007,-524220,-98.89
11535.007,-523366,-97.38
11536.007,-521070,-93.33
11537.007,-518041,-87.98
11538.007,-514640,-81.97
11539.007,-511862,-77.07
11540.007,-508907,-71.85
11541.007,-505359,-65.59
11542.007,-500837,-57.60
11543.007,-498507,-53.49
11544.007,-494456,-46.34
11545.007,-490515,-39.38
11546.007,-485889,-31.21
11547.007,-480957,-22.51
11548.007,-476756,-15.09
11549.007,-473101,-8.64
11550.007,-468196,0.02
11551.007,-462807,9.54
11552.007,-459611,15.18
11553.007,-454750,23.76
11554.007,-450611,31.07
11555.007,-447476,36.61
11556.007,-442185,45.95
11557.007,-439063,51.46
11558.007,-434950,58.72
11559.007,-431368,65.05
11560.007,-426849,73.02
11561.007,-423834,78.35
11562.007,-420613,84.03
11563.007,-417635,89.29
11564.007,-413302,96.94
11565.007,-412087,99.09
11566.007,-408243,105.87
11567.007,-406943,108.17
11568.007,-404675,112.17
11569.007,-403232,114.72
11570.007,-401806,117.24
11571.007,-400356,119.80
11572.007,-400285,119.92
11573.007,-400199,120.08
11574.007,-397999,123.96
11575.007,-399453,121.39
11576.007,-398204,123.60
11577.007,-398385,123.28
11578.007,-400040,120.36
11579.007,-401538,117.71
11580.007,-402522,115.97
11581.007,-403151,114.86
11582.007,-405908,110.00
11583.007,-406655,108.68
11584.007,-409764,103.19
11585.007,-411906,99.41
11586.007,-414129,95.48
11587.007,-416725,90.90
11588.007,-419646,85.74
11589.007,-422345,80.98
11590.007,-426224,74.13
11591.007,-429668,68.05
11592.007,-433742,60.85
11593.007,-437624,54.00
11594.007,-439997,49.81
11595.007,-443854,43.00
11596.007,-448051,35.59
11597.007,-451808,28.96
11598.007,-455030,23.27
11599.007,-459075,16.13
11600.007,-462916,9.35
11601.007,-467070,2.01
11602.007,-470083,-3.31
11603.007,-474948,-11.90
11604.007,-478361,-17.92
11605.007,-482301,-24.88
11606.007,-486071,-31.53
11607.007,-489805,-38.13
11608.007,-493766,-45.12
11609.007,-497330,-51.41
11610.007,-500156,-56.40
11611.007,-503724,-62.70
11612.007,-507100,-68.66
11613.007,-509860,-73.53
11614.007,-512913,-78.93
11615.007,-515386,-83.29
11616.007,-518728,-89.19
11617.007,-521215,-93.58
11618.007,-522266,-95.44
11619.007,-525004,-100.27
11620.007,-526306,-102.57
11621.007,-528159,-105.84
11622.007,-529552,-108.30
11623.007,-531946,-112.53
11624.007,-532746,-113.94
11625.007,-532290,-113.14
11628.058,-534328,-116.73
11629.058,-533744,-115.70
11630.058,-534180,-116.47
11631.058,-534868,-117.69
11632.058,-533657,-115.55
11633.058,-533481,-115.24
11634.058,-533466,-115.21
11635.058,-531000,-110.86
11636.058,-530612,-110.17
11637.058,-527373,-104.45
11638.058,-527477,-104.64
11639.058,-525141,-100.51
11640.058,-522604,-96.03
11641.058,-520515,-92.35
11642.058,-518231,-88.31
11643.058,-515945,-84.28
11644.058,-512385,-77.99
11645.058,-509541,-72.97
11646.058,-506116,-66.92
11647.058,-503097,-61.59
11648.058,-498535,-53.54
11649.058,-494071,-45.66
11650.058,-492291,-42.52
11651.058,-487568,-34.18
11652.058,-482339,-24.95
11653.058,-478206,-17.65
11654.058,-474030,-10.28
11655.058,-469783,-2.78
11656.058,-465655,4.51
11657.058,-461257,12.28
11658.058,-456584,20.53
11659.058,-452389,27.93
11660.058,-447379,36.78
11661.058,-443238,44.09
11662.058,-439820,50.12
11663.058,-436526,55.94
11664.058,-431947,64.02
11665.058,-428958,69.30
11666.058,-425587,75.25
11667.058,-420705,83.87
11668.058,-418529,87.71
11669.058,-415527,93.01
11670.058,-411857,99.49
11671.058,-409298,104.01
11672.058,-407319,107.51
11673.058,-405073,111.47
11674.058,-403613,114.05
11675.058,-401407,117.94
11676.058,-400484,119.57
11677.058,-400115,120.22
11678.058,-398016,123.93
11679.058,-398539,123.01
11680.058,-399100,122.02
11681.058,-399205,121.83
11682.058,-398702,122.72
11683.058,-399623,121.09
11684.058,-400871,118.89
11685.058,-401388,117.98
11686.058,-404237,112.95
11687.058,-405065,111.48
11688.058,-405569,110.60
11689.058,-408322,105.73
11690.058,-412058,99.14
11691.058,-413468,96.65
11692.058,-415937,92.29
11693.058,-418405,87.93
11694.058,-422772,80.22
11695.058,-425417,75.55
11696.058,-428797,69.59
11697.058,-432583,62.90
11698.058,-435441,57.85
11699.058,-439312,51.02
11700.058,-444009,42.73
11701.058,-446888,37.64
11702.058,-450686,30.94
11703.058,-455397,22.62
11704.058,-459092,16.10
11705.058,-461816,11.29
11706.058,-466642,2.77
11707.058,-469816,-2.84
11708.058,-473605,-9.53
11709.058,-477395,-16.22
11710.058,-481242,-23.01
11711.058,-484555,-28.86
11712.058,-488508,-35.84
11713.058,-492085,-42.15
11714.058,-495957,-48.99
11715.058,-500385,-56.81
11716.058,-502311,-60.21
11717.058,-505822,-66.41
11718.058,-508899,-71.84
11719.058,-511438,-76.32
11720.058,-514022,-80.88
11721.058,-516718,-85.64
11722.058,-518701,-89.14
11723.058,-522501,-95.85
11724.058,-524520,-99.42
11725.058,-526847,-103.53
11726.058,-528251,-106.00
11729.109,-530705,-110.34
11730.109,-530570,-110.10
11731.109,-532734,-113.92
11732.109,-532721,-113.90
11733.109,-533227,-114.79
11734.109,-534826,-117.61
11735.109,-533401,-115.10
11736.109,-534142,-116.41
11737.109,-533705,-115.63
11738.109,-532460,-113.44
11739.109,-532074,-112.75
11740.109,-531119,-111.07
11741.109,-529786,-108.72
11742.109,-528694,-106.79
11743.109,-527235,-104.21
11744.109,-525626,-101.37
11745.109,-522541,-95.92
11746.109,-520255,-91.89
11747.109,-518366,-88.55
11748.109,-516071,-84.50
11749.109,-512479,-78.16
11750.109,-509355,-72.64
11751.109,-507464,-69.30
11752.109,-503632,-62.54
11753.109,-500105,-56.31
11754.109,-496557,-50.05
11755.109,-492278,-42.49
11756.109,-488648,-36.08
11757.109,-484411,-28.60
11758.109,-479802,-20.47
11759.109,-475431,-12.75
11760.109,-471606,-6.00
11761.109,-465507,4.77
11762.109,-461159,12.45
11763.109,-457970,18.08
11764.109,-453272,26.37
11765.109,-448233,35.27
11766.109,-444723,41.47
11767.109,-440877,48.26
11768.109,-437046,55.02
11769.109,-433455,61.36
11770.109,-429594,68.18
11771.109,-425790,74.89
11772.109,-421966,81.65
11773.109,-419567,85.88
11774.109,-415630,92.83
11775.109,-413585,96.44
11776.109,-410853,101.27
11777.109,-407357,107.44
11778.109,-406080,109.69
11779.109,-403108,114.94
11780.109,-402695,115.67
11781.109,-401589,117.62
11782.109,-399236,121.78
11783.109,-399427,121.44
11784.109,-398668,122.78
11785.109,-397795,124.32
11786.109,-398027,123.91
11787.109,-399976,120.47
11788.109,-398939,122.30
11789.109,-399821,120.74
11790.109,-402478,116.05
11791.109,-402880,115.34
11792.109,-404325,112.79
11793.109,-405982,109.87
11794.109,-408710,105.05
11795.109,-410017,102.74
11796.109,-412577,98.22
11797.109,-415276,93.46
11798.109,-418855,87.14
11799.109,-421625,82.25
11800.109,-423380,79.15
11801.109,-427880,71.20
11802.109,-431552,64.72
11803.109,-435601,57.57
11804.109,-438584,52.31
11805.109,-442524,45.35
11806.109,-445571,39.97
11807.109,-449208,33.55
11808.109,-453630,25.74
11809.109,-457100,19.62
11810.109,-461337,12.13
11811.109,-465183,5.34
11812.109,-468117,0.16
11813.109,-472983,-8.43
11814.109,-476780,-15.13
11815.109,-480171,-21.12
11816.109,-483778,-27.49
11817.109,-488920,-36.56
11818.109,-491657,-41.40
11819.109,-495710,-48.55
11820.109,-499460,-55.17
11821.109,-501212,-58.27
11822.109,-504890,-64.76
11823.109,-506666,-67.90
11824.109,-511763,-76.89
11825.109,-514209,-81.21
11826.109,-516306,-84.92
11827.109,-518643,-89.04
11830.161,-522175,-95.28
11831.161,-523542,-97.69
11832.161,-524877,-100.05
11833.161,-527758,-105.13
11834.161,-528081,-105.70
11835.161,-530107,-109.28
11836.161,-531909,-112.46
11837.161,-531701,-112.10
11838.161,-532715,-113.89
11839.161,-534161,-116.44
11840.161,-533750,-115.71
11841.161,-533189,-114.72
11842.161,-534463,-116.97
11843.161,-532432,-113.39
11844.161,-531382,-111.53
11845.161,-531775,-112.23
11846.161,-530009,-109.11
11847.161,-528915,-107.18
11848.161,-527755,-105.13
11849.161,-526087,-102.18
11850.161,-525236,-100.68
11851.161,-521689,-94.42
11852.161,-519925,-91.31
11853.161,-516654,-85.53
11854.161,-513852,-80.58
11855.161,-510512,-74.69
11856.161,-507198,-68.84
11857.161,-503942,-63.09
11858.161,-500687,-57.34
11859.161,-498049,-52.68
11860.161,-492767,-43.36
11861.161,-488694,-36.17
11862.161,-484515,-28.79
11863.161,-479786,-20.44
11864.161,-476512,-14.66
11865.161,-471647,-6.07
11866.161,-468309,-0.17
11867.161,-463127,8.97
11868.161,-458599,16.97
11869.161,-454175,24.78
11870.161,-449681,32.71
11871.161,-446001,39.21
11872.161,-441648,46.90
11873.161,-437764,53.75
11874.161,-433974,60.44
11875.161,-429755,67.89
11876.161,-427539,71.81
11877.161,-423919,78.20
11878.161,-419860,85.36
11879.161,-418315,88.09
11880.161,-414339,95.11
11881.161,-409981,102.81
11882.161,-408189,105.97
11883.161,-406197,109.49
11884.161,-405295,111.08
11885.161,-402456,116.09
11886.161,-401316,118.10
11887.161,-400208,120.06
11888.161,-399033,122.13
11889.161,-398988,122.21
11890.161,-398249,123.52
11891.161,-398822,122.51
11892.161,-397993,123.97
11893.161,-399299,121.67
11894.161,-400097,120.26
11895.161,-401826,117.20
11896.161,-401476,117.82
11897.161,-403708,113.88
11898.161,-405283,111.10
11899.161,-407005,108.06
11900.161,-409979,102.81
11901.161,-411931,99.36
11902.161,-415288,93.44
11903.161,-417366,89.77
11904.161,-421215,82.97
11905.161,-424031,78.00
11906.161,-427033,72.70
11907.161,-430415,66.73
11908.161,-434107,60.21
11909.161,-437942,53.44
11910.161,-440474,48.97
11911.161,-445741,39.67
11912.161,-449415,33.18
11913.161,-452047,28.54
11914.161,-456005,21.55
11915.161,-460004,14.49
11916.161,-463828,7.74
11917.161,-467810,0.71
11918.161,-471501,-5.81
11919.161,-475100,-12.16
11920.161,-479358,-19.68
11921.161,-483413,-26.84
11922.161,-487719,-34.44
11923.161,-490439,-39.25
11924.161,-495168,-47.60
11925.161,-497869,-52.36
11926.161,-500669,-57.31
11927.161,-504519,-64.11
11928.161,-508155,-70.52
11931.213,-510518,-74.70
11932.213,-513447,-79.87
11933.213,-515075,-82.74
11934.213,-518459,-88.72
11935.213,-520881,-92.99
11936.213,-523371,-97.39
11937.213,-525538,-101.22
11938.213,-527828,-105.26
11939.213,-529344,-107.93
11940.213,-530637,-110.22
11941.213,-531603,-111.92
11942.213,-532342,-113.23
11943.213,-532364,-113.27
11944.213,-533353,-115.01
11945.213,-533352,-115.01
11946.213,-534353,-116.78
11947.213,-533024,-114.43
11948.213,-533182,-114.71
11949.213,-533344,-115.00
11950.213,-532013,-112.65
11951.213,-530530,-110.03
11952.213,-529816,-108.77
11953.213,-527836,-105.27
11954.213,-525930,-101.91
11955.213,-523344,-97.34
11956.213,-521910,-94.81
11957.213,-521098,-93.38
11958.213,-517315,-86.70
11959.213,-514952,-82.53
11960.213,-511525,-76.47
11961.213,-508319,-70.81
11962.213,-505185,-65.28
11963.213,-501097,-58.06
11964.213,-498601,-53.66
11965.213,-494082,-45.68
11966.213,-489270,-37.18
11967.213,-485650,-30.79
11968.213,-481372,-23.24
11969.213,-477635,-16.64
11970.213,-472815,-8.13
11971.213,-468708,-0.88
11972.213,-462922,9.34
11973.213,-458218,17.64
11974.213,-455058,23.22
11975.213,-451205,30.02
11976.213,-446427,38.46
11977.213,-443170,44.21
11978.213,-439062,51.46
11979.213,-435252,58.19
11980.213,-431293,65.18
11981.213,-427713,71.50
11982.213,-422998,79.82
11983.213,-421229,82.95
11984.213,-417426,89.66
11985.213,-414191,95.37
11986.213,-411252,100.56
11987.213,-409967,102.83
11988.213,-406713,108.58
11989.213,-405003,111.59
11990.213,-402725,115.62
11991.213,-401367,118.01
11992.213,-400052,120.34
11993.213,-399945,120.52
11994.213,-398592,122.91
11995.213,-398503,123.07
11996.213,-398061,123.85
11997.213,-398830,122.49
11998.213,-398746,122.64
11999.213,-399703,120.95
12000.213,-400779,119.05
12001.213,-401589,117.62
12002.213,-403799,113.72
12003.213,-404970,111.65
12004.213,-407328,107.49
12005.213,-408779,104.93
12006.213,-411449,100.21
12007.213,-414019,95.68
12008.213,-416396,91.48
12009.213,-420093,84.95
12010.213,-422635,80.46
12011.213,-427126,72.54
12012.213,-429855,67.72
12013.213,-433203,61.81
12014.213,-436059,56.76
12015.213,-440183,49.48
12016.213,-443157,44.23
12017.213,-447759,36.11
12018.213,-451924,28.75
12019.213,-456484,20.70
12020.213,-458796,16.62
12021.213,-463076,9.06
12022.213,-466799,2.49
12023.213,-471300,-5.46
12024.213,-474543,-11.18
12025.213,-478388,-17.97
12026.213,-482680,-25.55
12027.213,-487133,-33.41
12028.213,-490322,-39.04
12029.213,-493529,-44.70
12032.289,-497405,-51.55
12033.289,-500782,-57.51
12034.289,-502876,-61.20
12035.289,-506388,-67.40
12036.289,-510064,-73.90
12037.289,-513048,-79.16
12038.289,-514586,-81.88
12039.289,-518067,-88.02
12040.289,-520411,-92.16
12041.289,-522640,-96.10
12042.289,-524875,-100.04
12043.289,-526657,-103.19
12044.289,-528434,-106.33
12045.289,-529337,-107.92
12046.289,-532269,-113.10
12047.289,-532204,-112.98
12048.289,-533328,-114.97
12049.289,-532514,-113.53
12050.289,-534051,-116.25
12051.289,-533629,-115.50
12052.289,-533997,-116.15
12053.289,-533714,-115.65
12054.289,-533067,-114.51
12055.289,-532661,-113.79
12056.289,-531362,-111.50
12057.289,-529442,-108.11
12058.289,-528207,-105.93
12059.289,-525412,-100.99
12060.289,-524119,-98.71
12061.289,-523032,-96.79
12062.289,-520274,-91.92
12063.289,-517868,-87.67
12064.289,-515174,-82.92
12065.289,-512684,-78.52
12066.289,-510024,-73.82
12067.289,-505778,-66.33
12068.289,-502180,-59.98
12069.289,-499562,-55.35
12070.289,-495188,-47.63
12071.289,-491627,-41.34
12072.289,-487432,-33.94
12073.289,-482148,-24.61
12074.289,-478273,-17.77
12075.289,-474222,-10.61
12076.289,-469357,-2.03
12077.289,-465244,5.24
12078.289,-460491,13.63
12079.289,-455768,21.97
12080.289,-452545,27.66
12081.289,-448453,34.88
12082.289,-444926,41.11
12083.289,-439435,50.80
12084.289,-436661,55.70
12085.289,-432351,63.31
12086.289,-429199,68.88
12087.289,-425440,75.51
12088.289,-420630,84.00
12089.289,-417711,89.16
12090.289,-415538,92.99
12091.289,-412936,97.59
12092.289,-410153,102.50
12093.289,-407804,106.65
12094.289,-405052,111.51
12095.289,-404073,113.24
12096.289,-402512,115.99
12097.289,-401046,118.58
12098.289,-399529,121.26
12099.289,-399836,120.72
12100.289,-398824,122.50
12101.289,-397968,124.01
12102.289,-398820,122.51
12103.289,-398099,123.78
12104.289,-400213,120.05
12105.289,-401318,118.10
12106.289,-401565,117.66
12107.289,-403136,114.89
12108.289,-404412,112.64
12109.289,-406206,109.47
12110.289,-408985,104.56
12111.289,-411281,100.51
12112.289,-413936,95.82
12113.289,-415779,92.57
12114.289,-419307,86.34
12115.289,-421859,81.83
12116.289,-425580,75.26
12117.289,-428446,70.20
12118.289,-431786,64.31
12119.289,-435111,58.44
12120.289,-438981,51.60
12121.289,-444052,42.65
12122.289,-447104,37.26
12123.289,-450560,31.16
12124.289,-455317,22.76
12125.289,-458439,17.25
12126.289,-462348,10.35
12127.289,-466207,3.54
12128.289,-469988,-3.14
12129.289,-474119,-10.43
12130.289,-477667,-16.70
12133.334,-481751,-23.91
12134.334,-485908,-31.25
12135.334,-489584,-37.74
12136.334,-492774,-43.37
12137.334,-497505,-51.72
12138.334,-499454,-55.16
12139.334,-503108,-61.61
12140.334,-505950,-66.63
12141.334,-508110,-70.45
12142.334,-511775,-76.92
12143.334,-515930,-84.25
12144.334,-518331,-88.49
12145.334,-518664,-89.08
12146.334,-522746,-96.29
12147.334,-524905,-100.10
12148.334,-526746,-103.35
12149.334,-526945,-103.70
12150.334,-529254,-107.78
12151.334,-530316,-109.65
12152.334,-531748,-112.18
12153.334,-532554,-113.60
12154.334,-533051,-114.48
12155.334,-533094,-114.56
12156.334,-534190,-116.49
12157.334,-532737,-113.93
12158.334,-532949,-114.30
12159.334,-532378,-113.29
12160.334,-533008,-114.40
12161.334,-530805,-110.51
12162.334,-529190,-107.66
12163.334,-528866,-107.09
12164.334,-526766,-103.38
12165.334,-524951,-100.18
12166.334,-523295,-97.25
12167.334,-520065,-91.55
12168.334,-518166,-88.20
12169.334,-515855,-84.12
12170.334,-512221,-77.70
12171.334,-509585,-73.05
12172.334,-506428,-67.48
12173.334,-502212,-60.03
12174.334,-499361,-55.00
12175.334,-495490,-48.16
12176.334,-492376,-42.67
12177.334,-487859,-34.69
12178.334,-483805,-27.53
12179.334,-479685,-20.26
12180.334,-474634,-11.34
12181.334,-470508,-4.06
12182.334,-466460,3.09
12183.334,-461599,11.67
12184.334,-456971,19.84
12185.334,-452692,27.40
12186.334,-448992,33.93
12187.334,-444210,42.37
12188.334,-440558,48.82
12189.334,-437189,54.77
12190.334,-432969,62.22
12191.334,-430016,67.43
12192.334,-426070,74.40
12193.334,-421999,81.59
12194.334,-419551,85.91
12195.334,-416503,91.29
12196.334,-412255,98.79
12197.334,-409130,104.31
12198.334,-407855,106.56
12199.334,-405991,109.85
12200.334,-404219,112.98
12201.334,-401315,118.11
12202.334,-400440,119.65
12203.334,-400169,120.13
12204.334,-399106,122.01
12205.334,-398909,122.35
12206.334,-398660,122.79
12207.334,-398320,123.39
12208.334,-398271,123.48
12209.334,-399925,120.56
12210.334,-400571,119.42
12211.334,-401203,118.30
12212.334,-402283,116.40
12213.334,-404671,112.18
12214.334,-405012,111.58
12215.334,-407951,106.39
12216.334,-411286,100.50
12217.334,-413527,96.54
12218.334,-415799,92.53
12219.334,-418575,87.63
12220.334,-421928,81.71
12221.334,-424682,76.85
12222.334,-426931,72.88
12223.334,-431258,65.24
12224.334,-434828,58.94
12225.334,-438121,53.12
12226.334,-442371,45.62
12227.334,-445883,39.42
12228.334,-450082,32.01
12229.334,-453922,25.23
12230.334,-456935,19.91
12231.334,-461133,12.49
12234.395,-465582,4.64
12235.395,-469352,-2.02
12236.395,-473307,-9.00
12237.395,-476824,-15.21
12238.395,-480962,-22.51
12239.395,-483535,-27.06
12240.395,-488316,-35.50
12241.395,-491856,-41.75
12242.395,-495921,-48.93
12243.395,-497930,-52.47
12244.395,-501691,-59.11
12245.395,-505756,-66.29
12246.395,-509342,-72.62
12247.395,-511182,-75.87
12248.395,-513152,-79.35
12249.395,-517281,-86.64
12250.395,-519224,-90.07
12251.395,-521343,-93.81
12252.395,-523841,-98.22
12253.395,-525854,-101.77
12254.395,-527038,-103.86
12255.395,-528637,-106.69
12256.395,-530929,-110.73
12257.395,-530798,-110.50
12258.395,-533129,-114.62
12259.395,-532800,-114.04
12260.395,-533106,-114.58
12261.395,-533875,-115.93
12262.395,-533544,-115.35
12263.395,-533173,-114.69
12264.395,-532902,-114.22
12265.395,-532716,-113.89
12266.395,-531779,-112.23
12267.395,-530443,-109.88
12268.395,-528997,-107.32
12269.395,-528630,-106.67
12270.395,-525509,-101.16
12271.395,-523567,-97.74
12272.395,-521433,-93.97
12273.395,-518596,-88.96
12274.395,-515618,-83.70
12275.395,-513074,-79.21
12276.395,-510796,-75.19
12277.395,-506497,-67.60
12278.395,-503327,-62.00
12279.395,-500563,-57.12
12280.395,-495981,-49.03
12281.395,-492785,-43.39
12282.395,-488837,-36.42
12283.395,-484913,-29.49
12284.395,-480197,-21.16
12285.395,-476194,-14.10
12286.395,-472205,-7.05
12287.395,-467507,1.24
12288.395,-463078,9.06
12289.395,-459067,16.14
12290.395,-454090,24.93
12291.395,-449473,33.08
12292.395,-446598,38.16
12293.395,-442196,45.93
12294.395,-437404,54.39
12295.395,-434670,59.22
12296.395,-430901,65.87
12297.395,-426309,73.98
12298.395,-424128,77.83
12299.395,-419905,85.28
12300.395,-416849,90.68
12301.395,-414105,95.52
12302.395,-410530,101.84
12303.395,-407862,106.55
12304.395,-406789,108.44
12305.395,-403694,113.91
12306.395,-402838,115.42
12307.395,-401882,117.10
12308.395,-399957,120.50
12309.395,-399785,120.81
12310.395,-399593,121.15
12311.395,-398611,122.88
12312.395,-397402,125.01
12313.395,-398091,123.80
12314.395,-398929,122.32
12315.395,-399642,121.06
12316.395,-401072,118.53
12317.395,-401618,117.57
12318.395,-403859,113.61
12319.395,-405242,111.17
12320.395,-407329,107.49
12321.395,-410334,102.18
12322.395,-411863,99.48
12323.395,-415754,92.61
12324.395,-417311,89.86
12325.395,-419601,85.82
12326.395,-423115,79.62
12327.395,-426866,72.99
12328.395,-430419,66.72
12329.395,-434370,59.75
12330.395,-438232,52.93
12331.395,-440694,48.58
12332.395,-445378,40.31
12335.449,-448841,34.20
12336.449,-453225,26.46
12337.449,-455862,21.80
12338.449,-459617,15.17
12339.449,-463967,7.49
12340.449,-468025,0.33
12341.449,-471689,-6.14
12342.449,-475463,-12.81
12343.449,-480142,-21.07
12344.449,-483061,-26.22
12345.449,-486784,-32.79
12346.449,-491259,-40.69
12347.449,-495059,-47.40
12348.449,-497864,-52.36
12349.449,-500291,-56.64
12350.449,-503760,-62.77
12351.449,-508088,-70.41
12352.449,-510853,-75.29
12353.449,-513448,-79.87
12354.449,-515114,-82.81
12355.449,-519337,-90.27
12356.449,-520466,-92.26
12357.449,-523819,-98.18
12358.449,-524609,-99.57
12359.449,-527027,-103.84
12360.449,-527734,-105.09
12361.449,-529669,-108.51
12362.449,-530895,-110.67
12363.449,-532178,-112.94
12364.449,-533544,-115.35
12365.449,-533635,-115.51
12366.449,-533289,-114.90
12367.449,-533408,-115.11
12368.449,-534005,-116.16
12369.449,-532778,-114.00
12370.449,-532365,-113.27
12371.449,-530488,-109.95
12372.449,-530580,-110.12
12373.449,-529628,-108.44
12374.449,-528121,-105.78
12375.449,-525837,-101.74
12376.449,-523638,-97.86
12377.449,-522074,-95.10
12378.449,-519933,-91.32
12379.449,-518540,-88.86
12380.449,-513058,-79.18
12381.449,-510488,-74.64
12382.449,-508065,-70.37
12383.449,-504098,-63.36
12384.449,-501059,-58.00
12385.449,-497029,-50.88
12386.449,-493768,-45.12
12387.449,-489545,-37.67
12388.449,-486201,-31.76
12389.449,-482089,-24.50
12390.449,-477045,-15.60
12391.449,-473147,-8.72
12392.449,-468025,0.33
12393.449,-463021,9.16
12394.449,-460075,14.36
12395.449,-455076,23.19
12396.449,-451340,29.78
12397.449,-446522,38.29
12398.449,-443353,43.89
12399.449,-439075,51.44
12400.449,-434841,58.91
12401.449,-431269,65.22
12402.449,-428237,70.57
12403.449,-423761,78.48
12404.449,-419841,85.40
12405.449,-417564,89.42
12406.449,-414579,94.69
12407.449,-412324,98.67
12408.449,-408562,105.31
12409.449,-406912,108.22
12410.449,-404398,112.66
12411.449,-403671,113.95
12412.449,-402235,116.48
12413.449,-400814,118.99
12414.449,-400019,120.39
12415.449,-399651,121.04
12416.449,-398875,122.41
12417.449,-398586,122.92
12418.449,-398311,123.41
12419.449,-397659,124.56
12420.449,-400534,119.48
12421.449,-401589,117.62
12422.449,-402615,115.81
12423.449,-403869,113.60
12424.449,-405875,110.05
12425.449,-407854,106.56
12426.449,-409453,103.74
12427.449,-411751,99.68
12428.449,-413969,95.76
12429.449,-416625,91.08
12430.449,-421166,83.06
12431.449,-423217,79.44
12432.449,-425642,75.16
12433.449,-430165,67.17
12436.469,-433626,61.06
12437.469,-437159,54.82
12438.469,-440866,48.28
12439.469,-444186,42.42
12440.469,-452057,28.52
12441.469,-455852,21.82
12442.469,-458257,17.57
12443.469,-461000,12.73
12444.469,-463876,7.65
12445.469,-466339,3.30
12446.469,-470962,-4.86
12447.469,-474499,-11.10
12448.469,-479066,-19.17
12449.469,-482833,-25.82
12450.469,-485582,-30.67
12451.469,-490427,-39.23
12452.469,-493770,-45.13
12453.469,-497208,-51.20
12454.469,-499532,-55.30
12455.469,-503816,-62.86
12456.469,-506453,-67.52
12457.469,-510669,-74.96
12458.469,-512886,-78.88
12459.469,-514369,-81.50
12460.469,-518148,-88.17
12461.469,-520168,-91.73
12462.469,-523394,-97.43
12463.469,-524582,-99.53
12464.469,-526551,-103.00
12465.469,-528720,-106.83
12466.469,-529965,-109.03
12467.469,-530680,-110.29
12468.469,-531840,-112.34
12469.469,-532708,-113.87
12470.469,-533321,-114.96
12471.469,-533353,-115.01
12472.469,-533613,-115.47
12473.469,-533666,-115.57
12474.469,-532884,-114.18
12475.469,-531988,-112.60
12476.469,-532120,-112.84
12477.469,-531989,-112.60
12478.469,-529856,-108.84
12479.469,-528223,-105.96
12480.469,-526519,-102.95
12481.469,-524095,-98.67
12482.469,-522522,-95.89
12483.469,-520659,-92.60
12484.469,-517323,-86.71
12485.469,-514748,-82.16
12486.469,-511607,-76.62
12487.469,-509978,-73.74
12488.469,-505013,-64.98
12489.469,-501844,-59.38
12490.469,-498055,-52.69
12491.469,-495240,-47.72
12492.469,-491698,-41.47
12493.469,-486796,-32.81
12494.469,-483017,-26.14
12495.469,-478455,-18.09
12496.469,-474171,-10.52
12497.469,-469125,-1.62
12498.469,-464912,5.82
12499.469,-462047,10.88
12500.469,-456367,20.91
12501.469,-451975,28.66
12502.469,-447979,35.72
12503.469,-443433,43.74
12504.469,-439645,50.43
12505.469,-436435,56.10
12506.469,-431939,64.04
12507.469,-428599,69.93
12508.469,-425429,75.53
12509.469,-421213,82.97
12510.469,-419704,85.64
12511.469,-416116,91.97
12512.469,-412373,98.58
12513.469,-410214,102.39
12514.469,-407148,107.81
12515.469,-405374,110.94
12516.469,-403617,114.04
12517.469,-402057,116.80
12518.469,-400225,120.03
12519.469,-399929,120.55
12520.469,-399513,121.29
12521.469,-399273,121.71
12522.469,-398579,122.94
12523.469,-398241,123.53
12524.469,-399322,121.62
12525.469,-399505,121.30
12526.469,-401113,118.46
12527.469,-401753,117.33
12528.469,-403195,114.79
12529.469,-405091,111.44
12530.469,-406779,108.46
12531.469,-408249,105.86
12532.469,-410500,101.89
12533.469,-413737,96.17
12534.469,-417144,90.16
12537.523,-419494,86.01
12538.523,-420580,84.09
12539.523,-425522,75.37
12540.523,-428341,70.39
12541.523,-431818,64.25
12542.523,-435950,56.96
12543.523,-439233,51.16
12544.523,-442561,45.28
12545.523,-447321,36.88
12546.523,-450480,31.30
12547.523,-454304,24.55
12548.523,-458501,17.14
12549.523,-462524,10.04
12550.523,-465864,4.14
12551.523,-470237,-3.58
12552.523,-472795,-8.10
12553.523,-477540,-16.47
12554.523,-480938,-22.47
12555.523,-485195,-29.99
12556.523,-488620,-36.03
12557.523,-492279,-42.49
12558.523,-496317,-49.62
12559.523,-499580,-55.39
12560.523,-502533,-60.60
12561.523,-505128,-65.18
12562.523,-509212,-72.39
12563.523,-511631,-76.66
12564.523,-514333,-81.43
12565.523,-516809,-85.80
12566.523,-519510,-90.57
12567.523,-521321,-93.77
12568.523,-523295,-97.25
12569.523,-526457,-102.84
12570.523,-527777,-105.17
12571.523,-529307,-107.87
12572.523,-530313,-109.65
12573.523,-531470,-111.69
12574.523,-531576,-111.88
12575.523,-533656,-115.55
12576.523,-532332,-113.21
12577.523,-533078,-114.53
12578.523,-533834,-115.86
12579.523,-533601,-115.45
12580.523,-532322,-113.19
12581.523,-531636,-111.98
12582.523,-530836,-110.57
12583.523,-529616,-108.41
12584.523,-527644,-104.93
12585.523,-526042,-102.10
12586.523,-524767,-99.85
12587.523,-522409,-95.69
12588.523,-520328,-92.02
12589.523,-518110,-88.10
12590.523,-515297,-83.13
12591.523,-513466,-79.90
12592.523,-510199,-74.13
12593.523,-506890,-68.29
12594.523,-504223,-63.58
12595.523,-499984,-56.10
12596.523,-495865,-48.83
12597.523,-491432,-41.00
12598.523,-488472,-35.77
12599.523,-484000,-27.88
12600.523,-479347,-19.66
12601.523,-475012,-12.01
12602.523,-471425,-5.68
12603.523,-467366,1.49
12604.523,-461595,11.68
12605.523,-457764,18.44
12606.523,-453970,25.14
12607.523,-448896,34.10
12608.523,-444940,41.08
12609.523,-440738,48.50
12610.523,-436962,55.17
12611.523,-432538,62.98
12612.523,-429910,67.62
12613.523,-425758,74.95
12614.523,-422464,80.77
12615.523,-419402,86.17
12616.523,-415728,92.66
12617.523,-412426,98.49
12618.523,-410023,102.73
12619.523,-408254,105.85
12620.523,-405537,110.65
12621.523,-404111,113.17
12622.523,-401505,117.77
12623.523,-401419,117.92
12624.523,-400049,120.34
12625.523,-398346,123.35
12626.523,-398823,122.51
12627.523,-398451,123.16
12628.523,-399088,122.04
12629.523,-399275,121.71
12630.523,-399410,121.47
12631.523,-399935,120.54
12632.523,-401545,117.70
12633.523,-403470,114.30
12634.523,-404697,112.13
12635.523,-406424,109.09
12638.571,-407878,106.52
12639.571,-411003,101.00
12640.571,-413200,97.12
12641.571,-415521,93.02
12642.571,-417335,89.82
12643.571,-421058,83.25
12644.571,-425067,76.17
12645.571,-426458,73.71
12646.571,-431299,65.17
12647.571,-433557,61.18
12648.571,-438691,52.12
12649.571,-442885,44.71
12650.571,-447415,36.71
12651.571,-449586,32.88
12652.571,-453895,25.27
12653.571,-456797,20.15
12654.571,-460461,13.68
12655.571,-463886,7.63
12656.571,-469680,-2.60
12657.571,-472329,-7.27
12658.571,-476501,-14.64
12659.571,-480117,-21.02
12660.571,-483844,-27.60
12661.571,-488136,-35.18
12662.571,-492734,-43.30
12663.571,-495458,-48.11
12664.571,-498281,-53.09
12665.571,-501552,-58.87
12666.571,-504486,-64.05
12667.571,-507794,-69.89
12668.571,-511434,-76.31
12669.571,-513561,-80.07
12670.571,-516346,-84.99
12671.571,-518584,-88.94
12672.571,-520705,-92.68
12673.571,-522576,-95.99
12674.571,-525293,-100.78
12675.571,-527257,-104.25
12676.571,-527160,-104.08
12677.571,-529175,-107.64
12678.571,-531153,-111.13
12679.571,-532692,-113.85
12680.571,-531772,-112.22
12681.571,-532673,-113.81
12682.571,-533468,-115.22
12683.571,-532354,-113.25
12684.571,-533411,-115.12
12685.571,-532985,-114.36
12686.571,-531351,-111.48
12687.571,-531119,-111.07
12688.571,-529254,-107.78
12689.571,-529047,-107.41
12690.571,-527505,-104.69
12691.571,-524716,-99.76
12692.571,-523123,-96.95
12693.571,-521780,-94.58
12694.571,-519369,-90.32
12695.571,-516106,-84.56
12696.571,-513601,-80.14
12697.571,-510358,-74.41
12698.571,-507427,-69.24
12699.571,-503756,-62.76
12700.571,-500450,-56.92
12701.571,-497216,-51.21
12702.571,-493085,-43.92
12703.571,-489087,-36.86
12704.571,-484532,-28.82
12705.571,-481002,-22.58
12706.571,-475873,-13.53
12707.571,-472539,-7.64
12708.571,-468007,0.36
12709.571,-464495,6.56
12710.571,-459184,15.94
12711.571,-455136,23.08
12712.571,-450571,31.14
12713.571,-447229,37.04
12714.571,-441951,46.36
12715.571,-438415,52.60
12716.571,-435291,58.12
12717.571,-431086,65.54
12718.571,-427492,71.89
12719.571,-423964,78.12
12720.571,-420193,84.78
12721.571,-415981,92.21
12722.571,-414346,95.10
12723.571,-409870,103.00
12724.571,-408912,104.69
12725.571,-406268,109.36
12726.571,-403679,113.93
12727.571,-401470,117.83
12728.571,-401674,117.47
12729.571,-400355,119.80
12730.571,-399353,121.57
12731.571,-398830,122.49
12732.571,-398167,123.66
12733.571,-398352,123.34
12734.571,-399026,122.15
12735.571,-398667,122.78
12736.571,-399227,121.79
12739.621,-401163,118.37
12740.621,-403076,115.00
12741.621,-403751,113.80
12742.621,-407638,106.94
12743.621,-409518,103.62
12744.621,-412414,98.51
12745.621,-411673,99.82
12746.621,-418691,87.43
12747.621,-416862,90.66
12748.621,-421018,83.32
12749.621,-427060,72.65
12750.621,-427428,72.00
12751.621,-433549,61.20
12752.621,-433635,61.04
12753.621,-435944,56.97
12754.621,-439424,50.82
12755.621,-444702,41.50
12756.621,-447149,37.18
12757.621,-451816,28.94
12758.621,-456596,20.50
12759.621,-460184,14.17
12760.621,-463523,8.27
12761.621,-467605,1.07
12762.621,-472068,-6.81
12763.621,-474675,-11.41
12764.621,-479963,-20.75
12765.621,-483001,-26.11
12766.621,-486855,-32.92
12767.621,-490224,-38.87
12768.621,-493730,-45.06
12769.621,-497781,-52.21
12770.621,-500679,-57.33
12771.621,-503984,-63.16
12772.621,-506830,-68.19
12773.621,-510444,-74.57
12774.621,-513145,-79.33
12775.621,-514778,-82.22
12776.621,-517553,-87.12
12777.621,-520892,-93.01
12778.621,-522234,-95.38
12779.621,-525083,-100.41
12780.621,-525280,-100.76
12781.621,-526757,-103.37
12782.621,-529080,-107.47
12783.621,-531057,-110.96
12784.621,-530920,-110.72
12785.621,-532706,-113.87
12786.621,-532487,-113.48
12787.621,-533618,-115.48
12788.621,-532361,-113.26
12789.621,-533013,-114.41
12790.621,-532874,-114.17
12791.621,-532393,-113.32
12792.621,-531884,-112.42
12793.621,-530148,-109.35
12794.621,-529525,-108.25
12795.621,-527429,-104.55
12796.621,-525400,-100.97
12797.621,-523946,-98.40
12798.621,-522092,-95.13
12799.621,-519483,-90.52
12800.621,-517348,-86.76
12801.621,-513671,-80.26
12802.621,-511895,-77.13
12803.621,-508312,-70.80
12804.621,-503954,-63.11
12805.621,-501739,-59.20
12806.621,-497913,-52.44
12807.621,-493506,-44.66
12808.621,-490824,-39.93
12809.621,-486107,-31.60
12810.621,-481271,-23.06
12811.621,-477636,-16.64
12812.621,-474128,-10.45
12813.621,-468976,-1.35
12814.621,-464545,6.47
12815.621,-460321,13.93
12816.621,-456286,21.05
12817.621,-451774,29.02
12818.621,-447603,36.38
12819.621,-442896,44.69
12820.621,-438990,51.59
12821.621,-435003,58.63
12822.621,-431617,64.61
12823.621,-427052,72.67
12824.621,-423824,78.37
12825.621,-420347,84.50
12826.621,-418114,88.45
12827.621,-415256,93.49
12828.621,-410897,101.19
12829.621,-408774,104.94
12830.621,-406820,108.39
12831.621,-404235,112.95
12832.621,-403616,114.04
12833.621,-401835,117.19
12834.621,-400794,119.03
12835.621,-400005,120.42
12836.621,-399495,121.32
12837.621,-398059,123.85
12840.680,-398675,122.77
12841.680,-400003,120.42
12842.680,-398395,123.26
12843.680,-399819,120.75
12844.680,-400644,119.29
12845.680,-402623,115.80
12846.680,-403365,114.49
12847.680,-405903,110.01
12848.680,-406609,108.76
12849.680,-408827,104.84
12850.680,-410624,101.67
12851.680,-414427,94.96
12852.680,-416449,91.39
12853.680,-419490,86.02
12854.680,-422231,81.18
12855.680,-425940,74.63
12856.680,-428972,69.28
12857.680,-432957,62.24
12858.680,-436432,56.11
12859.680,-439759,50.23
12860.680,-443261,44.05
12861.680,-447904,35.85
12862.680,-451079,30.25
12863.680,-455466,22.50
12864.680,-458598,16.97
12865.680,-462723,9.69
12866.680,-467289,1.63
12867.680,-470051,-3.25
12868.680,-474482,-11.07
12869.680,-477816,-16.96
12870.680,-481687,-23.79
12871.680,-485924,-31.27
12872.680,-489636,-37.83
12873.680,-494003,-45.54
12874.680,-496572,-50.07
12875.680,-499737,-55.66
12876.680,-502928,-61.30
12877.680,-506176,-67.03
12878.680,-509190,-72.35
12879.680,-512747,-78.63
12880.680,-514977,-82.57
12881.680,-516945,-86.04
12882.680,-519742,-90.98
12883.680,-521783,-94.59
12884.680,-523975,-98.46
12885.680,-527277,-104.29
12886.680,-528104,-105.75
12887.680,-529503,-108.22
12888.680,-530813,-110.53
12889.680,-531857,-112.37
12890.680,-532462,-113.44
12891.680,-532463,-113.44
12892.680,-533626,-115.49
12893.680,-532663,-113.79
12894.680,-533077,-114.53
12895.680,-532647,-113.77
12896.680,-532259,-113.08
12897.680,-532157,-112.90
12898.680,-531100,-111.03
12899.680,-528757,-106.90
12900.680,-528825,-107.02
12901.680,-526388,-102.72
12902.680,-523176,-97.04
12903.680,-521797,-94.61
12904.680,-519914,-91.29
12905.680,-518190,-88.24
12906.680,-513948,-80.75
12907.680,-512336,-77.91
12908.680,-509962,-73.71
12909.680,-505915,-66.57
12910.680,-502283,-60.16
12911.680,-498560,-53.58
12912.680,-494583,-46.56
12913.680,-491148,-40.50
12914.680,-487113,-33.37
12915.680,-483091,-26.27
12916.680,-478219,-17.67
12917.680,-474275,-10.71
12918.680,-470302,-3.69
12919.680,-465875,4.12
12920.680,-461519,11.81
12921.680,-457895,18.21
12922.680,-452064,28.51
12923.680,-447713,36.19
12924.680,-444046,42.66
12925.680,-439072,51.44
12926.680,-435816,57.19
12927.680,-432876,62.38
12928.680,-429040,69.16
12929.680,-426055,74.43
12930.680,-422368,80.94
12931.680,-418930,87.01
12932.680,-414948,94.04
12933.680,-412851,97.74
12934.680,-409117,104.33
12935.680,-407530,107.13
12936.680,-405503,110.71
12937.680,-403074,115.00
12938.680,-401969,116.95
12941.756,-401259,118.20
12942.756,-399372,121.54
12943.756,-398410,123.23
12944.756,-397743,124.41
12945.756,-398302,123.43
12946.756,-397641,124.59
12947.756,-398434,123.19
12948.756,-399089,122.04
12949.756,-400114,120.23
12950.756,-400962,118.73
12951.756,-401961,116.97
12952.756,-403775,113.76
12953.756,-406176,109.52
12954.756,-408277,105.81
12955.756,-410418,102.03
12956.756,-413416,96.74
12957.756,-416201,91.82
12958.756,-418681,87.45
12959.756,-421704,82.11
12960.756,-425195,75.94
12961.756,-428695,69.77
12962.756,-431764,64.35
12963.756,-434663,59.23
12964.756,-438864,51.81
12965.756,-442752,44.95
12966.756,-446381,38.54
12967.756,-450310,31.60
12968.756,-454276,24.60
12969.756,-457904,18.20
12970.756,-462121,10.75
12971.756,-465712,4.41
12972.756,-469183,-1.72
12973.756,-473766,-9.81
12974.756,-478656,-18.44
12975.756,-481145,-22.84
12976.756,-484794,-29.28
12977.756,-488873,-36.48
12978.756,-491990,-41.98
12979.756,-495850,-48.80
12980.756,-499080,-54.50
12981.756,-502083,-59.80
12982.756,-505919,-66.58
12983.756,-507875,-70.03
12984.756,-511523,-76.47
12985.756,-514616,-81.93
12986.756,-516517,-85.29
12987.756,-519009,-89.69
12988.756,-520903,-93.03
12989.756,-523356,-97.36
12990.756,-525183,-100.59
12991.756,-526699,-103.26
12992.756,-528890,-107.13
12993.756,-529939,-108.99
12994.756,-530940,-110.75
12995.756,-532288,-113.13
12996.756,-532242,-113.05
12997.756,-532726,-113.91
12998.756,-532954,-114.31
12999.756,-532672,-113.81
13000.756,-532928,-114.26
13001.756,-533311,-114.94
13002.756,-532307,-113.17
13003.756,-530301,-109.62
13004.756,-529854,-108.84
13005.756,-528831,-107.03
13006.756,-526318,-102.59
13007.756,-524877,-100.05
13008.756,-521916,-94.82
13009.756,-520283,-91.94
13010.756,-518059,-88.01
13011.756,-516116,-84.58
13012.756,-512774,-78.68
13013.756,-510128,-74.01
13014.756,-506366,-67.37
13015.756,-502745,-60.97
13016.756,-498964,-54.30
13017.756,-495028,-47.35
13018.756,-492461,-42.82
13019.756,-487674,-34.36
13020.756,-484137,-28.12
13021.756,-480141,-21.06
13022.756,-475564,-12.98
13023.756,-470498,-4.04
13024.756,-465867,4.14
13025.756,-462325,10.39
13026.756,-458464,17.21
13027.756,-453809,25.43
13028.756,-449226,33.52
13029.756,-444940,41.08
13030.756,-441653,46.89
13031.756,-438270,52.86
13032.756,-433437,61.39
13033.756,-430014,67.44
13034.756,-426551,73.55
13035.756,-422607,80.51
13036.756,-418968,86.94
13037.756,-416095,92.01
13038.756,-412508,98.34
13039.756,-410408,102.05
13042.790,-407629,106.96
13043.790,-407321,107.50
13044.790,-406332,109.25
13045.790,-403503,114.24
13046.790,-401033,118.60
13047.790,-402268,116.42
13048.790,-398420,123.22
13049.790,-400154,120.16
13050.790,-398668,122.78
13051.790,-398416,123.22
13052.790,-398831,122.49
13053.790,-398763,122.61
13054.790,-400674,119.24
13055.790,-401813,117.23
13056.790,-402321,116.33
13057.790,-403865,113.60
13058.790,-405454,110.80
13059.790,-408179,105.99
13060.790,-409865,103.01
13061.790,-412669,98.06
13062.790,-415550,92.97
13063.790,-417950,88.74
13064.790,-421498,82.47
13065.790,-424344,77.45
13066.790,-427502,71.87
13067.790,-430633,66.34
13068.790,-434092,60.24
13069.790,-438194,52.99
13070.790,-441136,47.80
13071.790,-445180,40.66
13072.790,-449437,33.14
13073.790,-452555,27.64
13074.790,-456606,20.49
13075.790,-460221,14.10
13076.790,-465261,5.21
13077.790,-468331,-0.21
13078.790,-472040,-6.76
13079.790,-476234,-14.17
13080.790,-480129,-21.04
13081.790,-483346,-26.72
13082.790,-487544,-34.14
13083.790,-490641,-39.60
13084.790,-495223,-47.69
13085.790,-498685,-53.80
13086.790,-502397,-60.36
13087.790,-505367,-65.60
13088.790,-508096,-70.42
13089.790,-511278,-76.04
13090.790,-513647,-80.22
13091.790,-516198,-84.72
13092.790,-517736,-87.44
13093.790,-520341,-92.04
13094.790,-522803,-96.39
13095.790,-525896,-101.85
13096.790,-526792,-103.43
13097.790,-528013,-105.58
13098.790,-529502,-108.21
13099.790,-530119,-109.30
13100.790,-532194,-112.97
13101.790,-532864,-114.15
13102.790,-533400,-115.10
13103.790,-532841,-114.11
13104.790,-532459,-113.43
13105.790,-533334,-114.98
13106.790,-531756,-112.19
13107.790,-531191,-111.20
13108.790,-531139,-111.10
13109.790,-530913,-110.70
13110.790,-528975,-107.28
13111.790,-527251,-104.24
13112.790,-525780,-101.64
13113.790,-522588,-96.01
13114.790,-520347,-92.05
13115.790,-519130,-89.90
13116.790,-516177,-84.69
13117.790,-514191,-81.18
13118.790,-510529,-74.72
13119.790,-507473,-69.32
13120.790,-503196,-61.77
13121.790,-500815,-57.57
13122.790,-496529,-50.00
13123.790,-493414,-44.50
13124.790,-488107,-35.13
13125.790,-484767,-29.23
13126.790,-480345,-21.42
13127.790,-476557,-14.74
13128.790,-472051,-6.78
13129.790,-467414,1.41
13130.790,-462827,9.50
13131.790,-459557,15.28
13132.790,-454574,24.07
13133.790,-450425,31.40
13134.790,-447165,37.16
13135.790,-442010,46.26
13136.790,-438380,52.67
13137.790,-434516,59.49
13138.790,-430362,66.82
13139.790,-427617,71.67
13140.790,-423250,79.38
13143.825,-420024,85.07
13144.825,-417635,89.29
13145.825,-413762,96.13
13146.825,-411002,101.00
13147.825,-408257,105.85
13148.825,-406359,109.20
13149.825,-404399,112.66
13150.825,-403510,114.23
13151.825,-401430,117.90
13152.825,-400171,120.13
13153.825,-398653,122.81
13154.825,-398718,122.69
13155.825,-398942,122.30
13156.825,-399149,121.93
13157.825,-398292,123.44
13158.825,-399023,122.15
13159.825,-399827,120.73
13160.825,-401529,117.73
13161.825,-401656,117.50
13162.825,-403139,114.89
13163.825,-404962,111.67
13164.825,-407100,107.89
13165.825,-408968,104.59
13166.825,-411944,99.34
13167.825,-414570,94.70
13168.825,-416983,90.44
13169.825,-419937,85.23
13170.825,-422729,80.30
13171.825,-426633,73.41
13172.825,-430212,67.09
13173.825,-433266,61.69
13174.825,-436783,55.49
13175.825,-440641,48.67
13176.825,-443927,42.87
13177.825,-448772,34.32
13178.825,-452250,28.18
13179.825,-455459,22.51
13180.825,-459647,15.12
13181.825,-463516,8.29
13182.825,-468082,0.23
13183.825,-471476,-5.77
13184.825,-475001,-11.99
13185.825,-479742,-20.36
13186.825,-482954,-26.03
13187.825,-486954,-33.09
13188.825,-491147,-40.50
13189.825,-493566,-44.77
13190.825,-498475,-53.43
13191.825,-501239,-58.31
13192.825,-503352,-62.04
13193.825,-506210,-67.09
13194.825,-509840,-73.50
13195.825,-512640,-78.44
13196.825,-514483,-81.70
13197.825,-517842,-87.63
13198.825,-520948,-93.11
13199.825,-523329,-97.31
13200.825,-525167,-100.56
13201.825,-525994,-102.02
13202.825,-528529,-106.50
13203.825,-529597,-108.38
13204.825,-530286,-109.60
13205.825,-532849,-114.12
13206.825,-531810,-112.29
13207.825,-534049,-116.24
13208.825,-533034,-114.45
13209.825,-532983,-114.36
13210.825,-533614,-115.47
13211.825,-532380,-113.29
13212.825,-532692,-113.85
13213.825,-530176,-109.40
13214.825,-530470,-109.92
13215.825,-528692,-106.78
13216.825,-527340,-104.40
13217.825,-524952,-100.18
13218.825,-523403,-97.45
13219.825,-520545,-92.40
13220.825,-518675,-89.10
13221.825,-517433,-86.91
13222.825,-513725,-80.36
13223.825,-511056,-75.65
13224.825,-507710,-69.74
13225.825,-505119,-65.16
13226.825,-501873,-59.43
13227.825,-497990,-52.58
13228.825,-494771,-46.89
13229.825,-489237,-37.12
13230.825,-486023,-31.45
13231.825,-482113,-24.55
13232.825,-477178,-15.83
13233.825,-473378,-9.12
13234.825,-468877,-1.18
13235.825,-463839,7.72
13236.825,-459762,14.92
13237.825,-455576,22.31
13238.825,-450885,30.59
13239.825,-446215,38.83
13240.825,-442848,44.78
13241.825,-439804,50.15
13244.876,-436455,56.06
13245.876,-432652,62.78
13246.876,-427759,71.42
13247.876,-425305,75.75
13248.876,-420901,83.53
13249.876,-418085,88.50
13250.876,-414667,94.53
13251.876,-411678,99.81
13252.876,-409580,103.51
13253.876,-406104,109.65
13254.876,-404685,112.16
13255.876,-402917,115.28
13256.876,-400961,118.73
13257.876,-400480,119.58
13258.876,-398529,123.02
13259.876,-400100,120.25
13260.876,-398547,122.99
13261.876,-397584,124.69
13262.876,-398607,122.89
13263.876,-399003,122.19
13264.876,-399619,121.10
13265.876,-400100,120.25
13266.876,-401053,118.57
13267.876,-402786,115.51
13268.876,-404886,111.80
13269.876,-406317,109.27
13270.876,-409510,103.64
13271.876,-411217,100.62
13272.876,-413693,96.25
13273.876,-416098,92.01
13274.876,-418802,87.23
13275.876,-422698,80.35
13276.876,-425609,75.21
13277.876,-429313,68.67
13278.876,-431920,64.07
13279.876,-436303,56.33
13280.876,-439703,50.33
13281.876,-443493,43.64
13282.876,-447070,37.32
13283.876,-450802,30.73
13284.876,-455371,22.67
13285.876,-458937,16.37
13286.876,-462606,9.89
13287.876,-465953,3.98
13288.876,-471494,-5.80
13289.876,-473680,-9.66
13290.876,-478597,-18.34
13291.876,-482147,-24.61
13292.876,-485034,-29.70
13293.876,-489696,-37.93
13294.876,-492646,-43.14
13295.876,-497166,-51.12
13296.876,-501078,-58.03
13297.876,-503650,-62.57
13298.876,-506805,-68.14
13299.876,-509415,-72.75
13300.876,-512370,-77.97
13301.876,-514199,-81.20
13302.876,-517148,-86.40
13303.876,-518635,-89.03
13304.876,-521772,-94.57
13305.876,-524473,-99.33
13306.876,-526624,-103.13
13307.876,-527864,-105.32
13308.876,-528624,-106.66
13309.876,-530553,-110.07
13310.876,-531578,-111.88
13311.876,-532333,-113.21
13312.876,-533194,-114.73
13313.876,-532140,-112.87
13314.876,-533214,-114.77
13315.876,-532862,-114.15
13316.876,-532262,-113.09
13317.876,-532227,-113.02
13318.876,-531554,-111.84
13319.876,-530683,-110.30
13320.876,-528240,-105.99
13321.876,-527754,-105.13
13322.876,-525897,-101.85
13323.876,-523625,-97.84
13324.876,-522158,-95.25
13325.876,-520528,-92.37
13326.876,-517609,-87.22
13327.876,-516065,-84.49
13328.876,-511772,-76.91
13329.876,-508442,-71.03
13330.876,-505782,-66.34
13331.876,-502266,-60.13
13332.876,-499434,-55.13
13333.876,-494250,-45.97
13334.876,-491927,-41.87
13335.876,-486566,-32.41
13336.876,-482854,-25.85
13337.876,-478590,-18.33
13338.876,-473638,-9.58
13339.876,-469739,-2.70
13340.876,-465416,4.93
13341.876,-460666,13.32
13342.876,-457281,19.30
13345.917,-452639,27.49
13346.917,-452706,27.37
13347.917,-449604,32.85
13348.917,-441028,47.99
13349.917,-435933,56.99
13350.917,-437143,54.85
13351.917,-429583,68.20
13352.917,-424897,76.47
13353.917,-421652,82.20
13354.917,-418314,88.09
13355.917,-415925,92.31
13356.917,-412612,98.16
13357.917,-409661,103.37
13358.917,-407068,107.95
13359.917,-404890,111.79
13360.917,-403339,114.53
13361.917,-402332,116.31
13362.917,-400386,119.75
13363.917,-399293,121.68
13364.917,-399528,121.26
13365.917,-398694,122.73
13366.917,-398580,122.93
13367.917,-398766,122.61
13368.917,-398727,122.67
13369.917,-398590,122.92
13370.917,-399890,120.62
13371.917,-400918,118.81
13372.917,-402482,116.05
13373.917,-403441,114.35
13374.917,-405825,110.14
13375.917,-408367,105.66
13376.917,-410343,102.17
13377.917,-412636,98.12
13378.917,-415965,92.24
13379.917,-418700,87.41
13380.917,-422238,81.17
13381.917,-424377,77.39
13382.917,-428794,69.59
13383.917,-431756,64.36
13384.917,-435000,58.63
13385.917,-438826,51.88
13386.917,-441871,46.50
13387.917,-446298,38.69
13388.917,-450679,30.95
13389.917,-454173,24.78
13390.917,-457803,18.37
13391.917,-461222,12.34
13392.917,-465530,4.73
13393.917,-470325,-3.73
13394.917,-472487,-7.55
13395.917,-477720,-16.79
13396.917,-481321,-23.15
13397.917,-485945,-31.31
13398.917,-488738,-36.24
13399.917,-491898,-41.82
13400.917,-496018,-49.10
13401.917,-497873,-52.37
13402.917,-502268,-60.13
13403.917,-505124,-65.17
13404.917,-507568,-69.49
13405.917,-511345,-76.16
13406.917,-513491,-79.95
13407.917,-517394,-86.84
13408.917,-519097,-89.84
13409.917,-520286,-91.94
13410.917,-524559,-99.49
13411.917,-525681,-101.47
13412.917,-528142,-105.81
13413.917,-528726,-106.84
13414.917,-530196,-109.44
13415.917,-531644,-112.00
13416.917,-531640,-111.99
13417.917,-532197,-112.97
13418.917,-533516,-115.30
13419.917,-533128,-114.62
13420.917,-533194,-114.73
13421.917,-531965,-112.56
13422.917,-532339,-113.22
13423.917,-531509,-111.76
13424.917,-530934,-110.74
13425.917,-529586,-108.36
13426.917,-527715,-105.06
13427.917,-526362,-102.67
13428.917,-525407,-100.98
13429.917,-522960,-96.66
13430.917,-520654,-92.59
13431.917,-518513,-88.81
13432.917,-516277,-84.86
13433.917,-513481,-79.93
13434.917,-509031,-72.07
13435.917,-506602,-67.78
13436.917,-503425,-62.17
13437.917,-499617,-55.45
13438.917,-495563,-48.29
13439.917,-491736,-41.54
13440.917,-488812,-36.37
13441.917,-482772,-25.71
13442.917,-480218,-21.20
13443.917,-475106,-12.18
13447.008,-470713,-4.42
13448.008,-467060,2.03
13449.008,-462435,10.20
13450.008,-457718,18.52
13451.008,-454221,24.70
13452.008,-449512,33.01
13453.008,-445703,39.74
13454.008,-441527,47.11
13455.008,-436843,55.38
13456.008,-434012,60.38
13457.008,-429882,67.67
13458.008,-427045,72.68
13459.008,-422289,81.08
13460.008,-419693,85.66
13461.008,-415465,93.12
13462.008,-412256,98.79
13463.008,-410325,102.20
13464.008,-408643,105.17
13465.008,-405374,110.94
13466.008,-403162,114.84
13467.008,-401809,117.23
13468.008,-401564,117.67
13469.008,-399665,121.02
13470.008,-399281,121.70
13471.008,-398463,123.14
13472.008,-398225,123.56
13473.008,-398679,122.76
13474.008,-399005,122.18
13475.008,-399095,122.03
13476.008,-400307,119.89
13477.008,-401430,117.90
13478.008,-402281,116.40
13479.008,-403281,114.63
13480.008,-405422,110.85
13481.008,-407917,106.45
13482.008,-409581,103.51
13483.008,-412547,98.28
13484.008,-413773,96.11
13485.008,-418547,87.68
13486.008,-420815,83.68
13487.008,-423078,79.68
13488.008,-427313,72.21
13489.008,-430207,67.10
13490.008,-433994,60.41
13491.008,-437991,53.35
13492.008,-441939,46.38
13493.008,-445415,40.25
13494.008,-449687,32.70
13495.008,-452633,27.50
13496.008,-455921,21.70
13497.008,-460950,12.82
13498.008,-464738,6.13
13499.008,-469002,-1.40
13500.008,-472398,-7.39
13501.008,-476283,-14.25
13502.008,-480342,-21.42
13503.008,-485059,-29.75
13504.008,-487478,-34.02
13505.008,-492349,-42.62
13506.008,-496065,-49.18
13507.008,-498598,-53.65
13508.008,-501433,-58.66
13509.008,-504430,-63.95
13510.008,-508077,-70.39
13511.008,-510654,-74.94
13512.008,-513702,-80.32
13513.008,-515671,-83.79
13514.008,-519434,-90.44
13515.008,-521318,-93.76
13516.008,-524078,-98.64
13517.008,-524735,-99.80
13518.008,-527547,-104.76
13519.008,-527882,-105.35
13520.008,-529317,-107.89
13521.008,-531221,-111.25
13522.008,-531912,-112.47
13523.008,-531923,-112.49
13524.008,-532913,-114.24
13525.008,-533141,-114.64
13526.008,-532866,-114.15
13527.008,-531952,-112.54
13528.008,-532995,-114.38
13529.008,-531624,-111.96
13530.008,-530271,-109.57
13531.008,-529705,-108.57
13532.008,-528243,-105.99
13533.008,-526755,-103.36
13534.008,-525783,-101.65
13535.008,-523296,-97.26
13536.008,-520761,-92.78
13537.008,-519173,-89.98
13538.008,-515694,-83.84
13539.008,-513646,-80.22
13540.008,-510231,-74.19
13541.008,-507178,-68.80
13542.008,-504047,-63.27
13543.008,-500429,-56.88
13544.008,-496836,-50.54
13545.008,-492895,-43.58
13548.029,-489036,-36.77
13549.029,-486523,-32.33
13550.029,-481316,-23.14
13551.029,-475727,-13.27
13552.029,-472624,-7.79
13553.029,-467258,1.68
13554.029,-463732,7.91
13555.029,-458617,16.94
13556.029,-454213,24.71
13557.029,-450417,31.41
13558.029,-445445,40.19
13559.029,-441321,47.47
13560.029,-438126,53.11
13561.029,-434559,59.41
13562.029,-430876,65.91
13563.029,-426961,72.83
13564.029,-424875,76.51
13565.029,-420982,83.38
13566.029,-416438,91.41
13567.029,-413745,96.16
13568.029,-411833,99.54
13569.029,-408824,104.85
13570.029,-405728,110.31
13571.029,-403921,113.50
13572.029,-402587,115.86
13573.029,-400557,119.44
13574.029,-400987,118.68
13575.029,-399131,121.96
13576.029,-397881,124.17
13577.029,-397761,124.38
13578.029,-398839,122.48
13579.029,-398093,123.79
13580.029,-398442,123.18
13581.029,-399641,121.06
13582.029,-400744,119.11
13583.029,-401987,116.92
13584.029,-403300,114.60
13585.029,-405528,110.67
13586.029,-407269,107.59
13587.029,-408875,104.76
13588.029,-411610,99.93
13589.029,-414252,95.26
13590.029,-417011,90.39
13591.029,-419877,85.33
13592.029,-424173,77.75
13593.029,-426696,73.29
13594.029,-429363,68.59
13595.029,-433580,61.14
13596.029,-436272,56.39
13597.029,-441166,47.75
13598.029,-444687,41.53
13599.029,-448495,34.81
13600.029,-452086,28.47
13601.029,-456597,20.50
13602.029,-460309,13.95
13603.029,-464384,6.75
13604.029,-467982,0.40
13605.029,-472329,-7.27
13606.029,-474895,-11.80
13607.029,-479968,-20.76
13608.029,-482702,-25.59
13609.029,-486615,-32.49
13610.029,-491316,-40.79
13611.029,-494428,-46.29
13612.029,-498892,-54.17
13613.029,-501510,-58.79
13614.029,-504322,-63.76
13615.029,-507804,-69.90
13616.029,-510114,-73.98
13617.029,-513505,-79.97
13618.029,-515737,-83.91
13619.029,-517531,-87.08
13620.029,-520149,-91.70
13621.029,-523125,-96.95
13622.029,-524310,-99.05
13623.029,-526628,-103.14
13624.029,-528138,-105.81
13625.029,-529488,-108.19
13626.029,-530961,-110.79
13627.029,-531495,-111.73
13628.029,-531963,-112.56
13629.029,-532502,-113.51
13630.029,-533378,-115.06
13631.029,-533184,-114.71
13632.029,-532786,-114.01
13633.029,-533710,-115.64
13634.029,-532945,-114.29
13635.029,-531715,-112.12
13636.029,-529859,-108.84
13637.029,-528664,-106.73
13638.029,-528486,-106.42
13639.029,-525743,-101.58
13640.029,-523150,-97.00
13641.029,-522250,-95.41
13642.029,-519444,-90.46
13643.029,-516226,-84.77
13644.029,-513530,-80.01
13645.029,-511504,-76.44
13646.029,-507276,-68.97
13649.090,-504527,-64.12
13650.090,-504710,-64.44
13651.090,-497541,-51.79
13652.090,-495431,-48.06
13653.090,-489240,-37.13
13654.090,-485371,-30.30
13655.090,-479776,-20.42
13656.090,-478345,-17.89
13657.090,-471689,-6.14
13658.090,-468781,-1.01
13659.090,-464182,7.11
13660.090,-459790,14.87
13661.090,-455899,21.74
13662.090,-451336,29.79
13663.090,-447500,36.56
13664.090,-443938,42.85
13665.090,-438957,51.65
13666.090,-435562,57.64
13667.090,-430930,65.82
13668.090,-426858,73.01
13669.090,-424638,76.93
13670.090,-421176,83.04
13671.090,-418084,88.50
13672.090,-414499,94.83
13673.090,-412080,99.10
13674.090,-408866,104.77
13675.090,-406788,108.44
13676.090,-404214,112.99
13677.090,-401969,116.95
13678.090,-401731,117.37
13679.090,-399854,120.69
13680.090,-398633,122.84
13681.090,-398416,123.22
13682.090,-398615,122.87
13683.090,-398888,122.39
13684.090,-398559,122.97
13685.090,-398003,123.95
13686.090,-400404,119.71
13687.090,-401644,117.52
13688.090,-401988,116.92
13689.090,-402693,115.67
13690.090,-404466,112.54
13691.090,-406324,109.26
13692.090,-407989,106.32
13693.090,-411688,99.79
13694.090,-413719,96.21
13695.090,-416149,91.92
13696.090,-419377,86.22
13697.090,-423435,79.05
13698.090,-425313,75.74
13699.090,-428595,69.94
13700.090,-432819,62.48
13701.090,-435955,56.95
13702.090,-439559,50.58
13703.090,-443396,43.81
13704.090,-447197,37.10
13705.090,-451776,29.01
13706.090,-455702,22.08
13707.090,-458993,16.27
13708.090,-463273,8.72
13709.090,-467147,1.88
13710.090,-471880,-6.48
13711.090,-474375,-10.88
13712.090,-479612,-20.13
13713.090,-482858,-25.86
13714.090,-485603,-30.71
13715.090,-490742,-39.78
13716.090,-493817,-45.21
13717.090,-497529,-51.76
13718.090,-500140,-56.37
13719.090,-504191,-63.53
13720.090,-506886,-68.28
13721.090,-510656,-74.94
13722.090,-514182,-81.17
13723.090,-515112,-82.81
13724.090,-517463,-86.96
13725.090,-519669,-90.85
13726.090,-521344,-93.81
13727.090,-525372,-100.92
13728.090,-525529,-101.20
13729.090,-527543,-104.75
13730.090,-529323,-107.90
13731.090,-529814,-108.76
13732.090,-531882,-112.42
13733.090,-531340,-111.46
13734.090,-533285,-114.89
13735.090,-532874,-114.17
13736.090,-533876,-115.94
13737.090,-532478,-113.47
13738.090,-532870,-114.16
13739.090,-532171,-112.93
13740.090,-531044,-110.94
13741.090,-530603,-110.16
13742.090,-528750,-106.89
13743.090,-527352,-104.42
13744.090,-526045,-102.11
13745.090,-523440,-97.51
13746.090,-521553,-94.18
13747.090,-519314,-90.23
13750.136,-517292,-86.66
13751.136,-514578,-81.86
13752.136,-511060,-75.65
13753.136,-509853,-73.52
13754.136,-505674,-66.14
13755.136,-502505,-60.55
13756.136,-497729,-52.12
13757.136,-494170,-45.83
13758.136,-490531,-39.41
13759.136,-486437,-32.18
13760.136,-482463,-25.16
13761.136,-477654,-16.67
13762.136,-474227,-10.62
13763.136,-469585,-2.43
13764.136,-464825,5.98
13765.136,-460300,13.97
13766.136,-456949,19.88
13767.136,-452258,28.16
13768.136,-447254,37.00
13769.136,-444083,42.60
13770.136,-439719,50.30
13771.136,-436711,55.61
13772.136,-432520,63.01
13773.136,-427852,71.25
13774.136,-425507,75.39
13775.136,-421751,82.03
13776.136,-418987,86.91
13777.136,-415223,93.55
13778.136,-412991,97.49
13779.136,-408659,105.14
13780.136,-407173,107.76
13781.136,-405738,110.30
13782.136,-404169,113.07
13783.136,-401158,118.38
13784.136,-400632,119.31
13785.136,-399654,121.04
13786.136,-398709,122.71
13787.136,-398149,123.70
13788.136,-397975,124.00
13789.136,-399028,122.14
13790.136,-398964,122.26
13791.136,-399309,121.65
13792.136,-400439,119.65
13793.136,-401531,117.72
13794.136,-402690,115.68
13795.136,-403837,113.65
13796.136,-405722,110.32
13797.136,-408884,104.74
13798.136,-411422,100.26
13799.136,-413648,96.33
13800.136,-416663,91.01
13801.136,-418749,87.33
13802.136,-421372,82.69
13803.136,-425256,75.84
13804.136,-429008,69.21
13805.136,-432156,63.65
13806.136,-435700,57.40
13807.136,-439748,50.25
13808.136,-443306,43.97
13809.136,-447461,36.63
13810.136,-451369,29.73
13811.136,-455358,22.69
13812.136,-458431,17.27
13813.136,-462228,10.56
13814.136,-466266,3.43
13815.136,-470535,-4.11
13816.136,-474342,-10.83
13817.136,-478349,-17.90
13818.136,-481870,-24.12
13819.136,-486002,-31.41
13820.136,-489741,-38.01
13821.136,-492879,-43.55
13822.136,-496402,-49.77
13823.136,-500755,-57.46
13824.136,-502646,-60.80
13825.136,-505860,-66.47
13826.136,-509028,-72.07
13827.136,-511489,-76.41
13828.136,-514613,-81.93
13829.136,-518302,-88.44
13830.136,-519207,-90.04
13831.136,-521557,-94.19
13832.136,-523611,-97.81
13833.136,-525516,-101.18
13834.136,-527598,-104.85
13835.136,-528484,-106.42
13836.136,-529656,-108.49
13837.136,-530998,-110.85
13838.136,-533240,-114.81
13839.136,-532101,-112.80
13840.136,-533381,-115.06
13841.136,-533209,-114.76
13842.136,-533317,-114.95
13843.136,-532280,-113.12
13844.136,-532653,-113.78
13845.136,-531462,-111.67
13846.136,-530534,-110.04
13847.136,-530125,-109.31
13848.136,-527382,-104.47
13851.192,-526993,-103.78
13852.192,-524846,-99.99
13853.192,-521998,-94.97
13854.192,-520040,-91.51
13855.192,-517254,-86.59
13856.192,-514821,-82.29
13857.192,-513084,-79.23
13858.192,-507940,-70.15
13859.192,-506192,-67.06
13860.192,-501694,-59.12
13861.192,-498424,-53.34
13862.192,-494758,-46.87
13863.192,-491357,-40.87
13864.192,-487252,-33.62
13865.192,-482873,-25.89
13866.192,-478684,-18.49
13867.192,-473575,-9.47
13868.192,-470507,-4.06
13869.192,-465631,4.55
13870.192,-462225,10.57
13871.192,-456710,20.30
13872.192,-452503,27.73
13873.192,-449666,32.74
13874.192,-444433,41.98
13875.192,-440601,48.74
13876.192,-435983,56.90
13877.192,-433155,61.89
13878.192,-429303,68.69
13879.192,-425348,75.67
13880.192,-422888,80.02
13881.192,-419012,86.86
13882.192,-414702,94.47
13883.192,-412764,97.89
13884.192,-409994,102.78
13885.192,-407306,107.53
13886.192,-405567,110.60
13887.192,-403379,114.46
13888.192,-401842,117.18
13889.192,-399765,120.84
13890.192,-399276,121.71
13891.192,-398345,123.35
13892.192,-398198,123.61
13893.192,-398207,123.59
13894.192,-399125,121.97
13895.192,-398690,122.74
13896.192,-398861,122.44
13897.192,-399572,121.18
13898.192,-399932,120.55
13899.192,-402005,116.89
13900.192,-403290,114.62
13901.192,-405656,110.44
13902.192,-408280,105.81
13903.192,-411335,100.41
13904.192,-413701,96.24
13905.192,-415473,93.11
13906.192,-418402,87.94
13907.192,-420711,83.86
13908.192,-424602,76.99
13909.192,-428301,70.46
13910.192,-431186,65.37
13911.192,-435299,58.11
13912.192,-438113,53.14
13913.192,-442313,45.72
13914.192,-446172,38.91
13915.192,-450543,31.19
13916.192,-454072,24.96
13917.192,-457619,18.70
13918.192,-462155,10.69
13919.192,-465461,4.85
13920.192,-469893,-2.97
13921.192,-473334,-9.05
13922.192,-478059,-17.39
13923.192,-481265,-23.05
13924.192,-484789,-29.27
13925.192,-488194,-35.28
13926.192,-491777,-41.61
13927.192,-495523,-48.22
13928.192,-499798,-55.77
13929.192,-502129,-59.89
13930.192,-506042,-66.79
13931.192,-508979,-71.98
13932.192,-511473,-76.38
13933.192,-514290,-81.36
13934.192,-516934,-86.02
13935.192,-518143,-88.16
13936.192,-522297,-95.49
13937.192,-523597,-97.79
13938.192,-525120,-100.48
13939.192,-527704,-105.04
13940.192,-528732,-106.85
13941.192,-530173,-109.40
13942.192,-531409,-111.58
13943.192,-532020,-112.66
13944.192,-533278,-114.88
13945.192,-531794,-112.26
13946.192,-532980,-114.35
13947.192,-533022,-114.43
13948.192,-532159,-112.90
13949.192,-532549,-113.59
13952.266,-531740,-112.16
13953.266,-535608,-118.99
13954.266,-531807,-112.28
13955.266,-528678,-106.76
13956.266,-526082,-102.18
13957.266,-525649,-101.41
13958.266,-522627,-96.08
13959.266,-520086,-91.59
13960.266,-517149,-86.40
13961.266,-515699,-83.84
13962.266,-513042,-79.15
13963.266,-508846,-71.74
13964.266,-506333,-67.31
13965.266,-502382,-60.33
13966.266,-498332,-53.18
13967.266,-495078,-47.44
13968.266,-492084,-42.15
13969.266,-488089,-35.10
13970.266,-483381,-26.79
13971.266,-479915,-20.67
13972.266,-475218,-12.37
13973.266,-471191,-5.26
13974.266,-467650,0.99
13975.266,-462124,10.74
13976.266,-458301,17.49
13977.266,-453935,25.20
13978.266,-449250,33.47
13979.266,-445508,40.08
13980.266,-440860,48.29
13981.266,-437501,54.22
13982.266,-433867,60.63
13983.266,-429864,67.70
13984.266,-426147,74.26
13985.266,-422477,80.74
13986.266,-420024,85.07
13987.266,-416063,92.07
13988.266,-413109,97.28
13989.266,-410486,101.91
13990.266,-408377,105.64
13991.266,-404933,111.72
13992.266,-403965,113.43
13993.266,-402545,115.93
13994.266,-401137,118.42
13995.266,-399944,120.53
13996.266,-398247,123.52
13997.266,-398665,122.78
13998.266,-398114,123.76
13999.266,-398474,123.12
14000.266,-398836,122.48
14001.266,-398685,122.75
14002.266,-399573,121.18
14003.266,-400677,119.23
14004.266,-402343,116.29
14005.266,-404094,113.20
14006.266,-405091,111.44
14007.266,-407230,107.66
14008.266,-409914,102.92
14009.266,-412724,97.96
14010.266,-414988,93.97
14011.266,-417780,89.04
14012.266,-420158,84.84
14013.266,-423553,78.84
14014.266,-428030,70.94
14015.266,-430211,67.09
14016.266,-434140,60.15
14017.266,-437622,54.00
14018.266,-441333,47.45
14019.266,-444473,41.91
14020.266,-449429,33.16
14021.266,-453495,25.98
14022.266,-457136,19.55
14023.266,-460887,12.93
14024.266,-465301,5.14
14025.266,-469057,-1.50
14026.266,-472305,-7.23
14027.266,-477071,-15.64
14028.266,-481009,-22.60
14029.266,-484278,-28.37
14030.266,-487594,-34.22
14031.266,-492205,-42.36
14032.266,-496477,-49.91
14033.266,-497768,-52.19
14034.266,-501117,-58.10
14035.266,-504706,-64.44
14036.266,-508380,-70.92
14037.266,-510928,-75.42
14038.266,-513476,-79.92
14039.266,-515841,-84.09
14040.266,-518526,-88.84
14041.266,-520624,-92.54
14042.266,-523805,-98.16
14043.266,-524311,-99.05
14044.266,-527124,-104.02
14045.266,-528148,-105.82
14046.266,-530103,-109.27
14047.266,-530729,-110.38
14048.266,-532098,-112.80
14049.266,-531558,-111.84
14050.266,-531925,-112.49
14053.289,-533101,-114.57
14054.289,-532837,-114.10
14055.289,-532062,-112.73
14056.289,-531727,-112.14
14057.289,-531766,-112.21
14058.289,-530712,-110.35
14059.289,-529964,-109.03
14060.289,-528306,-106.10
14061.289,-525915,-101.88
14062.289,-524620,-99.59
14063.289,-523437,-97.51
14064.289,-521393,-93.90
14065.289,-518542,-88.86
14066.289,-515646,-83.75
14067.289,-513720,-80.35
14068.289,-510199,-74.13
14069.289,-506276,-67.21
14070.289,-503710,-62.68
14071.289,-499770,-55.72
14072.289,-496226,-49.46
14073.289,-491629,-41.35
14074.289,-487674,-34.36
14075.289,-485012,-29.66
14076.289,-480586,-21.85
14077.289,-476515,-14.66
14078.289,-471599,-5.98
14079.289,-467639,1.01
14080.289,-463215,8.82
14081.289,-458443,17.24
14082.289,-453565,25.86
14083.289,-450078,32.01
14084.289,-446449,38.42
14085.289,-442821,44.83
14086.289,-438656,52.18
14087.289,-433907,60.56
14088.289,-430807,66.04
14089.289,-427294,72.24
14090.289,-422903,79.99
14091.289,-419732,85.59
14092.289,-417085,90.26
14093.289,-414803,94.29
14094.289,-410698,101.54
14095.289,-407690,106.85
14096.289,-406202,109.48
14097.289,-403560,114.14
14098.289,-401536,117.72
14099.289,-400700,119.19
14100.289,-399611,121.11
14101.289,-399032,122.14
14102.289,-397824,124.27
14103.289,-397657,124.56
14104.289,-398487,123.10
14105.289,-397785,124.34
14106.289,-398654,122.80
14107.289,-399056,122.09
14108.289,-400807,119.00
14109.289,-400840,118.94
14110.289,-403051,115.04
14111.289,-404775,112.00
14112.289,-407358,107.44
14113.289,-408919,104.68
14114.289,-411370,100.35
14115.289,-413701,96.24
14116.289,-417099,90.24
14117.289,-420442,84.34
14118.289,-422949,79.91
14119.289,-427042,72.68
14120.289,-430222,67.07
14121.289,-433776,60.79
14122.289,-437303,54.57
14123.289,-441088,47.88
14124.289,-444253,42.30
14125.289,-448923,34.05
14126.289,-451989,28.64
14127.289,-456747,20.24
14128.289,-459594,15.21
14129.289,-464833,5.96
14130.289,-467401,1.43
14131.289,-472445,-7.48
14132.289,-475896,-13.57
14133.289,-480224,-21.21
14134.289,-483793,-27.51
14135.289,-487840,-34.66
14136.289,-490833,-39.94
14137.289,-494792,-46.93
14138.289,-498192,-52.93
14139.289,-501587,-58.93
14140.289,-504024,-63.23
14141.289,-506838,-68.20
14142.289,-510368,-74.43
14143.289,-513824,-80.53
14144.289,-516144,-84.63
14145.289,-518805,-89.33
14146.289,-520233,-91.85
14147.289,-523965,-98.44
14148.289,-524786,-99.89
14149.289,-527273,-104.28
14150.289,-527377,-104.46
14151.289,-529320,-107.89
14154.337,-530170,-109.39
14155.337,-532267,-113.10
14156.337,-532548,-113.59
14157.337,-532586,-113.66
14158.337,-532846,-114.12
14159.337,-533605,-115.46
14160.337,-533161,-114.67
14161.337,-531665,-112.03
14162.337,-531794,-112.26
14163.337,-531103,-111.04
14164.337,-530034,-109.15
14165.337,-527955,-105.48
14166.337,-527104,-103.98
14167.337,-524653,-99.65
14168.337,-523700,-97.97
14169.337,-521576,-94.22
14170.337,-518825,-89.36
14171.337,-517058,-86.24
14172.337,-513315,-79.63
14173.337,-510954,-75.47
14174.337,-507647,-69.63
14175.337,-504458,-64.00
14176.337,-501102,-58.07
14177.337,-496987,-50.81
14178.337,-493707,-45.02
14179.337,-489088,-36.86
14180.337,-485961,-31.34
14181.337,-479913,-20.66
14182.337,-476539,-14.71
14183.337,-473306,-9.00
14184.337,-468453,-0.43
14185.337,-464795,6.03
14186.337,-459846,14.77
14187.337,-455698,22.09
14188.337,-451722,29.11
14189.337,-447068,37.33
14190.337,-442947,44.60
14191.337,-439886,50.01
14192.337,-435286,58.13
14193.337,-431212,65.32
14194.337,-427163,72.47
14195.337,-423935,78.17
14196.337,-421149,83.09
14197.337,-417159,90.13
14198.337,-414253,95.26
14199.337,-411483,100.15
14200.337,-408540,105.35
14201.337,-406298,109.31
14202.337,-403740,113.82
14203.337,-402860,115.38
14204.337,-400240,120.00
14205.337,-400660,119.26
14206.337,-398451,123.16
14207.337,-397688,124.51
14208.337,-398350,123.34
14209.337,-398718,122.69
14210.337,-397882,124.17
14211.337,-397734,124.43
14212.337,-398542,123.00
14213.337,-400862,118.91
14214.337,-401089,118.50
14215.337,-402399,116.19
14216.337,-404918,111.74
14217.337,-405891,110.03
14218.337,-409250,104.10
14219.337,-411106,100.82
14220.337,-414789,94.32
14221.337,-417049,90.33
14222.337,-419252,86.44
14223.337,-422041,81.51
14224.337,-426355,73.90
14225.337,-430099,67.29
14226.337,-433075,62.03
14227.337,-436494,56.00
14228.337,-440429,49.05
14229.337,-444685,41.53
14230.337,-448646,34.54
14231.337,-452509,27.72
14232.337,-455474,22.49
14233.337,-459046,16.18
14234.337,-463646,8.06
14235.337,-467297,1.61
14236.337,-471423,-5.67
14237.337,-475082,-12.13
14238.337,-478119,-17.49
14239.337,-483505,-27.00
14240.337,-486404,-32.12
14241.337,-490546,-39.44
14242.337,-494196,-45.88
14243.337,-497678,-52.03
14244.337,-500099,-56.30
14245.337,-503038,-61.49
14246.337,-505921,-66.58
14247.337,-509477,-72.86
14248.337,-512734,-78.61
14249.337,-514979,-82.57
14250.337,-517425,-86.89
14251.337,-519823,-91.12
14252.337,-522236,-95.39
14255.388,-524350,-99.12
14256.388,-526860,-103.55
14257.388,-528368,-106.21
14258.388,-529221,-107.72
14259.388,-529963,-109.03
14260.388,-531632,-111.97
14261.388,-531156,-111.13
14262.388,-532501,-113.51
14263.388,-532505,-113.52
14264.388,-533066,-114.51
14265.388,-533264,-114.86
14266.388,-532561,-113.61
14267.388,-532313,-113.18
14268.388,-531482,-111.71
14269.388,-529449,-108.12
14270.388,-528569,-106.57
14271.388,-527955,-105.48
14272.388,-526342,-102.63
14273.388,-523745,-98.05
14274.388,-521433,-93.97
14275.388,-519879,-91.22
14276.388,-517248,-86.58
14277.388,-514891,-82.42
14278.388,-511015,-75.57
14279.388,-508297,-70.78
14280.388,-505058,-65.06
14281.388,-501587,-58.93
14282.388,-498306,-53.14
14283.388,-493162,-44.05
14284.388,-490151,-38.74
14285.388,-486419,-32.15
14286.388,-481761,-23.92
14287.388,-477379,-16.19
14288.388,-473782,-9.84
14289.388,-469270,-1.87
14290.388,-464789,6.04
14291.388,-460940,12.84
14292.388,-456734,20.26
14293.388,-452013,28.60
14294.388,-448185,35.35
14295.388,-444408,42.02
14296.388,-440741,48.50
14297.388,-435776,57.26
14298.388,-432973,62.21
14299.388,-428654,69.84
14300.388,-425208,75.92
14301.388,-420784,83.73
14302.388,-418222,88.26
14303.388,-414593,94.66
14304.388,-412069,99.12
14305.388,-408550,105.33
14306.388,-406468,109.01
14307.388,-405315,111.04
14308.388,-403124,114.91
14309.388,-401836,117.19
14310.388,-400438,119.65
14311.388,-399767,120.84
14312.388,-397949,124.05
14313.388,-397009,125.71
14314.388,-397641,124.59
14315.388,-398355,123.33
14316.388,-398980,122.23
14317.388,-398389,123.27
14318.388,-400768,119.07
14319.388,-400446,119.64
14320.388,-402880,115.34
14321.388,-403009,115.11
14322.388,-405467,110.78
14323.388,-408691,105.08
14324.388,-411365,100.36
14325.388,-412069,99.12
14326.388,-414802,94.29
14327.388,-418730,87.36
14328.388,-421833,81.88
14329.388,-425615,75.20
14330.388,-427953,71.08
14331.388,-432075,63.80
14332.388,-435226,58.23
14333.388,-439018,51.54
14334.388,-443492,43.64
14335.388,-447410,36.72
14336.388,-450883,30.59
14337.388,-454482,24.24
14338.388,-458016,18.00
14339.388,-462441,10.19
14340.388,-465759,4.33
14341.388,-470893,-4.74
14342.388,-474058,-10.33
14343.388,-478021,-17.32
14344.388,-482675,-25.54
14345.388,-485866,-31.17
14346.388,-490649,-39.62
14347.388,-492660,-43.17
14348.388,-496473,-49.90
14349.388,-499309,-54.91
14350.388,-502956,-61.35
14351.388,-506024,-66.76
14352.388,-508973,-71.97
14353.388,-511500,-76.43
14356.439,-515023,-82.65
14357.439,-516810,-85.81
14358.439,-519753,-91.00
14359.439,-521248,-93.64
14360.439,-524313,-99.05
14361.439,-524410,-99.22
14362.439,-527801,-105.21
14363.439,-528815,-107.00
14364.439,-529325,-107.90
14365.439,-530666,-110.27
14366.439,-531865,-112.39
14367.439,-531730,-112.15
14368.439,-532736,-113.92
14369.439,-532578,-113.64
14370.439,-532827,-114.08
14371.439,-533044,-114.47
14372.439,-532046,-112.71
14373.439,-530439,-109.87
14374.439,-530775,-110.46
14375.439,-529433,-108.09
14376.439,-528321,-106.13
14377.439,-525232,-100.67
14378.439,-524967,-100.21
14379.439,-522007,-94.98
14380.439,-520654,-92.59
14381.439,-517390,-86.83
14382.439,-515060,-82.72
14383.439,-511791,-76.94
14384.439,-509302,-72.55
14385.439,-506483,-67.57
14386.439,-502214,-60.04
14387.439,-499511,-55.26
14388.439,-493721,-45.04
14389.439,-491470,-41.07
14390.439,-486356,-32.04
14391.439,-483322,-26.68
14392.439,-478253,-17.73
14393.439,-475641,-13.12
14394.439,-469312,-1.95
14395.439,-465960,3.97
14396.439,-461197,12.38
14397.439,-457413,19.06
14398.439,-452381,27.95
14399.439,-448651,34.53
14400.439,-444698,41.51
14401.439,-440525,48.88
14402.439,-437427,54.35
14403.439,-432858,62.42
14404.439,-428814,69.56
14405.439,-425197,75.94
14406.439,-421562,82.36
14407.439,-418124,88.43
14408.439,-415922,92.32
14409.439,-412490,98.38
14410.439,-409675,103.35
14411.439,-407321,107.50
14412.439,-405674,110.41
14413.439,-403804,113.71
14414.439,-402284,116.39
14415.439,-400813,118.99
14416.439,-400560,119.44
14417.439,-398917,122.34
14418.439,-398069,123.84
14419.439,-398865,122.43
14420.439,-397829,124.26
14421.439,-398574,122.95
14422.439,-399520,121.27
14423.439,-399948,120.52
14424.439,-401238,118.24
14425.439,-402300,116.37
14426.439,-403519,114.21
14427.439,-405873,110.06
14428.439,-407647,106.93
14429.439,-410002,102.77
14430.439,-413147,97.22
14431.439,-415195,93.60
14432.439,-417551,89.44
14433.439,-421622,82.25
14434.439,-424106,77.87
14435.439,-427920,71.13
14436.439,-430651,66.31
14437.439,-435358,58.00
14438.439,-439177,51.26
14439.439,-442364,45.63
14440.439,-446534,38.27
14441.439,-450686,30.94
14442.439,-453453,26.05
14443.439,-457165,19.50
14444.439,-461158,12.45
14445.439,-465500,4.78
14446.439,-470079,-3.30
14447.439,-473334,-9.05
14448.439,-477415,-16.25
14449.439,-481000,-22.58
14450.439,-484302,-28.41
14451.439,-488315,-35.50
14452.439,-492460,-42.81
14453.439,-496324,-49.64
14454.439,-498385,-53.28
14457.491,-503255,-61.87
14458.491,-505209,-65.32
14459.491,-508845,-71.74
14460.491,-512588,-78.35
14461.491,-513889,-80.65
14462.491,-516179,-84.69
14463.491,-519329,-90.25
14464.491,-521147,-93.46
14465.491,-523106,-96.92
14466.491,-525423,-101.01
14467.491,-527018,-103.83
14468.491,-528637,-106.69
14469.491,-530586,-110.13
14470.491,-530364,-109.74
14471.491,-531387,-111.54
14472.491,-532824,-114.08
14473.491,-533102,-114.57
14474.491,-532250,-113.07
14475.491,-532734,-113.92
14476.491,-533585,-115.42
14477.491,-531536,-111.80
14478.491,-530664,-110.27
14479.491,-530993,-110.85
14480.491,-529867,-108.86
14481.491,-528318,-106.12
14482.491,-527085,-103.95
14483.491,-524718,-99.77
14484.491,-522277,-95.46
14485.491,-521098,-93.38
14486.491,-517668,-87.32
14487.491,-514167,-81.14
14488.491,-512614,-78.40
14489.491,-509790,-73.41
14490.491,-506436,-67.49
14491.491,-502563,-60.65
14492.491,-499817,-55.80
14493.491,-496292,-49.58
14494.491,-491985,-41.98
14495.491,-487697,-34.41
14496.491,-484150,-28.14
14497.491,-479882,-20.61
14498.491,-475372,-12.64
14499.491,-471224,-5.32
14500.491,-465729,4.38
14501.491,-462738,9.66
14502.491,-457818,18.35
14503.491,-453764,25.50
14504.491,-449945,32.25
14505.491,-446185,38.89
14506.491,-441532,47.10
14507.491,-437176,54.79
14508.491,-434075,60.27
14509.491,-429750,67.90
14510.491,-426074,74.39
14511.491,-423068,79.70
14512.491,-418764,87.30
14513.491,-416109,91.99
14514.491,-413214,97.10
14515.491,-411536,100.06
14516.491,-407679,106.87
14517.491,-405980,109.87
14518.491,-403416,114.40
14519.491,-401988,116.92
14520.491,-401393,117.97
14521.491,-400660,119.26
14522.491,-398390,123.27
14523.491,-397572,124.71
14524.491,-397624,124.62
14525.491,-398356,123.33
14526.491,-397636,124.60
14527.491,-399047,122.11
14528.491,-399696,120.96
14529.491,-400597,119.37
14530.491,-401869,117.13
14531.491,-403153,114.86
14532.491,-405227,111.20
14533.491,-407454,107.27
14534.491,-409691,103.32
14535.491,-412353,98.62
14536.491,-414683,94.50
14537.491,-417460,89.60
14538.491,-420523,84.19
14539.491,-423513,78.91
14540.491,-426842,73.04
14541.491,-429604,68.16
14542.491,-433772,60.80
14543.491,-438286,52.83
14544.491,-440912,48.20
14545.491,-445029,40.93
14546.491,-449600,32.86
14547.491,-453310,26.31
14548.491,-457072,19.66
14549.491,-460238,14.07
14550.491,-464831,5.97
14551.491,-468209,0.00
14552.491,-472655,-7.85
14553.491,-477112,-15.72
14554.491,-480918,-22.44
14555.491,-483679,-27.31
14558.542,-489294,-37.22
14559.542,-491755,-41.57
14560.542,-495466,-48.12
14561.542,-498829,-54.06
14562.542,-501620,-58.99
14563.542,-504827,-64.65
14564.542,-506917,-68.34
14565.542,-510483,-74.63
14566.542,-513668,-80.26
14567.542,-515879,-84.16
14568.542,-519164,-89.96
14569.542,-521796,-94.61
14570.542,-522775,-96.34
14571.542,-525144,-100.52
14572.542,-526567,-103.03
14573.542,-527898,-105.38
14574.542,-529871,-108.87
14575.542,-531335,-111.45
14576.542,-531564,-111.85
14577.542,-532723,-113.90
14578.542,-532915,-114.24
14579.542,-531753,-112.19
14580.542,-533581,-115.42
14581.542,-532534,-113.57
14582.542,-532211,-113.00
14583.542,-531772,-112.22
14584.542,-530833,-110.56
14585.542,-530430,-109.85
14586.542,-527995,-105.55
14587.542,-526625,-103.13
14588.542,-525604,-101.33
14589.542,-522541,-95.92
14590.542,-521431,-93.96
14591.542,-518085,-88.06
14592.542,-516022,-84.41
14593.542,-513623,-80.18
14594.542,-510956,-75.47
14595.542,-506537,-67.67
14596.542,-504272,-63.67
14597.542,-500102,-56.31
14598.542,-495667,-48.48
14599.542,-493110,-43.96
14600.542,-488679,-36.14
14601.542,-484895,-29.46
14602.542,-481084,-22.73
14603.542,-476009,-13.77
14604.542,-472057,-6.79
14605.542,-468422,-0.37
14606.542,-464173,7.13
14607.542,-458590,16.98
14608.542,-454444,24.30
14609.542,-450135,31.91
14610.542,-445915,39.36
14611.542,-443141,44.26
14612.542,-438647,52.19
14613.542,-434614,59.31
14614.542,-429871,67.69
14615.542,-426669,73.34
14616.542,-423177,79.51
14617.542,-420439,84.34
14618.542,-416060,92.07
14619.542,-413155,97.20
14620.542,-410975,101.05
14621.542,-407128,107.84
14622.542,-405533,110.66
14623.542,-403842,113.64
14624.542,-402428,116.14
14625.542,-401389,117.98
14626.542,-400370,119.77
14627.542,-398050,123.87
14628.542,-397729,124.44
14629.542,-398444,123.17
14630.542,-398236,123.54
14631.542,-397966,124.02
14632.542,-398931,122.31
14633.542,-399722,120.92
14634.542,-399465,121.37
14635.542,-401251,118.22
14636.542,-402968,115.19
14637.542,-405754,110.27
14638.542,-406502,108.95
14639.542,-409343,103.93
14640.542,-411732,99.71
14641.542,-413515,96.57
14642.542,-417284,89.91
14643.542,-420453,84.32
14644.542,-422916,79.97
14645.542,-427075,72.63
14646.542,-429512,68.32
14647.542,-433950,60.49
14648.542,-436837,55.39
14649.542,-440987,48.06
14650.542,-445394,40.28
14651.542,-448835,34.21
14652.542,-452145,28.36
14653.542,-456220,21.17
14654.542,-460565,13.50
14655.542,-465231,5.26
14656.542,-467443,1.35
14659.593,-472343,-7.30
14660.593,-477189,-15.85
14661.593,-479490,-19.92
14662.593,-483208,-26.48
14663.593,-486701,-32.65
14664.593,-490827,-39.93
14665.593,-493267,-44.24
14666.593,-497698,-52.06
14667.593,-500690,-57.34
14668.593,-503604,-62.49
14669.593,-506975,-68.44
14670.593,-509390,-72.71
14671.593,-512763,-78.66
14672.593,-516021,-84.41
14673.593,-518267,-88.38
14674.593,-520085,-91.59
14675.593,-522985,-96.71
14676.593,-524629,-99.61
14677.593,-527172,-104.10
14678.593,-527052,-103.89
14679.593,-529142,-107.58
14680.593,-530833,-110.56
14681.593,-532027,-112.67
14682.593,-531963,-112.56
14683.593,-532510,-113.52
14684.593,-533323,-114.96
14685.593,-533088,-114.54
14686.593,-533151,-114.66
14687.593,-533216,-114.77
14688.593,-532204,-112.98
14689.593,-531770,-112.22
14690.593,-529732,-108.62
14691.593,-528278,-106.05
14692.593,-527609,-104.87
14693.593,-526433,-102.80
14694.593,-523923,-98.36
14695.593,-522143,-95.22
14696.593,-519580,-90.70
14697.593,-516140,-84.62
14698.593,-514121,-81.06
14699.593,-510277,-74.27
14700.593,-508347,-70.86
14701.593,-504565,-64.19
14702.593,-500453,-56.93
14703.593,-498630,-53.71
14704.593,-493544,-44.73
14705.593,-489762,-38.05
14706.593,-484869,-29.41
14707.593,-481617,-23.67
14708.593,-477914,-17.13
14709.593,-472684,-7.90
14710.593,-468029,0.32
14711.593,-464764,6.08
14712.593,-459625,15.16
14713.593,-456070,21.43
14714.593,-452717,27.35
14715.593,-447955,35.76
14716.593,-442872,44.74
14717.593,-439161,51.29
14718.593,-435430,57.87
14719.593,-431516,64.78
14720.593,-428026,70.95
14721.593,-423946,78.15
14722.593,-421032,83.29
14723.593,-417009,90.40
14724.593,-414359,95.08
14725.593,-412409,98.52
14726.593,-409348,103.92
14727.593,-406705,108.59
14728.593,-404300,112.84
14729.593,-402560,115.91
14730.593,-400853,118.92
14731.593,-399657,121.03
14732.593,-400046,120.35
14733.593,-398388,123.27
14734.593,-399251,121.75
14735.593,-398532,123.02
14736.593,-397134,125.49
14737.593,-398542,123.00
14738.593,-399465,121.37
14739.593,-399582,121.17
14740.593,-401360,118.03
14741.593,-402848,115.40
14742.593,-404093,113.20
14743.593,-406090,109.68
14744.593,-408387,105.62
14745.593,-410436,102.00
14746.593,-413104,97.29
14747.593,-416027,92.13
14748.593,-419659,85.72
14749.593,-422181,81.27
14750.593,-425531,75.35
14751.593,-429161,68.94
14752.593,-432836,62.45
14753.593,-436064,56.75
14754.593,-439957,49.88
14755.593,-444402,42.03
14756.593,-448172,35.38
14757.593,-451217,30.00
14760.649,-456414,20.83
14761.649,-460060,14.39
14762.649,-462865,9.44
14763.649,-467016,2.11
14764.649,-470911,-4.77
14765.649,-474518,-11.14
14766.649,-478641,-18.42
14767.649,-482145,-24.60
14768.649,-486068,-31.53
14769.649,-489759,-38.05
14770.649,-493040,-43.84
14771.649,-496802,-50.48
14772.649,-500526,-57.06
14773.649,-503196,-61.77
14774.649,-505724,-66.23
14775.649,-509414,-72.75
14776.649,-512344,-77.92
14777.649,-515289,-83.12
14778.649,-518162,-88.19
14779.649,-519773,-91.04
14780.649,-522532,-95.91
14781.649,-524393,-99.19
14782.649,-525771,-101.63
14783.649,-527990,-105.54
14784.649,-529546,-108.29
14785.649,-529897,-108.91
14786.649,-531741,-112.17
14787.649,-532312,-113.17
14788.649,-532682,-113.83
14789.649,-532246,-113.06
14790.649,-533011,-114.41
14791.649,-532240,-113.05
14792.649,-532721,-113.90
14793.649,-533024,-114.43
14794.649,-530500,-109.98
14795.649,-529522,-108.25
14796.649,-529509,-108.23
14797.649,-527043,-103.87
14798.649,-525698,-101.50
14799.649,-522910,-96.58
14800.649,-522332,-95.55
14801.649,-519269,-90.15
14802.649,-517297,-86.67
14803.649,-514099,-81.02
14804.649,-511018,-75.58
14805.649,-508354,-70.88
14806.649,-505204,-65.31
14807.649,-502682,-60.86
14808.649,-497444,-51.61
14809.649,-494423,-46.28
14810.649,-489390,-37.39
14811.649,-486829,-32.87
14812.649,-481531,-23.52
14813.649,-478385,-17.96
14814.649,-473689,-9.67
14815.649,-469770,-2.75
14816.649,-465242,5.24
14817.649,-460921,12.87
14818.649,-456758,20.22
14819.649,-452644,27.48
14820.649,-447772,36.08
14821.649,-443876,42.96
14822.649,-439695,50.34
14823.649,-435507,57.74
14824.649,-432681,62.73
14825.649,-429490,68.36
14826.649,-425258,75.83
14827.649,-421897,81.77
14828.649,-418282,88.15
14829.649,-415060,93.84
14830.649,-411481,100.16
14831.649,-408850,104.80
14832.649,-406726,108.55
14833.649,-404784,111.98
14834.649,-403453,114.33
14835.649,-401224,118.27
14836.649,-400142,120.18
14837.649,-399480,121.35
14838.649,-397873,124.18
14839.649,-398734,122.66
14840.649,-397877,124.18
14841.649,-397225,125.33
14842.649,-398125,123.74
14843.649,-398867,122.43
14844.649,-399622,121.09
14845.649,-401176,118.35
14846.649,-402137,116.65
14847.649,-404576,112.35
14848.649,-406700,108.60
14849.649,-407698,106.84
14850.649,-410706,101.53
14851.649,-412110,99.05
14852.649,-416218,91.79
14853.649,-417898,88.83
14854.649,-422201,81.23
14855.649,-425046,76.21
14856.649,-428208,70.63
14857.649,-431902,64.10
14858.649,-435915,57.02
14861.695,-439832,50.10
14862.695,-443704,43.27
14863.695,-446787,37.82
14864.695,-451369,29.73
14865.695,-455418,22.58
14866.695,-459724,14.98
14867.695,-462091,10.80
14868.695,-466491,3.03
14869.695,-470582,-4.19
14870.695,-473640,-9.59
14871.695,-478310,-17.83
14872.695,-481829,-24.05
14873.695,-484723,-29.15
14874.695,-489871,-38.24
14875.695,-492815,-43.44
14876.695,-496545,-50.03
14877.695,-500118,-56.33
14878.695,-501889,-59.46
14879.695,-505578,-65.97
14880.695,-509373,-72.68
14881.695,-511631,-76.66
14882.695,-514628,-81.95
14883.695,-517328,-86.72
14884.695,-519617,-90.76
14885.695,-521392,-93.90
14886.695,-524124,-98.72
14887.695,-526411,-102.76
14888.695,-527578,-104.82
14889.695,-528987,-107.30
14890.695,-530397,-109.79
14891.695,-530939,-110.75
14892.695,-531905,-112.46
14893.695,-532921,-114.25
14894.695,-533397,-115.09
14895.695,-532702,-113.86
14896.695,-533139,-114.63
14897.695,-532357,-113.25
14898.695,-532577,-113.64
14899.695,-531967,-112.57
14900.695,-530721,-110.37
14901.695,-529126,-107.55
14902.695,-527378,-104.46
14903.695,-526777,-103.40
14904.695,-524190,-98.84
14905.695,-521947,-94.87
14906.695,-520551,-92.41
14907.695,-517823,-87.59
14908.695,-514411,-81.57
14909.695,-512204,-77.67
14910.695,-507927,-70.12
14911.695,-505740,-66.26
14912.695,-502126,-59.88
14913.695,-498836,-54.07
14914.695,-495017,-47.33
14915.695,-489788,-38.10
14916.695,-487689,-34.39
14917.695,-482308,-24.89
14918.695,-477993,-17.27
14919.695,-474145,-10.48
14920.695,-470147,-3.42
14921.695,-466142,3.65
14922.695,-460982,12.76
14923.695,-457952,18.11
14924.695,-452792,27.22
14925.695,-448654,34.53
14926.695,-444469,41.92
14927.695,-441621,46.94
14928.695,-436536,55.92
14929.695,-433528,61.23
14930.695,-428585,69.96
14931.695,-426234,74.11
14932.695,-422046,81.50
14933.695,-420000,85.12
14934.695,-415311,93.40
14935.695,-412717,97.98
14936.695,-410340,102.17
14937.695,-406926,108.20
14938.695,-405527,110.67
14939.695,-402874,115.35
14940.695,-400752,119.10
14941.695,-399691,120.97
14942.695,-398616,122.87
14943.695,-398546,122.99
14944.695,-397464,124.90
14945.695,-397823,124.27
14946.695,-397510,124.82
14947.695,-398342,123.35
14948.695,-399374,121.53
14949.695,-399328,121.61
14950.695,-400739,119.12
14951.695,-402584,115.87
14952.695,-403548,114.16
14953.695,-405241,111.17
14954.695,-407267,107.60
14955.695,-409309,103.99
14956.695,-412267,98.77
14957.695,-415353,93.32
14958.695,-418474,87.81
14959.695,-420827,83.66
14962.747,-425262,75.83
14963.747,-427939,71.10
14964.747,-431090,65.54
14965.747,-434778,59.03
14966.747,-438249,52.90
14967.747,-442520,45.36
14968.747,-446083,39.07
14969.747,-450218,31.77
14970.747,-454439,24.31
14971.747,-457309,19.25
14972.747,-461052,12.64
14973.747,-466713,2.64
14974.747,-469017,-1.42
14975.747,-473047,-8.54
14976.747,-477394,-16.21
14977.747,-481683,-23.79
14978.747,-485882,-31.20
14979.747,-487928,-34.81
14980.747,-491772,-41.60
14981.747,-495226,-47.70
14982.747,-499623,-55.46
14983.747,-501594,-58.94
14984.747,-504240,-63.61
14985.747,-508237,-70.67
14986.747,-511182,-75.87
14987.747,-513813,-80.51
14988.747,-515713,-83.87
14989.747,-517653,-87.29
14990.747,-520942,-93.10
14991.747,-523555,-97.71
14992.747,-525239,-100.69
14993.747,-526047,-102.11
14994.747,-528535,-106.51
14995.747,-529795,-108.73
14996.747,-530616,-110.18
14997.747,-531718,-112.13
14998.747,-531785,-112.24
14999.747,-532676,-113.82
15000.747,-533585,-115.42
15001.747,-532891,-114.20
15002.747,-532506,-113.52
15003.747,-531832,-112.33
15004.747,-531663,-112.03
15005.747,-530217,-109.48
15006.747,-529597,-108.38
15007.747,-527535,-104.74
15008.747,-526323,-102.60
15009.747,-525108,-100.46
15010.747,-522546,-95.93
15011.747,-521477,-94.05
15012.747,-518222,-88.30
15013.747,-515851,-84.11
15014.747,-512956,-79.00
15015.747,-509769,-73.37
15016.747,-506660,-67.89
15017.747,-503232,-61.83
15018.747,-500363,-56.77
15019.747,-495745,-48.61
15020.747,-492763,-43.35
15021.747,-488240,-35.36
15022.747,-483382,-26.79
15023.747,-479827,-20.51
15024.747,-475325,-12.56
15025.747,-471647,-6.07
15026.747,-466568,2.90
15027.747,-462272,10.48
15028.747,-457669,18.61
15029.747,-453986,25.11
15030.747,-449874,32.37
15031.747,-445424,40.23
15032.747,-441689,46.82
15033.747,-437708,53.85
15034.747,-433428,61.41
15035.747,-429961,67.53
15036.747,-425852,74.78
15037.747,-422967,79.88
15038.747,-418583,87.62
15039.747,-416238,91.76
15040.747,-414006,95.70
15041.747,-410607,101.70
15042.747,-407578,107.05
15043.747,-405215,111.22
15044.747,-403898,113.55
15045.747,-401695,117.43
15046.747,-400825,118.97
15047.747,-400615,119.34
15048.747,-398762,122.61
15049.747,-397527,124.79
15050.747,-397701,124.49
15051.747,-397943,124.06
15052.747,-398198,123.61
15053.747,-399251,121.75
15054.747,-398878,122.41
15055.747,-401057,118.56
15056.747,-402107,116.71
15057.747,-403243,114.70
15058.747,-405194,111.26
15059.747,-407416,107.33
15060.747,-408960,104.61
15063.832,-411725,99.73
15064.832,-414645,94.57
15065.832,-416590,91.14
15066.832,-420121,84.90
15067.832,-422953,79.90
15068.832,-427049,72.67
15069.832,-430654,66.31
15070.832,-433278,61.67
15071.832,-437901,53.51
15072.832,-441630,46.93
15073.832,-445234,40.56
15074.832,-449501,33.03
15075.832,-452822,27.17
15076.832,-456764,20.21
15077.832,-461449,11.94
15078.832,-465362,5.03
15079.832,-467818,0.69
15080.832,-472906,-8.29
15081.832,-475619,-13.08
15082.832,-480109,-21.01
15083.832,-483457,-26.92
15084.832,-488098,-35.11
15085.832,-490746,-39.79
15086.832,-495262,-47.76
15087.832,-498104,-52.78
15088.832,-501376,-58.56
15089.832,-505189,-65.29
15090.832,-507028,-68.53
15091.832,-511617,-76.64
15092.832,-513703,-80.32
15093.832,-515786,-84.00
15094.832,-518392,-88.60
15095.832,-520244,-91.87
15096.832,-522923,-96.60
15097.832,-524708,-99.75
15098.832,-526171,-102.33
15099.832,-528200,-105.91
15100.832,-529382,-108.00
15101.832,-530248,-109.53
15102.832,-530547,-110.06
15103.832,-532587,-113.66
15104.832,-532070,-112.75
15105.832,-533264,-114.86
15106.832,-532670,-113.81
15107.832,-533055,-114.49
15108.832,-531683,-112.06
15109.832,-531689,-112.07
15110.832,-530354,-109.72
15111.832,-530042,-109.17
15112.832,-528278,-106.05
15113.832,-526677,-103.23
15114.832,-524377,-99.17
15115.832,-522463,-95.79
15116.832,-520610,-92.51
15117.832,-518014,-87.93
15118.832,-516063,-84.49
15119.832,-513527,-80.01
15120.832,-510792,-75.18
15121.832,-506810,-68.15
15122.832,-503512,-62.33
15123.832,-500419,-56.87
15124.832,-496700,-50.30
15125.832,-493441,-44.55
15126.832,-488411,-35.67
15127.832,-484188,-28.21
15128.832,-480575,-21.83
15129.832,-477056,-15.62
15130.832,-471885,-6.49
15131.832,-467269,1.66
15132.832,-463794,7.80
15133.832,-458823,16.57
15134.832,-455299,22.79
15135.832,-452086,28.47
15136.832,-447700,36.21
15137.832,-442911,44.67
15138.832,-438698,52.10
15139.832,-435594,57.58
15140.832,-431180,65.38
15141.832,-426971,72.81
15142.832,-422999,79.82
15143.832,-420249,84.68
15144.832,-417350,89.80
15145.832,-414027,95.66
15146.832,-411336,100.41
15147.832,-408689,105.09
15148.832,-406924,108.20
15149.832,-403955,113.44
15150.832,-402229,116.49
15151.832,-401358,118.03
15152.832,-399689,120.98
15153.832,-398712,122.70
15154.832,-397348,125.11
15155.832,-397288,125.22
15156.832,-397535,124.78
15157.832,-397551,124.75
15158.832,-398122,123.74
15159.832,-398926,122.32
15160.832,-399855,120.68
15161.832,-401253,118.22
15164.849,-403148,114.87
15165.849,-404786,111.98
15166.849,-406590,108.79
15167.849,-409304,104.00
15168.849,-411166,100.71
15169.849,-414333,95.12
15170.849,-417327,89.84
15171.849,-420997,83.36
15172.849,-422695,80.36
15173.849,-425665,75.11
15174.849,-430005,67.45
15175.849,-433552,61.19
15176.849,-436898,55.28
15177.849,-440140,49.56
15178.849,-444046,42.66
15179.849,-448084,35.53
15180.849,-452589,27.58
15181.849,-456365,20.91
15182.849,-459719,14.99
15183.849,-464325,6.86
15184.849,-468658,-0.79
15185.849,-472262,-7.15
15186.849,-475117,-12.19
15187.849,-479412,-19.78
15188.849,-483237,-26.53
15189.849,-487996,-34.93
15190.849,-490484,-39.33
15191.849,-493976,-45.49
15192.849,-498690,-53.81
15193.849,-500800,-57.54
15194.849,-504355,-63.82
15195.849,-507805,-69.91
15196.849,-509625,-73.12
15197.849,-513077,-79.21
15198.849,-515366,-83.26
15199.849,-518372,-88.56
15200.849,-519862,-91.19
15201.849,-522646,-96.11
15202.849,-524469,-99.33
15203.849,-525451,-101.06
15204.849,-528328,-106.14
15205.849,-528439,-106.34
15206.849,-530006,-109.10
15207.849,-531463,-111.68
15208.849,-531964,-112.56
15209.849,-533169,-114.69
15210.849,-532773,-113.99
15211.849,-532215,-113.00
15212.849,-532663,-113.79
15213.849,-532866,-114.15
15214.849,-532187,-112.95
15215.849,-531307,-111.40
15216.849,-529627,-108.43
15217.849,-528742,-106.87
15218.849,-527812,-105.23
15219.849,-525341,-100.87
15220.849,-523837,-98.21
15221.849,-521743,-94.51
15222.849,-519756,-91.01
15223.849,-517048,-86.23
15224.849,-514106,-81.03
15225.849,-511365,-76.19
15226.849,-508407,-70.97
15227.849,-504266,-63.66
15228.849,-501049,-57.98
15229.849,-497209,-51.20
15230.849,-494350,-46.15
15231.849,-489646,-37.85
15232.849,-485642,-30.78
15233.849,-481516,-23.49
15234.849,-476807,-15.18
15235.849,-472664,-7.86
15236.849,-469004,-1.40
15237.849,-464339,6.83
15238.849,-459681,15.06
15239.849,-456309,21.01
15240.849,-450917,30.53
15241.849,-447939,35.79
15242.849,-443508,43.61
15243.849,-439685,50.36
15244.849,-435748,57.31
15245.849,-431035,65.63
15246.849,-428381,70.32
15247.849,-425563,75.29
15248.849,-420832,83.65
15249.849,-417105,90.23
15250.849,-414337,95.11
15251.849,-411616,99.92
15252.849,-408258,105.85
15253.849,-406056,109.74
15254.849,-402908,115.29
15255.849,-402991,115.15
15256.849,-400008,120.41
15257.849,-400034,120.37
15258.849,-398787,122.57
15259.849,-398932,122.31
15260.849,-397728,124.44
15261.849,-397418,124.99
15262.849,-397074,125.59
15265.890,-398229,123.55
15266.890,-398496,123.08
15267.890,-399315,121.64
15268.890,-401484,117.81
15269.890,-403112,114.93
15270.890,-405753,110.27
15271.890,-404853,111.86
15272.890,-410921,101.15
15273.890,-410820,101.32
15274.890,-415261,93.48
15275.890,-417197,90.07
15276.890,-423454,79.02
15277.890,-423176,79.51
15278.890,-426542,73.57
15279.890,-432902,62.34
15280.890,-432541,62.97
15281.890,-440745,48.49
15282.890,-439542,50.61
15283.890,-443359,43.88
15284.890,-448427,34.93
15285.890,-451988,28.64
15286.890,-454732,23.80
15287.890,-458710,16.77
15288.890,-462452,10.17
15289.890,-466863,2.38
15290.890,-470636,-4.28
15291.890,-474344,-10.83
15292.890,-477817,-16.96
15293.890,-482144,-24.60
15294.890,-485649,-30.79
15295.890,-489832,-38.17
15296.890,-494182,-45.85
15297.890,-496868,-50.60
15298.890,-499646,-55.50
15299.890,-502638,-60.78
15300.890,-507015,-68.51
15301.890,-508744,-71.56
15302.890,-512856,-78.82
15303.890,-515665,-83.78
15304.890,-518042,-87.98
15305.890,-519776,-91.04
15306.890,-523261,-97.19
15307.890,-523517,-97.65
15308.890,-525171,-100.57
15309.890,-527220,-104.18
15310.890,-528782,-106.94
15311.890,-530251,-109.54
15312.890,-530915,-110.71
15313.890,-532084,-112.77
15314.890,-532318,-113.19
15315.890,-532728,-113.91
15316.890,-531869,-112.39
15317.890,-534279,-116.65
15318.890,-532091,-112.78
15319.890,-533032,-114.45
15320.890,-531219,-111.25
15321.890,-530259,-109.55
15322.890,-528725,-106.84
15323.890,-527434,-104.56
15324.890,-525255,-100.72
15325.890,-523425,-97.48
15326.890,-521180,-93.52
15327.890,-520308,-91.98
15328.890,-517095,-86.31
15329.890,-514478,-81.69
15330.890,-511103,-75.73
15331.890,-508242,-70.68
15332.890,-505200,-65.31
15333.890,-501193,-58.23
15334.890,-498545,-53.56
15335.890,-493913,-45.38
15336.890,-490883,-40.03
15337.890,-486639,-32.54
15338.890,-482319,-24.91
15339.890,-478573,-18.30
15340.890,-474059,-10.33
15341.890,-469517,-2.31
15342.890,-464736,6.13
15343.890,-460465,13.67
15344.890,-456353,20.93
15345.890,-452694,27.39
15346.890,-448400,34.98
15347.890,-444004,42.74
15348.890,-439548,50.60
15349.890,-437304,54.57
15350.890,-432492,63.06
15351.890,-428644,69.86
15352.890,-425115,76.09
15353.890,-421295,82.83
15354.890,-418254,88.20
15355.890,-415980,92.21
15356.890,-412320,98.68
15357.890,-409032,104.48
15358.890,-406541,108.88
15359.890,-405269,111.12
15360.890,-402874,115.35
15361.890,-401365,118.02
15362.890,-400391,119.74
15363.890,-399442,121.41
15366.955,-397725,124.44
15367.955,-397967,124.02
15368.955,-399003,122.19
15369.955,-398548,122.99
15370.955,-398507,123.06
15371.955,-399616,121.11
15372.955,-399971,120.48
15373.955,-401203,118.30
15374.955,-401798,117.25
15375.955,-404076,113.23
15376.955,-406266,109.36
15377.955,-407762,106.72
15378.955,-409986,102.80
15379.955,-413662,96.31
15380.955,-414383,95.03
15381.955,-418638,87.52
15382.955,-421302,82.82
15383.955,-424538,77.10
15384.955,-428649,69.85
15385.955,-431715,64.43
15386.955,-435345,58.02
15387.955,-438738,52.03
15388.955,-443345,43.90
15389.955,-447120,37.24
15390.955,-451417,29.65
15391.955,-455425,22.57
15392.955,-458558,17.04
15393.955,-463294,8.68
15394.955,-465967,3.96
15395.955,-469705,-2.64
15396.955,-473336,-9.05
15397.955,-477830,-16.98
15398.955,-481544,-23.54
15399.955,-485581,-30.67
15400.955,-489073,-36.83
15401.955,-492638,-43.13
15402.955,-497138,-51.07
15403.955,-500258,-56.58
15404.955,-502341,-60.26
15405.955,-505633,-66.07
15406.955,-509608,-73.09
15407.955,-510811,-75.21
15408.955,-514912,-82.45
15409.955,-517645,-87.28
15410.955,-519403,-90.38
15411.955,-521367,-93.85
15412.955,-523747,-98.05
15413.955,-525798,-101.67
15414.955,-526560,-103.02
15415.955,-528764,-106.91
15416.955,-529277,-107.82
15417.955,-531352,-111.48
15418.955,-531445,-111.64
15419.955,-531291,-111.37
15420.955,-532789,-114.02
15421.955,-533020,-114.42
15422.955,-531762,-112.20
15423.955,-533417,-115.13
15424.955,-532248,-113.06
15425.955,-532154,-112.90
15426.955,-530489,-109.96
15427.955,-529566,-108.33
15428.955,-527722,-105.07
15429.955,-525876,-101.81
15430.955,-523661,-97.90
15431.955,-522199,-95.32
15432.955,-520405,-92.15
15433.955,-517578,-87.16
15434.955,-515421,-83.35
15435.955,-512928,-78.95
15436.955,-509926,-73.65
15437.955,-505066,-65.07
15438.955,-501749,-59.21
15439.955,-499329,-54.94
15440.955,-494464,-46.35
15441.955,-491834,-41.71
15442.955,-486944,-33.08
15443.955,-483756,-27.45
15444.955,-478461,-18.10
15445.955,-475045,-12.07
15446.955,-470897,-4.74
15447.955,-466016,3.87
15448.955,-461230,12.32
15449.955,-457306,19.25
15450.955,-452695,27.39
15451.955,-448809,34.25
15452.955,-445350,40.36
15453.955,-440906,48.21
15454.955,-436470,56.04
15455.955,-433384,61.49
15456.955,-430336,66.87
15457.955,-425615,75.20
15458.955,-422778,80.21
15459.955,-419583,85.85
15460.955,-415775,92.58
15461.955,-413454,96.67
15462.955,-409686,103.33
15463.955,-408251,105.86
15464.955,-405448,110.81
15468.008,-403622,114.03
15469.008,-402969,115.19
15470.008,-401246,118.23
15471.008,-400502,119.54
15472.008,-398951,122.28
15473.008,-398378,123.29
15474.008,-398005,123.95
15475.008,-397363,125.08
15476.008,-397764,124.38
15477.008,-398631,122.84
15478.008,-398955,122.27
15479.008,-400815,118.99
15480.008,-401586,117.63
15481.008,-403716,113.87
15482.008,-404756,112.03
15483.008,-406729,108.55
15484.008,-409818,103.09
15485.008,-411402,100.30
15486.008,-415037,93.88
15487.008,-418061,88.54
15488.008,-421123,83.13
15489.008,-423554,78.84
15490.008,-427391,72.07
15491.008,-430810,66.03
15492.008,-434567,59.40
15493.008,-437326,54.53
15494.008,-441887,46.47
15495.008,-446128,38.99
15496.008,-450352,31.53
15497.008,-453762,25.51
15498.008,-456949,19.88
15499.008,-461261,12.27
15500.008,-465315,5.11
15501.008,-469451,-2.19
15502.008,-472789,-8.08
15503.008,-477877,-17.07
15504.008,-480797,-22.22
15505.008,-483825,-27.57
15506.008,-489194,-37.05
15507.008,-490492,-39.34
15508.008,-495872,-48.84
15509.008,-498416,-53.33
15510.008,-502218,-60.04
15511.008,-504787,-64.58
15512.008,-507219,-68.87
15513.008,-511012,-75.57
15514.008,-514605,-81.91
15515.008,-515684,-83.82
15516.008,-518066,-88.02
15517.008,-521587,-94.24
15518.008,-522597,-96.02
15519.008,-524001,-98.50
15520.008,-527631,-104.91
15521.008,-527931,-105.44
15522.008,-530519,-110.01
15523.008,-530389,-109.78
15524.008,-531086,-111.01
15525.008,-531381,-111.53
15526.008,-532651,-113.77
15527.008,-533213,-114.77
15528.008,-532544,-113.58
15529.008,-532683,-113.83
15530.008,-531511,-111.76
15531.008,-531983,-112.59
15532.008,-530236,-109.51
15533.008,-529621,-108.42
15534.008,-527510,-104.70
15535.008,-526498,-102.91
15536.008,-525346,-100.88
15537.008,-522719,-96.24
15538.008,-521149,-93.47
15539.008,-517630,-87.25
15540.008,-515420,-83.35
15541.008,-513739,-80.38
15542.008,-509781,-73.40
15543.008,-506121,-66.93
15544.008,-503937,-63.08
15545.008,-498077,-52.73
15546.008,-496354,-49.69
15547.008,-492491,-42.87
15548.008,-487637,-34.30
15549.008,-483845,-27.60
15550.008,-480722,-22.09
15551.008,-475419,-12.73
15552.008,-471203,-5.28
15553.008,-468157,0.09
15554.008,-462075,10.83
15555.008,-458502,17.14
15556.008,-454220,24.70
15557.008,-450089,31.99
15558.008,-446045,39.13
15559.008,-441925,46.41
15560.008,-438249,52.90
15561.008,-434002,60.40
15562.008,-430266,66.99
15563.008,-426580,73.50
15564.008,-422162,81.30
15565.008,-420005,85.11
15566.008,-417082,90.27
15569.053,-414451,94.91
15570.053,-409934,102.89
15571.053,-408824,104.85
15572.053,-404779,111.99
15573.053,-404276,112.88
15574.053,-401744,117.35
15575.053,-401543,117.70
15576.053,-400423,119.68
15577.053,-398714,122.70
15578.053,-399074,122.06
15579.053,-398117,123.75
15580.053,-397561,124.73
15581.053,-397740,124.42
15582.053,-398282,123.46
15583.053,-399892,120.62
15584.053,-400142,120.18
15585.053,-401987,116.92
15586.053,-402852,115.39
15587.053,-404485,112.51
15588.053,-406521,108.91
15589.053,-409524,103.61
15590.053,-411781,99.63
15591.053,-413910,95.87
15592.053,-417478,89.57
15593.053,-420577,84.10
15594.053,-421926,81.72
15595.053,-426975,72.80
15596.053,-430248,67.02
15597.053,-434042,60.32
15598.053,-437060,55.00
15599.053,-441189,47.71
15600.053,-444951,41.06
15601.053,-449188,33.58
15602.053,-453689,25.64
15603.053,-456278,21.07
15604.053,-460107,14.31
15605.053,-464952,5.75
15606.053,-468732,-0.92
15607.053,-472479,-7.54
15608.053,-476012,-13.77
15609.053,-480026,-20.86
15610.053,-484287,-28.38
15611.053,-487615,-34.26
15612.053,-491097,-40.41
15613.053,-495212,-47.67
15614.053,-498731,-53.89
15615.053,-501418,-58.63
15616.053,-504715,-64.45
15617.053,-508398,-70.95
15618.053,-510334,-74.37
15619.053,-513303,-79.61
15620.053,-516119,-84.59
15621.053,-516769,-85.73
15622.053,-520833,-92.91
15623.053,-522525,-95.90
15624.053,-524113,-98.70
15625.053,-526834,-103.50
15626.053,-528805,-106.98
15627.053,-529188,-107.66
15628.053,-530772,-110.46
15629.053,-530660,-110.26
15630.053,-532466,-113.45
15631.053,-533376,-115.05
15632.053,-532361,-113.26
15633.053,-533488,-115.25
15634.053,-532036,-112.69
15635.053,-532279,-113.12
15636.053,-532671,-113.81
15637.053,-530938,-110.75
15638.053,-530018,-109.12
15639.053,-528833,-107.03
15640.053,-526991,-103.78
15641.053,-525695,-101.49
15642.053,-523724,-98.01
15643.053,-521331,-93.79
15644.053,-519375,-90.33
15645.053,-515990,-84.36
15646.053,-513770,-80.44
15647.053,-510778,-75.16
15648.053,-507009,-68.50
15649.053,-503670,-62.61
15650.053,-500327,-56.70
15651.053,-497418,-51.57
15652.053,-492959,-43.70
15653.053,-489104,-36.89
15654.053,-484870,-29.41
15655.053,-481077,-22.72
15656.053,-476752,-15.08
15657.053,-472560,-7.68
15658.053,-467992,0.38
15659.053,-464332,6.85
15660.053,-459953,14.58
15661.053,-455127,23.10
15662.053,-451063,30.27
15663.053,-446242,38.79
15664.053,-443268,44.04
15665.053,-438791,51.94
15666.053,-435338,58.04
15667.053,-430824,66.01
15670.130,-428699,69.76
15671.130,-425554,75.31
15672.130,-420559,84.13
15673.130,-417671,89.23
15674.130,-413905,95.88
15675.130,-411126,100.78
15676.130,-407507,107.17
15677.130,-406730,108.55
15678.130,-404841,111.88
15679.130,-403798,113.72
15680.130,-401838,117.18
15681.130,-399503,121.30
15682.130,-398814,122.52
15683.130,-398165,123.67
15684.130,-396717,126.22
15685.130,-396704,126.25
15686.130,-397637,124.60
15687.130,-398862,122.44
15688.130,-399112,122.00
15689.130,-400132,120.19
15690.130,-401368,118.01
15691.130,-403084,114.98
15692.130,-404838,111.89
15693.130,-406411,109.11
15694.130,-408347,105.69
15695.130,-411506,100.11
15696.130,-413919,95.85
15697.130,-417522,89.49
15698.130,-418093,88.48
15699.130,-422540,80.63
15700.130,-426994,72.77
15701.130,-428566,69.99
15702.130,-432838,62.45
15703.130,-435866,57.10
15704.130,-439695,50.34
15705.130,-443169,44.21
15706.130,-448299,35.15
15707.130,-451686,29.17
15708.130,-454771,23.73
15709.130,-459714,15.00
15710.130,-462795,9.56
15711.130,-468022,0.33
15712.130,-470591,-4.20
15713.130,-475617,-13.08
15714.130,-479212,-19.42
15715.130,-482673,-25.54
15716.130,-487111,-33.37
15717.130,-490151,-38.74
15718.130,-493099,-43.94
15719.130,-497152,-51.10
15720.130,-500587,-57.16
15721.130,-503692,-62.65
15722.130,-506091,-66.88
15723.130,-509084,-72.16
15724.130,-513139,-79.32
15725.130,-515421,-83.35
15726.130,-517919,-87.76
15727.130,-520248,-91.88
15728.130,-522327,-95.55
15729.130,-524153,-98.77
15730.130,-526279,-102.52
15731.130,-528396,-106.26
15732.130,-528257,-106.02
15733.130,-530476,-109.93
15734.130,-532219,-113.01
15735.130,-531706,-112.10
15736.130,-533099,-114.56
15737.130,-532615,-113.71
15738.130,-532505,-113.52
15739.130,-533496,-115.27
15740.130,-532292,-113.14
15741.130,-532162,-112.91
15742.130,-530802,-110.51
15743.130,-529896,-108.91
15744.130,-529601,-108.39
15745.130,-527119,-104.01
15746.130,-525499,-101.15
15747.130,-524422,-99.24
15748.130,-522224,-95.36
15749.130,-518817,-89.35
15750.130,-517111,-86.34
15751.130,-514296,-81.37
15752.130,-510632,-74.90
15753.130,-508132,-70.48
15754.130,-505381,-65.63
15755.130,-501717,-59.16
15756.130,-497098,-51.00
15757.130,-494130,-45.76
15758.130,-490429,-39.23
15759.130,-486231,-31.82
15760.130,-481647,-23.72
15761.130,-477506,-16.41
15762.130,-473357,-9.09
15763.130,-469373,-2.05
15764.130,-464967,5.73
15765.130,-461544,11.77
15766.130,-455574,22.31
15767.130,-452442,27.84
15768.130,-447731,36.16
15771.149,-444297,42.22
15772.149,-440725,48.53
15773.149,-435251,58.19
15774.149,-432616,62.84
15775.149,-428264,70.53
15776.149,-424392,77.36
15777.149,-422280,81.09
15778.149,-418134,88.41
15779.149,-414717,94.44
15780.149,-412206,98.88
15781.149,-410015,102.75
15782.149,-407078,107.93
15783.149,-404300,112.84
15784.149,-402358,116.26
15785.149,-400908,118.82
15786.149,-399718,120.93
15787.149,-398864,122.43
15788.149,-398032,123.90
15789.149,-398321,123.39
15790.149,-398094,123.79
15791.149,-397818,124.28
15792.149,-398803,122.54
15793.149,-399023,122.15
15794.149,-399207,121.83
15795.149,-401435,117.89
15796.149,-401839,117.18
15797.149,-403874,113.59
15798.149,-405639,110.47
15799.149,-407900,106.48
15800.149,-410165,102.48
15801.149,-412626,98.14
15802.149,-414895,94.13
15803.149,-418499,87.77
15804.149,-421679,82.15
15805.149,-424354,77.43
15806.149,-428540,70.04
15807.149,-432230,63.52
15808.149,-435739,57.33
15809.149,-439569,50.57
15810.149,-443679,43.31
15811.149,-447090,37.29
15812.149,-451064,30.27
15813.149,-455326,22.75
15814.149,-458373,17.37
15815.149,-461887,11.16
15816.149,-467438,1.36
15817.149,-470969,-4.87
15818.149,-473576,-9.47
15819.149,-479067,-19.17
15820.149,-482452,-25.14
15821.149,-486126,-31.63
15822.149,-488865,-36.47
15823.149,-493199,-44.12
15824.149,-496534,-50.01
15825.149,-500849,-57.63
15826.149,-502876,-61.20
15827.149,-505883,-66.51
15828.149,-509304,-72.55
15829.149,-511825,-77.00
15830.149,-515026,-82.66
15831.149,-517522,-87.06
15832.149,-519703,-90.91
15833.149,-522413,-95.70
15834.149,-523648,-97.88
15835.149,-525373,-100.92
15836.149,-528508,-106.46
15837.149,-528790,-106.96
15838.149,-529740,-108.63
15839.149,-531228,-111.26
15840.149,-532835,-114.10
15841.149,-531965,-112.56
15842.149,-532522,-113.55
15843.149,-532431,-113.38
15844.149,-532687,-113.84
15845.149,-532929,-114.26
15846.149,-532262,-113.09
15847.149,-531468,-111.68
15848.149,-530082,-109.24
15849.149,-528462,-106.38
15850.149,-527786,-105.18
15851.149,-526012,-102.05
15852.149,-523277,-97.22
15853.149,-521486,-94.06
15854.149,-520467,-92.26
15855.149,-517184,-86.47
15856.149,-514431,-81.61
15857.149,-511682,-76.75
15858.149,-510033,-73.84
15859.149,-506352,-67.34
15860.149,-501805,-59.31
15861.149,-498469,-53.42
15862.149,-494579,-46.56
15863.149,-491324,-40.81
15864.149,-486975,-33.13
15865.149,-482789,-25.74
15866.149,-478933,-18.93
15867.149,-473436,-9.23
15868.149,-470810,-4.59
15869.149,-465318,5.11
15872.227,-461829,11.27
15873.227,-457608,18.72
15874.227,-453197,26.51
15875.227,-447982,35.71
15876.227,-444376,42.08
15877.227,-440563,48.81
15878.227,-436745,55.55
15879.227,-433718,60.90
15880.227,-429477,68.38
15881.227,-425637,75.16
15882.227,-422165,81.29
15883.227,-417835,88.94
15884.227,-415107,93.76
15885.227,-411153,100.74
15886.227,-409696,103.31
15887.227,-407122,107.85
15888.227,-405626,110.49
15889.227,-403308,114.59
15890.227,-401388,117.98
15891.227,-399883,120.63
15892.227,-398420,123.22
15893.227,-398773,122.59
15894.227,-398076,123.82
15895.227,-397307,125.18
15896.227,-397472,124.89
15897.227,-397921,124.10
15898.227,-399478,121.35
15899.227,-400400,119.72
15900.227,-400600,119.37
15901.227,-402958,115.20
15902.227,-402985,115.16
15903.227,-405545,110.64
15904.227,-408305,105.76
15905.227,-410072,102.64
15906.227,-412699,98.01
15907.227,-415036,93.88
15908.227,-417178,90.10
15909.227,-421009,83.34
15910.227,-424090,77.90
15911.227,-427738,71.45
15912.227,-431733,64.40
15913.227,-434561,59.41
15914.227,-438607,52.27
15915.227,-442369,45.62
15916.227,-446979,37.48
15917.227,-449384,33.24
15918.227,-454166,24.80
15919.227,-457343,19.19
15920.227,-461710,11.48
15921.227,-465582,4.64
15922.227,-469236,-1.81
15923.227,-474094,-10.39
15924.227,-476630,-14.87
15925.227,-481643,-23.72
15926.227,-485737,-30.94
15927.227,-489052,-36.80
15928.227,-492470,-42.83
15929.227,-495766,-48.65
15930.227,-498785,-53.98
15931.227,-502427,-60.41
15932.227,-505281,-65.45
15933.227,-507931,-70.13
15934.227,-511527,-76.48
15935.227,-513355,-79.71
15936.227,-517046,-86.22
15937.227,-518889,-89.48
15938.227,-521835,-94.68
15939.227,-522702,-96.21
15940.227,-525418,-101.00
15941.227,-527721,-105.07
15942.227,-528191,-105.90
15943.227,-530171,-109.39
15944.227,-531009,-110.87
15945.227,-530880,-110.65
15946.227,-532365,-113.27
15947.227,-532726,-113.91
15948.227,-532202,-112.98
15949.227,-532541,-113.58
15950.227,-532228,-113.03
15951.227,-531527,-111.79
15952.227,-531970,-112.57
15953.227,-531554,-111.84
15954.227,-530277,-109.58
15955.227,-527131,-104.03
15956.227,-526134,-102.27
15957.227,-524066,-98.62
15958.227,-522830,-96.43
15959.227,-520562,-92.43
15960.227,-518713,-89.17
15961.227,-515222,-83.00
15962.227,-512975,-79.03
15963.227,-508899,-71.84
15964.227,-505520,-65.87
15965.227,-502721,-60.93
15966.227,-499134,-54.60
15967.227,-495599,-48.36
15968.227,-491716,-41.50
15969.227,-487181,-33.49
15970.227,-483880,-27.67
15973.278,-479719,-20.32
15974.278,-475117,-12.19
15975.278,-471208,-5.29
15976.278,-466146,3.64
15977.278,-461900,11.14
15978.278,-457828,18.33
15979.278,-453810,25.42
15980.278,-449642,32.78
15981.278,-446220,38.82
15982.278,-441787,46.65
15983.278,-437629,53.99
15984.278,-433744,60.85
15985.278,-428837,69.51
15986.278,-425772,74.93
15987.278,-422117,81.38
15988.278,-418818,87.20
15989.278,-415561,92.95
15990.278,-413736,96.18
15991.278,-410014,102.75
15992.278,-407045,107.99
15993.278,-405867,110.07
15994.278,-403721,113.86
15995.278,-402224,116.50
15996.278,-400695,119.20
15997.278,-400259,119.97
15998.278,-398210,123.59
15999.278,-397805,124.30
16000.278,-397725,124.44
16001.278,-397044,125.65
16002.278,-397465,124.90
16003.278,-399516,121.28
16004.278,-399536,121.25
16005.278,-400906,118.83
16006.278,-401664,117.49
16007.278,-403287,114.62
16008.278,-404473,112.53
16009.278,-407918,106.45
16010.278,-409901,102.95
16011.278,-412562,98.25
16012.278,-414445,94.92
16013.278,-417608,89.34
16014.278,-420733,83.82
16015.278,-424741,76.75
16016.278,-428191,70.66
16017.278,-430608,66.39
16018.278,-434358,59.77
16019.278,-437216,54.72
16020.278,-441887,46.47
16021.278,-445149,40.71
16022.278,-449492,33.05
16023.278,-453331,26.27
16024.278,-456818,20.11
16025.278,-461387,12.05
16026.278,-465112,5.47
16027.278,-468682,-0.83
16028.278,-473471,-9.29
16029.278,-477573,-16.53
16030.278,-480708,-22.07
16031.278,-484077,-28.01
16032.278,-488630,-36.05
16033.278,-491709,-41.49
16034.278,-495365,-47.94
16035.278,-499156,-54.64
16036.278,-502638,-60.78
16037.278,-505564,-65.95
16038.278,-508475,-71.09
16039.278,-510707,-75.03
16040.278,-513470,-79.91
16041.278,-515805,-84.03
16042.278,-519991,-91.42
16043.278,-521503,-94.09
16044.278,-522984,-96.71
16045.278,-525086,-100.42
16046.278,-526610,-103.11
16047.278,-529152,-107.60
16048.278,-528810,-106.99
16049.278,-530569,-110.10
16050.278,-531775,-112.23
16051.278,-532592,-113.67
16052.278,-532358,-113.26
16053.278,-533445,-115.18
16054.278,-532632,-113.74
16055.278,-532429,-113.38
16056.278,-531240,-111.28
16057.278,-531748,-112.18
16058.278,-530810,-110.52
16059.278,-530105,-109.28
16060.278,-529087,-107.48
16061.278,-526893,-103.61
16062.278,-524350,-99.12
16063.278,-523225,-97.13
16064.278,-521476,-94.04
16065.278,-519214,-90.05
16066.278,-515892,-84.18
16067.278,-512528,-78.25
16068.278,-509680,-73.22
16069.278,-506766,-68.07
16070.278,-504155,-63.46
16071.278,-499498,-55.24
16074.308,-495951,-48.98
16075.308,-492816,-43.44
16076.308,-488749,-36.26
16077.308,-484787,-29.27
16078.308,-480505,-21.71
16079.308,-476089,-13.91
16080.308,-470865,-4.69
16081.308,-466050,3.81
16082.308,-463395,8.50
16083.308,-458635,16.90
16084.308,-454814,23.65
16085.308,-449878,32.37
16086.308,-446430,38.45
16087.308,-442050,46.19
16088.308,-437161,54.82
16089.308,-434610,59.32
16090.308,-430087,67.31
16091.308,-426824,73.07
16092.308,-422329,81.00
16093.308,-418733,87.35
16094.308,-416429,91.42
16095.308,-411962,99.31
16096.308,-410253,102.33
16097.308,-408004,106.30
16098.308,-406493,108.96
16099.308,-403457,114.32
16100.308,-401726,117.38
16101.308,-401162,118.38
16102.308,-399996,120.43
16103.308,-399192,121.85
16104.308,-398148,123.70
16105.308,-398953,122.28
16106.308,-397901,124.13
16107.308,-397197,125.38
16108.308,-397705,124.48
16109.308,-399170,121.89
16110.308,-400093,120.26
16111.308,-402290,116.38
16112.308,-403137,114.89
16113.308,-404357,112.73
16114.308,-407054,107.97
16115.308,-409560,103.55
16116.308,-413434,96.71
16117.308,-415077,93.81
16118.308,-416802,90.76
16119.308,-420077,84.98
16120.308,-422012,81.56
16121.308,-427649,71.61
16122.308,-429692,68.00
16123.308,-434616,59.31
16124.308,-437825,53.65
16125.308,-441022,48.00
16126.308,-445520,40.06
16127.308,-449609,32.84
16128.308,-452454,27.82
16129.308,-456654,20.40
16130.308,-459703,15.02
16131.308,-464157,7.16
16132.308,-467514,1.23
16133.308,-472417,-7.43
16134.308,-476118,-13.96
16135.308,-480424,-21.56
16136.308,-484232,-28.29
16137.308,-488666,-36.12
16138.308,-491155,-40.51
16139.308,-494020,-45.57
16140.308,-497967,-52.54
16141.308,-502966,-61.36
16142.308,-504532,-64.13
16143.308,-507429,-69.24
16144.308,-511796,-76.95
16145.308,-513449,-79.87
16146.308,-516195,-84.72
16147.308,-518675,-89.10
16148.308,-520733,-92.73
16149.308,-523579,-97.76
16150.308,-525783,-101.65
16151.308,-526167,-102.33
16152.308,-527861,-105.32
16153.308,-528814,-107.00
16154.308,-529786,-108.72
16155.308,-531915,-112.47
16156.308,-532650,-113.77
16157.308,-532294,-113.14
16158.308,-533140,-114.64
16159.308,-532327,-113.20
16160.308,-532821,-114.07
16161.308,-532838,-114.10
16162.308,-532491,-113.49
16163.308,-530940,-110.75
16164.308,-529430,-108.09
16165.308,-528502,-106.45
16166.308,-527853,-105.30
16167.308,-525024,-100.31
16168.308,-523452,-97.53
16169.308,-521048,-93.29
16170.308,-518979,-89.63
16171.308,-516287,-84.88
16172.308,-512572,-78.32
16175.359,-509951,-73.70
16176.359,-507948,-70.16
16177.359,-503972,-63.14
16178.359,-501427,-58.65
16179.359,-497792,-52.23
16180.359,-492620,-43.10
16181.359,-489248,-37.14
16182.359,-485380,-30.31
16183.359,-480643,-21.95
16184.359,-476737,-15.05
16185.359,-472514,-7.60
16186.359,-467722,0.86
16187.359,-463766,7.85
16188.359,-459370,15.61
16189.359,-455500,22.44
16190.359,-451279,29.89
16191.359,-446856,37.70
16192.359,-442085,46.12
16193.359,-438213,52.96
16194.359,-434786,59.01
16195.359,-430911,65.85
16196.359,-427436,71.99
16197.359,-423520,78.90
16198.359,-420632,84.00
16199.359,-417205,90.05
16200.359,-413911,95.87
16201.359,-411547,100.04
16202.359,-408074,106.17
16203.359,-406282,109.34
16204.359,-403954,113.45
16205.359,-402576,115.88
16206.359,-400586,119.39
16207.359,-399040,122.12
16208.359,-399348,121.58
16209.359,-397835,124.25
16210.359,-398194,123.62
16211.359,-398555,122.98
16212.359,-397288,125.22
16213.359,-398402,123.25
16214.359,-399147,121.93
16215.359,-400150,120.16
16216.359,-401247,118.23
16217.359,-401697,117.43
16218.359,-404027,113.32
16219.359,-406681,108.63
16220.359,-409500,103.65
16221.359,-411378,100.34
16222.359,-413326,96.90
16223.359,-416256,91.73
16224.359,-420172,84.81
16225.359,-423061,79.71
16226.359,-426112,74.33
16227.359,-428868,69.46
16228.359,-433377,61.50
16229.359,-436392,56.18
16230.359,-440767,48.45
16231.359,-443593,43.46
16232.359,-448316,35.12
16233.359,-452468,27.79
16234.359,-456700,20.32
16235.359,-460295,13.97
16236.359,-464126,7.21
16237.359,-468766,-0.98
16238.359,-471010,-4.94
16239.359,-476063,-13.86
16240.359,-479203,-19.41
16241.359,-483677,-27.31
16242.359,-487545,-34.14
16243.359,-491301,-40.77
16244.359,-494347,-46.15
16245.359,-498409,-53.32
16246.359,-501799,-59.30
16247.359,-504683,-64.39
16248.359,-506588,-67.76
16249.359,-510221,-74.17
16250.359,-512531,-78.25
16251.359,-515383,-83.29
16252.359,-517426,-86.89
16253.359,-520530,-92.37
16254.359,-522577,-95.99
16255.359,-524850,-100.00
16256.359,-526595,-103.08
16257.359,-528394,-106.26
16258.359,-529252,-107.77
16259.359,-529191,-107.66
16260.359,-531542,-111.82
16261.359,-531752,-112.19
16262.359,-531924,-112.49
16263.359,-532601,-113.69
16264.359,-532742,-113.93
16265.359,-532032,-112.68
16266.359,-531814,-112.30
16267.359,-532002,-112.63
16268.359,-529916,-108.94
16269.359,-528882,-107.12
16270.359,-528541,-106.52
16271.359,-527471,-104.63
16272.359,-525763,-101.61
16273.359,-523186,-97.06
16276.410,-522925,-96.60
16277.410,-520203,-91.80
16278.410,-517480,-86.99
16279.410,-513536,-80.03
16280.410,-511271,-76.03
16281.410,-507168,-68.78
16282.410,-504619,-64.28
16283.410,-501247,-58.33
16284.410,-497410,-51.55
16285.410,-493481,-44.62
16286.410,-488967,-36.65
16287.410,-486068,-31.53
16288.410,-481195,-22.93
16289.410,-476945,-15.42
16290.410,-472918,-8.31
16291.410,-467611,1.06
16292.410,-462564,9.97
16293.410,-459730,14.97
16294.410,-455060,23.22
16295.410,-451763,29.04
16296.410,-446979,37.48
16297.410,-443129,44.28
16298.410,-439188,51.24
16299.410,-435341,58.03
16300.410,-431274,65.21
16301.410,-427113,72.56
16302.410,-424794,76.65
16303.410,-420270,84.64
16304.410,-417280,89.92
16305.410,-413913,95.86
16306.410,-411424,100.26
16307.410,-408379,105.63
16308.410,-405198,111.25
16309.410,-404995,111.61
16310.410,-402726,115.61
16311.410,-401037,118.60
16312.410,-400330,119.84
16313.410,-399550,121.22
16314.410,-398046,123.88
16315.410,-397605,124.66
16316.410,-397727,124.44
16317.410,-397367,125.08
16318.410,-399073,122.06
16319.410,-399053,122.10
16320.410,-399810,120.76
16321.410,-400723,119.15
16322.410,-403028,115.08
16323.410,-403969,113.42
16324.410,-406001,109.83
16325.410,-409374,103.88
16326.410,-411779,99.63
16327.410,-413444,96.69
16328.410,-415893,92.37
16329.410,-418795,87.24
16330.410,-421851,81.85
16331.410,-425202,75.93
16332.410,-428718,69.72
16333.410,-432784,62.55
16334.410,-436890,55.30
16335.410,-439795,50.17
16336.410,-444401,42.04
16337.410,-447839,35.97
16338.410,-451540,29.43
16339.410,-456414,20.83
16340.410,-458976,16.30
16341.410,-463189,8.86
16342.410,-467157,1.86
16343.410,-471591,-5.97
16344.410,-475665,-13.16
16345.410,-479604,-20.12
16346.410,-483100,-26.29
16347.410,-486250,-31.85
16348.410,-490066,-38.59
16349.410,-494262,-46.00
16350.410,-497310,-51.38
16351.410,-500265,-56.59
16352.410,-503416,-62.16
16353.410,-506919,-68.34
16354.410,-509179,-72.33
16355.410,-512318,-77.87
16356.410,-514431,-81.61
16357.410,-517438,-86.91
16358.410,-519749,-90.99
16359.410,-522425,-95.72
16360.410,-524462,-99.32
16361.410,-526558,-103.02
16362.410,-528419,-106.30
16363.410,-528911,-107.17
16364.410,-530013,-109.12
16365.410,-530547,-110.06
16366.410,-531691,-112.08
16367.410,-532705,-113.87
16368.410,-533246,-114.82
16369.410,-532606,-113.69
16370.410,-533144,-114.64
16371.410,-532599,-113.68
16372.410,-533160,-114.67
16373.410,-531009,-110.87
16374.410,-530778,-110.47
16377.461,-529576,-108.34
16378.461,-527546,-104.76
16379.461,-525886,-101.83
16380.461,-524259,-98.96
16381.461,-522766,-96.32
16382.461,-520111,-91.63
16383.461,-516779,-85.75
16384.461,-513452,-79.88
16385.461,-511759,-76.89
16386.461,-507541,-69.44
16387.461,-504343,-63.79
16388.461,-500884,-57.69
16389.461,-498440,-53.37
16390.461,-493814,-45.21
16391.461,-490169,-38.77
16392.461,-484860,-29.40
16393.461,-482088,-24.50
16394.461,-477884,-17.08
16395.461,-473769,-9.81
16396.461,-468858,-1.14
16397.461,-464498,6.55
16398.461,-460275,14.01
16399.461,-456136,21.32
16400.461,-451243,29.96
16401.461,-448211,35.31
16402.461,-443112,44.31
16403.461,-440121,49.59
16404.461,-435744,57.32
16405.461,-432359,63.30
16406.461,-429135,68.99
16407.461,-425565,75.29
16408.461,-421194,83.01
16409.461,-417502,89.53
16410.461,-414036,95.65
16411.461,-411882,99.45
16412.461,-409789,103.14
16413.461,-405646,110.46
16414.461,-403915,113.52
16415.461,-403302,114.60
16416.461,-401585,117.63
16417.461,-400378,119.76
16418.461,-398844,122.47
16419.461,-397036,125.66
16420.461,-397862,124.20
16421.461,-398811,122.53
16422.461,-398122,123.74
16423.461,-398848,122.46
16424.461,-399154,121.92
16425.461,-400583,119.40
16426.461,-400437,119.66
16427.461,-401951,116.98
16428.461,-403570,114.12
16429.461,-406658,108.67
16430.461,-407651,106.92
16431.461,-409889,102.97
16432.461,-413183,97.15
16433.461,-416556,91.20
16434.461,-417936,88.76
16435.461,-422612,80.50
16436.461,-424831,76.59
16437.461,-429150,68.96
16438.461,-432821,62.48
16439.461,-435589,57.59
16440.461,-439045,51.49
16441.461,-442544,45.31
16442.461,-446704,37.97
16443.461,-450307,31.61
16444.461,-454686,23.88
16445.461,-458999,16.26
16446.461,-463336,8.61
16447.461,-467977,0.41
16448.461,-471325,-5.50
16449.461,-473698,-9.69
16450.461,-478167,-17.58
16451.461,-481782,-23.96
16452.461,-485823,-31.10
16453.461,-489897,-38.29
16454.461,-493276,-44.26
16455.461,-495947,-48.97
16456.461,-499931,-56.00
16457.461,-503666,-62.60
16458.461,-505793,-66.35
16459.461,-509385,-72.70
16460.461,-512299,-77.84
16461.461,-514854,-82.35
16462.461,-516988,-86.12
16463.461,-519917,-91.29
16464.461,-521823,-94.66
16465.461,-524998,-100.26
16466.461,-525977,-101.99
16467.461,-526811,-103.46
16468.461,-529832,-108.80
16469.461,-530761,-110.44
16470.461,-531339,-111.46
16471.461,-531359,-111.49
16472.461,-532711,-113.88
16473.461,-532089,-112.78
16474.461,-532763,-113.97
16475.461,-532208,-112.99
16478.515,-532816,-114.06
16479.515,-530832,-110.56
16480.515,-531183,-111.18
16481.515,-530100,-109.27
16482.515,-528943,-107.23
16483.515,-527605,-104.86
16484.515,-526073,-102.16
16485.515,-524331,-99.08
16486.515,-521899,-94.79
16487.515,-519493,-90.54
16488.515,-517468,-86.97
16489.515,-514904,-82.44
16490.515,-512034,-77.37
16491.515,-508728,-71.54
16492.515,-504752,-64.52
16493.515,-502034,-59.72
16494.515,-497861,-52.35
16495.515,-494326,-46.11
16496.515,-490347,-39.08
16497.515,-486174,-31.72
16498.515,-482157,-24.62
16499.515,-477811,-16.95
16500.515,-474337,-10.82
16501.515,-469629,-2.51
16502.515,-465603,4.60
16503.515,-460010,14.48
16504.515,-456355,20.93
16505.515,-452427,27.87
16506.515,-449562,32.92
16507.515,-443443,43.73
16508.515,-440472,48.97
16509.515,-436901,55.28
16510.515,-432238,63.51
16511.515,-428750,69.67
16512.515,-424446,77.27
16513.515,-422094,81.42
16514.515,-418588,87.61
16515.515,-414557,94.73
16516.515,-411490,100.14
16517.515,-409210,104.17
16518.515,-407002,108.07
16519.515,-404438,112.59
16520.515,-402914,115.28
16521.515,-401337,118.07
16522.515,-400014,120.40
16523.515,-398730,122.67
16524.515,-398275,123.47
16525.515,-398295,123.44
16526.515,-397913,124.11
16527.515,-397890,124.15
16528.515,-398118,123.75
16529.515,-398492,123.09
16530.515,-399989,120.45
16531.515,-400280,119.93
16532.515,-402204,116.54
16533.515,-403718,113.86
16534.515,-405764,110.25
16535.515,-407358,107.44
16536.515,-409261,104.08
16537.515,-412682,98.04
16538.515,-415238,93.52
16539.515,-418156,88.37
16540.515,-421070,83.23
16541.515,-424329,77.47
16542.515,-428804,69.57
16543.515,-431592,64.65
16544.515,-435891,57.06
16545.515,-438539,52.39
16546.515,-442965,44.57
16547.515,-446219,38.83
16548.515,-451182,30.06
16549.515,-455360,22.69
16550.515,-457548,18.82
16551.515,-462045,10.88
16552.515,-465849,4.17
16553.515,-469904,-2.99
16554.515,-473685,-9.67
16555.515,-477296,-16.04
16556.515,-482077,-24.48
16557.515,-485152,-29.91
16558.515,-489660,-37.87
16559.515,-491937,-41.89
16560.515,-496056,-49.16
16561.515,-498814,-54.03
16562.515,-502919,-61.28
16563.515,-505199,-65.31
16564.515,-508921,-71.88
16565.515,-511049,-75.63
16566.515,-514014,-80.87
16567.515,-517442,-86.92
16568.515,-519654,-90.83
16569.515,-521336,-93.80
16570.515,-524120,-98.71
16571.515,-526384,-102.71
16572.515,-526575,-103.05
16573.515,-528889,-107.13
16574.515,-529863,-108.85
16575.515,-531870,-112.39
16576.515,-532071,-112.75
16577.515,-533006,-114.40
16580.586,-533950,-116.07
16581.586,-532773,-113.99
16582.586,-532281,-113.12
16583.586,-531895,-112.44
16584.586,-531742,-112.17
16585.586,-530408,-109.81
16586.586,-530314,-109.65
16587.586,-528742,-106.87
16588.586,-528301,-106.09
16589.586,-526090,-102.19
16590.586,-523674,-97.92
16591.586,-522179,-95.28
16592.586,-519692,-90.89
16593.586,-517813,-87.58
16594.586,-515169,-82.91
16595.586,-512933,-78.96
16596.586,-509398,-72.72
16597.586,-505992,-66.71
16598.586,-501361,-58.53
16599.586,-498896,-54.18
16600.586,-494736,-46.83
16601.586,-490399,-39.18
16602.586,-487235,-33.59
16603.586,-482861,-25.87
16604.586,-478650,-18.43
16605.586,-473599,-9.51
16606.586,-469106,-1.58
16607.586,-466387,3.22
16608.586,-461982,11.00
16609.586,-456414,20.83
16610.586,-452924,26.99
16611.586,-449591,32.87
16612.586,-444756,41.41
16613.586,-440371,49.15
16614.586,-437939,53.44
16615.586,-432536,62.98
16616.586,-429629,68.12
16617.586,-424344,77.45
16618.586,-420504,84.23
16619.586,-419745,85.57
16620.586,-415001,93.94
16621.586,-412339,98.64
16622.586,-409905,102.94
16623.586,-407508,107.17
16624.586,-404937,111.71
16625.586,-403379,114.46
16626.586,-400941,118.77
16627.586,-401017,118.63
16628.586,-399079,122.05
16629.586,-398618,122.87
16630.586,-397530,124.79
16631.586,-397057,125.62
16632.586,-398579,122.94
16633.586,-398629,122.85
16634.586,-399128,121.97
16635.586,-399825,120.74
16636.586,-400466,119.60
16637.586,-402037,116.83
16638.586,-404153,113.10
16639.586,-405241,111.17
16640.586,-407420,107.33
16641.586,-409180,104.22
16642.586,-412732,97.95
16643.586,-415726,92.66
16644.586,-418063,88.54
16645.586,-421712,82.09
16646.586,-424302,77.52
16647.586,-427402,72.05
16648.586,-431581,64.67
16649.586,-435696,57.40
16650.586,-438921,51.71
16651.586,-443102,44.33
16652.586,-446914,37.60
16653.586,-448517,34.77
16654.586,-455423,22.58
16655.586,-457665,18.62
16656.586,-461889,11.16
16657.586,-465289,5.16
16658.586,-469228,-1.80
16659.586,-473744,-9.77
16660.586,-476779,-15.13
16661.586,-481803,-24.00
16662.586,-484707,-29.13
16663.586,-488224,-35.34
16664.586,-491608,-41.31
16665.586,-496211,-49.44
16666.586,-498849,-54.09
16667.586,-503391,-62.11
16668.586,-505429,-65.71
16669.586,-509070,-72.14
16670.586,-511466,-76.37
16671.586,-513741,-80.39
16672.586,-516447,-85.16
16673.586,-519043,-89.75
16674.586,-520135,-91.68
16675.586,-522535,-95.91
16676.586,-525803,-101.68
16677.586,-528256,-106.01
16678.586,-528605,-106.63
16679.586,-530031,-109.15
16682.661,-530875,-110.64
16683.661,-531480,-111.71
16684.661,-531722,-112.13
16685.661,-534149,-116.42
16686.661,-532428,-113.38
16687.661,-532675,-113.82
16688.661,-532670,-113.81
16689.661,-531972,-112.57
16690.661,-530356,-109.72
16691.661,-529647,-108.47
16692.661,-529268,-107.80
16693.661,-528486,-106.42
16694.661,-525723,-101.54
16695.661,-524759,-99.84
16696.661,-522138,-95.21
16697.661,-519829,-91.14
16698.661,-518966,-89.61
16699.661,-514757,-82.18
16700.661,-514273,-81.33
16701.661,-509677,-73.21
16702.661,-507112,-68.68
16703.661,-502520,-60.58
16704.661,-499147,-54.62
16705.661,-495272,-47.78
16706.661,-492413,-42.73
16707.661,-487332,-33.76
16708.661,-483432,-26.88
16709.661,-479978,-20.78
16710.661,-475330,-12.57
16711.661,-471395,-5.62
16712.661,-467366,1.49
16713.661,-462572,9.95
16714.661,-458192,17.69
16715.661,-452586,27.58
16716.661,-449638,32.79
16717.661,-445472,40.14
16718.661,-442299,45.75
16719.661,-436618,55.78
16720.661,-432828,62.47
16721.661,-428969,69.28
16722.661,-426466,73.70
16723.661,-422548,80.62
16724.661,-420053,85.02
16725.661,-415870,92.41
16726.661,-412986,97.50
16727.661,-410397,102.07
16728.661,-407115,107.87
16729.661,-406114,109.63
16730.661,-404083,113.22
16731.661,-401899,117.07
16732.661,-400008,120.41
16733.661,-399028,122.14
16734.661,-398546,122.99
16735.661,-397847,124.23
16736.661,-396582,126.46
16737.661,-397623,124.62
16738.661,-397672,124.54
16739.661,-398003,123.95
16740.661,-399404,121.48
16741.661,-401180,118.34
16742.661,-402623,115.80
16743.661,-403075,115.00
16744.661,-405039,111.53
16745.661,-407726,106.79
16746.661,-408846,104.81
16747.661,-412113,99.04
16748.661,-414418,94.97
16749.661,-417847,88.92
16750.661,-420806,83.69
16751.661,-423887,78.25
16752.661,-427528,71.83
16753.661,-430242,67.03
16754.661,-434690,59.18
16755.661,-438425,52.59
16756.661,-441429,47.28
16757.661,-445810,39.55
16758.661,-449719,32.65
16759.661,-454237,24.67
16760.661,-456066,21.44
16761.661,-461074,12.60
16762.661,-465777,4.30
16763.661,-468122,0.16
16764.661,-472809,-8.12
16765.661,-476792,-15.15
16766.661,-481722,-23.86
16767.661,-483944,-27.78
16768.661,-488491,-35.81
16769.661,-492880,-43.56
16770.661,-495809,-48.73
16771.661,-499248,-54.80
16772.661,-501474,-58.73
16773.661,-504545,-64.15
16774.661,-507536,-69.43
16775.661,-510586,-74.82
16776.661,-513906,-80.68
16777.661,-516046,-84.46
16778.661,-518916,-89.52
16779.661,-520515,-92.35
16780.661,-524053,-98.59
16783.744,-526601,-103.09
16784.744,-527538,-104.75
16785.744,-529171,-107.63
16786.744,-529645,-108.47
16787.744,-531320,-111.42
16788.744,-531068,-110.98
16789.744,-531733,-112.15
16790.744,-532625,-113.73
16791.744,-532915,-114.24
16792.744,-533095,-114.56
16793.744,-533013,-114.41
16794.744,-532801,-114.04
16795.744,-532569,-113.63
16796.744,-530999,-110.86
16797.744,-528248,-106.00
16798.744,-527440,-104.57
16799.744,-527130,-104.03
16800.744,-525289,-100.78
16801.744,-522980,-96.70
16802.744,-521264,-93.67
16803.744,-518382,-88.58
16804.744,-516029,-84.43
16805.744,-513020,-79.11
16806.744,-509902,-73.61
16807.744,-507122,-68.70
16808.744,-502973,-61.38
16809.744,-499244,-54.79
16810.744,-495276,-47.79
16811.744,-492027,-42.05
16812.744,-488140,-35.19
16813.744,-483493,-26.98
16814.744,-479786,-20.44
16815.744,-475846,-13.48
16816.744,-472478,-7.54
16817.744,-467623,1.04
16818.744,-463345,8.59
16819.744,-458210,17.66
16820.744,-454264,24.62
16821.744,-449747,32.60
16822.744,-446769,37.85
16823.744,-442281,45.78
16824.744,-437658,53.94
16825.744,-434281,59.90
16826.744,-430216,67.08
16827.744,-426414,73.79
16828.744,-423227,79.42
16829.744,-419353,86.26
16830.744,-415772,92.58
16831.744,-413416,96.74
16832.744,-410801,101.36
16833.744,-408251,105.86
16834.744,-405457,110.79
16835.744,-403720,113.86
16836.744,-402229,116.49
16837.744,-399731,120.90
16838.744,-399392,121.50
16839.744,-399170,121.89
16840.744,-398232,123.55
16841.744,-397827,124.26
16842.744,-397426,124.97
16843.744,-397825,124.27
16844.744,-399036,122.13
16845.744,-398907,122.36
16846.744,-400691,119.21
16847.744,-402056,116.80
16848.744,-402948,115.22
16849.744,-404463,112.55
16850.744,-407577,107.05
16851.744,-409566,103.54
16852.744,-411180,100.69
16853.744,-415595,92.89
16854.744,-417765,89.06
16855.744,-419995,85.13
16856.744,-423515,78.91
16857.744,-426855,73.01
16858.744,-429214,68.85
16859.744,-433882,60.61
16860.744,-437293,54.59
16861.744,-441640,46.91
16862.744,-445535,40.03
16863.744,-449007,33.90
16864.744,-452981,26.89
16865.744,-457413,19.06
16866.744,-460728,13.21
16867.744,-464986,5.69
16868.744,-468511,-0.53
16869.744,-472377,-7.36
16870.744,-476785,-15.14
16871.744,-480487,-21.68
16872.744,-483347,-26.73
16873.744,-487415,-33.91
16874.744,-491458,-41.05
16875.744,-493995,-45.52
16876.744,-498082,-52.74
16877.744,-502174,-59.96
16878.744,-505393,-65.65
16879.744,-507138,-68.73
16880.744,-510765,-75.13
16881.744,-512821,-78.76
16884.759,-515410,-83.33
16885.759,-517767,-87.50
16886.759,-519996,-91.43
16887.759,-522074,-95.10
16888.759,-524616,-99.59
16889.759,-526638,-103.16
16890.759,-528069,-105.68
16891.759,-529479,-108.17
16892.759,-530639,-110.22
16893.759,-531820,-112.31
16894.759,-532929,-114.26
16895.759,-532741,-113.93
16896.759,-532836,-114.10
16897.759,-533068,-114.51
16898.759,-533254,-114.84
16899.759,-533506,-115.28
16900.759,-531298,-111.38
16901.759,-531556,-111.84
16902.759,-529755,-108.66
16903.759,-528657,-106.72
16904.759,-526991,-103.78
16905.759,-525847,-101.76
16906.759,-522656,-96.13
16907.759,-520039,-91.51
16908.759,-519363,-90.31
16909.759,-516058,-84.48
16910.759,-513668,-80.26
16911.759,-510735,-75.08
16912.759,-506881,-68.28
16913.759,-504263,-63.65
16914.759,-500136,-56.37
16915.759,-496622,-50.16
16916.759,-493671,-44.95
16917.759,-488733,-36.23
16918.759,-484377,-28.54
16919.759,-480770,-22.18
16920.759,-476104,-13.94
16921.759,-471800,-6.34
16922.759,-467197,1.79
16923.759,-463552,8.22
16924.759,-458545,17.06
16925.759,-455456,22.52
16926.759,-450496,31.27
16927.759,-445226,40.58
16928.759,-443803,43.09
16929.759,-438437,52.57
16930.759,-435468,57.81
16931.759,-430581,66.44
16932.759,-426248,74.09
16933.759,-423310,79.27
16934.759,-419540,85.93
16935.759,-416405,91.46
16936.759,-414118,95.50
16937.759,-410665,101.60
16938.759,-408148,106.04
16939.759,-406252,109.39
16940.759,-403286,114.63
16941.759,-401862,117.14
16942.759,-400735,119.13
16943.759,-400023,120.39
16944.759,-398864,122.43
16945.759,-398558,122.97
16946.759,-397690,124.51
16947.759,-397150,125.46
16948.759,-397219,125.34
16949.759,-397388,125.04
16950.759,-399142,121.94
16951.759,-400955,118.74
16952.759,-401399,117.96
16953.759,-402853,115.39
16954.759,-405134,111.36
16955.759,-406445,109.05
16956.759,-408645,105.16
16957.759,-411961,99.31
16958.759,-413633,96.36
16959.759,-416368,91.53
16960.759,-418573,87.64
16961.759,-421927,81.71
16962.759,-425929,74.65
16963.759,-429203,68.87
16964.759,-433255,61.71
16965.759,-436568,55.87
16966.759,-440662,48.64
16967.759,-444647,41.60
16968.759,-447994,35.69
16969.759,-452544,27.66
16970.759,-455416,22.59
16971.759,-459894,14.68
16972.759,-464317,6.87
16973.759,-467535,1.19
16974.759,-471802,-6.34
16975.759,-475817,-13.43
16976.759,-479077,-19.19
16977.759,-483601,-27.17
16978.759,-486311,-31.96
16979.759,-490575,-39.49
16980.759,-493906,-45.37
16981.759,-497202,-51.19
16982.759,-501104,-58.08
16985.802,-504497,-64.07
16986.802,-506850,-68.22
16987.802,-510496,-74.66
16988.802,-512534,-78.26
16989.802,-515677,-83.81
16990.802,-517762,-87.49
16991.802,-520198,-91.79
16992.802,-522252,-95.41
16993.802,-523991,-98.48
16994.802,-526626,-103.14
16995.802,-527527,-104.73
16996.802,-528707,-106.81
16997.802,-529589,-108.37
16998.802,-530827,-110.55
16999.802,-531432,-111.62
17000.802,-532950,-114.30
17001.802,-533904,-115.99
17002.802,-532438,-113.40
17003.802,-532936,-114.28
17004.802,-532400,-113.33
17005.802,-532510,-113.52
17006.802,-531291,-111.37
17007.802,-529785,-108.71
17008.802,-529441,-108.11
17009.802,-527619,-104.89
17010.802,-525549,-101.23
17011.802,-523774,-98.10
17012.802,-520386,-92.12
17013.802,-519952,-91.35
17014.802,-517537,-87.09
17015.802,-514427,-81.60
17016.802,-510741,-75.09
17017.802,-506986,-68.46
17018.802,-504021,-63.23
17019.802,-500182,-56.45
17020.802,-497458,-51.64
17021.802,-493710,-45.02
17022.802,-489228,-37.11
17023.802,-485850,-31.14
17024.802,-482037,-24.41
17025.802,-477406,-16.24
17026.802,-471913,-6.54
17027.802,-468082,0.23
17028.802,-463470,8.37
17029.802,-459982,14.53
17030.802,-455819,21.88
17031.802,-450720,30.88
17032.802,-447566,36.45
17033.802,-443924,42.88
17034.802,-439526,50.64
17035.802,-435698,57.40
17036.802,-431444,64.91
17037.802,-428458,70.18
17038.802,-424073,77.93
17039.802,-420615,84.03
17040.802,-416395,91.48
17041.802,-412816,97.80
17042.802,-410618,101.68
17043.802,-408594,105.25
17044.802,-406009,109.82
17045.802,-404225,112.97
17046.802,-402829,115.43
17047.802,-400878,118.88
17048.802,-400195,120.08
17049.802,-398847,122.46
17050.802,-398452,123.16
17051.802,-398412,123.23
17052.802,-396693,126.27
17053.802,-397291,125.21
17054.802,-398918,122.34
17055.802,-398913,122.35
17056.802,-399022,122.15
17057.802,-401022,118.62
17058.802,-401784,117.28
17059.802,-403734,113.83
17060.802,-405739,110.29
17061.802,-408617,105.21
17062.802,-410299,102.24
17063.802,-413952,95.79
17064.802,-415812,92.51
17065.802,-418540,87.69
17066.802,-422853,80.08
17067.802,-424584,77.02
17068.802,-429178,68.91
17069.802,-432493,63.06
17070.802,-436119,56.66
17071.802,-439735,50.27
17072.802,-444520,41.83
17073.802,-447063,37.34
17074.802,-452025,28.58
17075.802,-454392,24.40
17076.802,-459370,15.61
17077.802,-462777,9.59
17078.802,-467378,1.47
17079.802,-471963,-6.63
17080.802,-474602,-11.29
17081.802,-478668,-18.46
17082.802,-482334,-24.94
17083.802,-485517,-30.56
17086.863,-489903,-38.30
17087.863,-493066,-43.88
17088.863,-497073,-50.96
17089.863,-500381,-56.80
17090.863,-504236,-63.61
17091.863,-506504,-67.61
17092.863,-508999,-72.01
17093.863,-513116,-79.28
17094.863,-514714,-82.10
17095.863,-517608,-87.21
17096.863,-520798,-92.85
17097.863,-521989,-94.95
17098.863,-524917,-100.12
17099.863,-526411,-102.76
17100.863,-527447,-104.59
17101.863,-529379,-108.00
17102.863,-530215,-109.47
17103.863,-531735,-112.16
17104.863,-531519,-111.77
17105.863,-531965,-112.56
17106.863,-532549,-113.59
17107.863,-533021,-114.43
17108.863,-533053,-114.48
17109.863,-532900,-114.21
17110.863,-531903,-112.45
17111.863,-531224,-111.25
17112.863,-530040,-109.16
17113.863,-528025,-105.61
17114.863,-527656,-104.95
17115.863,-525642,-101.40
17116.863,-523733,-98.03
17117.863,-522516,-95.88
17118.863,-519800,-91.08
17119.863,-517597,-87.19
17120.863,-513916,-80.70
17121.863,-511685,-76.76
17122.863,-508924,-71.88
17123.863,-504655,-64.35
17124.863,-500894,-57.71
17125.863,-497353,-51.45
17126.863,-493751,-45.09
17127.863,-489723,-37.98
17128.863,-486390,-32.10
17129.863,-482006,-24.36
17130.863,-478291,-17.80
17131.863,-473441,-9.24
17132.863,-469444,-2.18
17133.863,-465002,5.66
17134.863,-460493,13.62
17135.863,-456582,20.53
17136.863,-451884,28.82
17137.863,-448179,35.37
17138.863,-444085,42.59
17139.863,-440909,48.20
17140.863,-436001,56.87
17141.863,-432625,62.83
17142.863,-429188,68.89
17143.863,-425097,76.12
17144.863,-421011,83.33
17145.863,-417671,89.23
17146.863,-414148,95.45
17147.863,-411449,100.21
17148.863,-409372,103.88
17149.863,-406378,109.17
17150.863,-405333,111.01
17151.863,-403265,114.66
17152.863,-402813,115.46
17153.863,-401362,118.02
17154.863,-400108,120.24
17155.863,-398126,123.74
17156.863,-396826,126.03
17157.863,-397777,124.35
17158.863,-399137,121.95
17159.863,-398258,123.50
17160.863,-399089,122.04
17161.863,-400455,119.62
17162.863,-401490,117.80
17163.863,-402169,116.60
17164.863,-402949,115.22
17165.863,-405360,110.96
17166.863,-408228,105.90
17167.863,-410446,101.98
17168.863,-414192,95.37
17169.863,-414753,94.38
17170.863,-419504,85.99
17171.863,-421103,83.17
17172.863,-424855,76.54
17173.863,-428426,70.24
17174.863,-432121,63.72
17175.863,-435848,57.14
17176.863,-439106,51.38
17177.863,-442557,45.29
17178.863,-446068,39.09
17179.863,-450540,31.20
17180.863,-454708,23.84
17181.863,-458245,17.59
17182.863,-462321,10.40
17183.863,-466474,3.06
17184.863,-470923,-4.79
17187.910,-474779,-11.60
17188.910,-478402,-17.99
17189.910,-481359,-23.22
17190.910,-485494,-30.52
17191.910,-489766,-38.06
17192.910,-493113,-43.97
17193.910,-496390,-49.75
17194.910,-500403,-56.84
17195.910,-503342,-62.03
17196.910,-506197,-67.07
17197.910,-508599,-71.31
17198.910,-511097,-75.72
17199.910,-514710,-82.10
17200.910,-517873,-87.68
17201.910,-520181,-91.76
17202.910,-521231,-93.61
17203.910,-524161,-98.78
17204.910,-525544,-101.23
17205.910,-527707,-105.04
17206.910,-528505,-106.45
17207.910,-529679,-108.53
17208.910,-531491,-111.73
17209.910,-532211,-113.00
17210.910,-533120,-114.60
17211.910,-532601,-113.69
17212.910,-532550,-113.60
17213.910,-533384,-115.07
17214.910,-532175,-112.93
17215.910,-532300,-113.15
17216.910,-531757,-112.19
17217.910,-531087,-111.01
17218.910,-528934,-107.21
17219.910,-527658,-104.96
17220.910,-525104,-100.45
17221.910,-524225,-98.90
17222.910,-521535,-94.15
17223.910,-520030,-91.49
17224.910,-517877,-87.69
17225.910,-514908,-82.45
17226.910,-512388,-78.00
17227.910,-509654,-73.17
17228.910,-506937,-68.37
17229.910,-502813,-61.09
17230.910,-498719,-53.87
17231.910,-495084,-47.45
17232.910,-490004,-38.48
17233.910,-487123,-33.39
17234.910,-482986,-26.09
17235.910,-479250,-19.49
17236.910,-474779,-11.60
17237.910,-470784,-4.54
17238.910,-465698,4.43
17239.910,-460966,12.79
17240.910,-457504,18.90
17241.910,-452751,27.29
17242.910,-449481,33.07
17243.910,-444506,41.85
17244.910,-440266,49.34
17245.910,-437286,54.60
17246.910,-432627,62.82
17247.910,-429053,69.13
17248.910,-426195,74.18
17249.910,-421569,82.35
17250.910,-418000,88.65
17251.910,-416522,91.26
17252.910,-412246,98.81
17253.910,-409340,103.94
17254.910,-407477,107.23
17255.910,-405088,111.44
17256.910,-403046,115.05
17257.910,-401826,117.20
17258.910,-399427,121.44
17259.910,-399769,120.84
17260.910,-398973,122.24
17261.910,-398387,123.28
17262.910,-397125,125.50
17263.910,-398551,122.99
17264.910,-398138,123.71
17265.910,-398979,122.23
17266.910,-399507,121.30
17267.910,-400877,118.88
17268.910,-401453,117.86
17269.910,-402835,115.42
17270.910,-405063,111.49
17271.910,-406751,108.51
17272.910,-408478,105.46
17273.910,-411975,99.29
17274.910,-414972,93.99
17275.910,-416666,91.00
17276.910,-421044,83.27
17277.910,-424507,77.16
17278.910,-427627,71.65
17279.910,-431101,65.52
17280.910,-434378,59.73
17281.910,-436848,55.37
17282.910,-441948,46.37
17283.910,-445758,39.64
17284.910,-449960,32.22
17285.910,-453341,26.25
17288.984,-458040,17.96
17289.984,-461520,11.81
17290.984,-465786,4.28
17291.984,-469469,-2.22
17292.984,-473429,-9.21
17293.984,-476972,-15.47
17294.984,-481440,-23.36
17295.984,-485544,-30.60
17296.984,-488370,-35.59
17297.984,-492143,-42.25
17298.984,-495079,-47.44
17299.984,-499106,-54.55
17300.984,-502023,-59.70
17301.984,-505278,-65.45
17302.984,-507980,-70.22
17303.984,-510860,-75.30
17304.984,-514325,-81.42
17305.984,-516625,-85.48
17306.984,-518377,-88.57
17307.984,-520607,-92.51
17308.984,-523323,-97.30
17309.984,-525443,-101.05
17310.984,-527507,-104.69
17311.984,-528973,-107.28
17312.984,-529301,-107.86
17313.984,-531412,-111.59
17314.984,-532232,-113.03
17315.984,-533400,-115.10
17316.984,-532409,-113.35
17317.984,-533436,-115.16
17318.984,-534093,-116.32
17319.984,-533116,-114.59
17320.984,-532640,-113.75
17321.984,-532763,-113.97
17322.984,-530212,-109.47
17323.984,-528724,-106.84
17324.984,-528112,-105.76
17325.984,-526267,-102.50
17326.984,-525229,-100.67
17327.984,-523758,-98.07
17328.984,-521018,-93.23
17329.984,-517873,-87.68
17330.984,-515298,-83.14
17331.984,-513253,-79.53
17332.984,-509536,-72.96
17333.984,-506803,-68.14
17334.984,-502239,-60.08
17335.984,-500994,-57.88
17336.984,-495439,-48.07
17337.984,-492158,-42.28
17338.984,-488330,-35.52
17339.984,-484513,-28.78
17340.984,-479224,-19.45
17341.984,-476420,-14.50
17342.984,-471533,-5.87
17343.984,-466570,2.90
17344.984,-463061,9.09
17345.984,-459331,15.68
17346.984,-454048,25.00
17347.984,-451163,30.10
17348.984,-445372,40.32
17349.984,-441929,46.40
17350.984,-438341,52.73
17351.984,-434078,60.26
17352.984,-431517,64.78
17353.984,-426485,73.67
17354.984,-422774,80.22
17355.984,-419429,86.12
17356.984,-417029,90.36
17357.984,-413899,95.89
17358.984,-410784,101.39
17359.984,-407453,107.27
17360.984,-405594,110.55
17361.984,-402770,115.54
17362.984,-402738,115.59
17363.984,-400713,119.17
17364.984,-399471,121.36
17365.984,-398989,122.21
17366.984,-398051,123.87
17367.984,-397126,125.50
17368.984,-397574,124.71
17369.984,-397846,124.23
17370.984,-398906,122.36
17371.984,-399630,121.08
17372.984,-399553,121.22
17373.984,-401835,117.19
17374.984,-402795,115.49
17375.984,-405155,111.33
17376.984,-406722,108.56
17377.984,-408535,105.36
17378.984,-410473,101.94
17379.984,-413528,96.54
17380.984,-417397,89.71
17381.984,-420621,84.02
17382.984,-422821,80.14
17383.984,-426841,73.04
17384.984,-428926,69.36
17385.984,-433512,61.26
17386.984,-437608,54.03
17390.012,-441988,46.30
17391.012,-445412,40.25
17392.012,-449114,33.71
17393.012,-452855,27.11
17394.012,-456914,19.94
17395.012,-459364,15.62
17396.012,-463914,7.58
17397.012,-468292,-0.14
17398.012,-471559,-5.91
17399.012,-476042,-13.83
17400.012,-479470,-19.88
17401.012,-483033,-26.17
17402.012,-488357,-35.57
17403.012,-491704,-41.48
17404.012,-494912,-47.14
17405.012,-498702,-53.83
17406.012,-501814,-59.33
17407.012,-503847,-62.92
17408.012,-508199,-70.60
17409.012,-510063,-73.89
17410.012,-512899,-78.90
17411.012,-515884,-84.17
17412.012,-518286,-88.41
17413.012,-521000,-93.20
17414.012,-522887,-96.53
17415.012,-524278,-98.99
17416.012,-527393,-104.49
17417.012,-528387,-106.25
17418.012,-528719,-106.83
17419.012,-529571,-108.34
17420.012,-531099,-111.03
17421.012,-532028,-112.67
17422.012,-532824,-114.08
17423.012,-532181,-112.94
17424.012,-533509,-115.29
17425.012,-533721,-115.66
17426.012,-531749,-112.18
17427.012,-531285,-111.36
17428.012,-531294,-111.38
17429.012,-529677,-108.52
17430.012,-528443,-106.34
17431.012,-526868,-103.56
17432.012,-525576,-101.28
17433.012,-523859,-98.25
17434.012,-522012,-94.99
17435.012,-519268,-90.15
17436.012,-516312,-84.93
17437.012,-513724,-80.36
17438.012,-510819,-75.23
17439.012,-507870,-70.02
17440.012,-504282,-63.69
17441.012,-501227,-58.29
17442.012,-496782,-50.45
17443.012,-494300,-46.06
17444.012,-489780,-38.08
17445.012,-485064,-29.76
17446.012,-481854,-24.09
17447.012,-477439,-16.29
17448.012,-473186,-8.79
17449.012,-467904,0.54
17450.012,-464414,6.70
17451.012,-460069,14.37
17452.012,-456141,21.31
17453.012,-451386,29.70
17454.012,-447432,36.68
17455.012,-442691,45.05
17456.012,-439036,51.51
17457.012,-435742,57.32
17458.012,-431942,64.03
17459.012,-427974,71.04
17460.012,-424300,77.52
17461.012,-420265,84.65
17462.012,-417699,89.18
17463.012,-413612,96.39
17464.012,-411377,100.34
17465.012,-408835,104.83
17466.012,-406587,108.80
17467.012,-404720,112.09
17468.012,-402435,116.13
17469.012,-401336,118.07
17470.012,-399414,121.46
17471.012,-398967,122.25
17472.012,-398730,122.67
17473.012,-397125,125.50
17474.012,-398117,123.75
17475.012,-397068,125.60
17476.012,-398271,123.48
17477.012,-398929,122.32
17478.012,-400244,120.00
17479.012,-400876,118.88
17480.012,-402049,116.81
17481.012,-403556,114.15
17482.012,-406321,109.27
17483.012,-407403,107.36
17484.012,-410168,102.48
17485.012,-413211,97.10
17486.012,-415357,93.31
17487.012,-419339,86.28
17488.012,-422489,80.72
17491.082,-425487,75.43
17492.082,-428594,69.94
17493.082,-431446,64.91
17494.082,-435976,56.91
17495.082,-438462,52.52
17496.082,-443617,43.42
17497.082,-448149,35.42
17498.082,-450660,30.99
17499.082,-455229,22.92
17500.082,-458796,16.62
17501.082,-463732,7.91
17502.082,-467318,1.57
17503.082,-469968,-3.10
17504.082,-475569,-12.99
17505.082,-478903,-18.88
17506.082,-482625,-25.45
17507.082,-485606,-30.71
17508.082,-489714,-37.97
17509.082,-493788,-45.16
17510.082,-496088,-49.22
17511.082,-499824,-55.82
17512.082,-504060,-63.29
17513.082,-506423,-67.47
17514.082,-509132,-72.25
17515.082,-512177,-77.63
17516.082,-515408,-83.33
17517.082,-517357,-86.77
17518.082,-519894,-91.25
17519.082,-522828,-96.43
17520.082,-524299,-99.03
17521.082,-525136,-100.51
17522.082,-527069,-103.92
17523.082,-529142,-107.58
17524.082,-529620,-108.42
17525.082,-530443,-109.88
17526.082,-532264,-113.09
17527.082,-532768,-113.98
17528.082,-532759,-113.96
17529.082,-533927,-116.03
17530.082,-532991,-114.37
17531.082,-531713,-112.12
17532.082,-532324,-113.20
17533.082,-531271,-111.34
17534.082,-530176,-109.40
17535.082,-529092,-107.49
17536.082,-527799,-105.21
17537.082,-526441,-102.81
17538.082,-524636,-99.62
17539.082,-522374,-95.63
17540.082,-519879,-91.22
17541.082,-517805,-87.56
17542.082,-514265,-81.31
17543.082,-512015,-77.34
17544.082,-508266,-70.72
17545.082,-505546,-65.92
17546.082,-501594,-58.94
17547.082,-498641,-53.73
17548.082,-494470,-46.36
17549.082,-490583,-39.50
17550.082,-485756,-30.98
17551.082,-482524,-25.27
17552.082,-478725,-18.56
17553.082,-474448,-11.01
17554.082,-470170,-3.46
17555.082,-464994,5.68
17556.082,-460283,14.00
17557.082,-457406,19.07
17558.082,-452900,27.03
17559.082,-448320,35.12
17560.082,-444979,41.02
17561.082,-440742,48.50
17562.082,-436674,55.68
17563.082,-433078,62.03
17564.082,-428430,70.23
17565.082,-424272,77.57
17566.082,-421930,81.71
17567.082,-418901,87.06
17568.082,-415484,93.09
17569.082,-412663,98.07
17570.082,-410229,102.37
17571.082,-407163,107.78
17572.082,-404596,112.31
17573.082,-403326,114.56
17574.082,-402151,116.63
17575.082,-400280,119.93
17576.082,-400619,119.33
17577.082,-398533,123.02
17578.082,-397909,124.12
17579.082,-397838,124.24
17580.082,-397274,125.24
17581.082,-398342,123.35
17582.082,-399150,121.93
17583.082,-399750,120.87
17584.082,-399987,120.45
17585.082,-401637,117.54
17586.082,-403470,114.30
17587.082,-405678,110.40
17588.082,-407465,107.25
17589.082,-410735,101.47
17592.140,-412956,97.55
17593.140,-415477,93.10
17594.140,-417952,88.73
17595.140,-420772,83.75
17596.140,-424658,76.89
17597.140,-428185,70.67
17598.140,-431359,65.06
17599.140,-434890,58.83
17600.140,-438081,53.19
17601.140,-442039,46.21
17602.140,-445931,39.33
17603.140,-449737,32.61
17604.140,-454415,24.36
17605.140,-457710,18.54
17606.140,-461290,12.22
17607.140,-466336,3.31
17608.140,-468887,-1.20
17609.140,-473114,-8.66
17610.140,-478151,-17.55
17611.140,-481560,-23.57
17612.140,-484147,-28.14
17613.140,-489019,-36.74
17614.140,-492948,-43.68
17615.140,-496076,-49.20
17616.140,-499646,-55.50
17617.140,-501806,-59.32
17618.140,-505143,-65.21
17619.140,-508656,-71.41
17620.140,-511318,-76.11
17621.140,-514295,-81.37
17622.140,-516805,-85.80
17623.140,-519234,-90.09
17624.140,-521736,-94.50
17625.140,-523083,-96.88
17626.140,-524157,-98.78
17627.140,-527529,-104.73
17628.140,-527479,-104.64
17629.140,-530397,-109.79
17630.140,-530661,-110.26
17631.140,-532071,-112.75
17632.140,-532144,-112.88
17633.140,-532774,-113.99
17634.140,-533456,-115.19
17635.140,-532864,-114.15
17636.140,-531620,-111.95
17637.140,-532850,-114.12
17638.140,-530924,-110.72
17639.140,-529744,-108.64
17640.140,-529539,-108.28
17641.140,-527508,-104.69
17642.140,-527325,-104.37
17643.140,-524135,-98.74
17644.140,-523059,-96.84
17645.140,-520753,-92.77
17646.140,-518384,-88.58
17647.140,-514456,-81.65
17648.140,-513304,-79.62
17649.140,-510673,-74.97
17650.140,-507668,-69.66
17651.140,-503883,-62.98
17652.140,-499638,-55.49
17653.140,-495663,-48.47
17654.140,-492942,-43.67
17655.140,-488355,-35.57
17656.140,-484214,-28.26
17657.140,-479879,-20.60
17658.140,-475576,-13.01
17659.140,-471245,-5.36
17660.140,-468003,0.37
17661.140,-463047,9.12
17662.140,-458799,16.62
17663.140,-454549,24.12
17664.140,-450844,30.66
17665.140,-446128,38.99
17666.140,-441341,47.44
17667.140,-438289,52.83
17668.140,-433707,60.92
17669.140,-430058,67.36
17670.140,-426465,73.70
17671.140,-422625,80.48
17672.140,-419796,85.48
17673.140,-416326,91.60
17674.140,-414567,94.71
17675.140,-409927,102.90
17676.140,-407764,106.72
17677.140,-406132,109.60
17678.140,-404044,113.29
17679.140,-401024,118.62
17680.140,-399962,120.49
17681.140,-400038,120.36
17682.140,-398707,122.71
17683.140,-398288,123.45
17684.140,-397587,124.69
17685.140,-396306,126.95
17686.140,-397411,125.00
17687.140,-397744,124.41
17688.140,-399053,122.10
17689.140,-399910,120.59
17690.140,-401968,116.95
17693.170,-403208,114.76
17694.170,-404446,112.58
17695.170,-406835,108.36
17696.170,-409051,104.45
17697.170,-411245,100.57
17698.170,-414268,95.24
17699.170,-416986,90.44
17700.170,-419742,85.57
17701.170,-423058,79.72
17702.170,-426958,72.83
17703.170,-430619,66.37
17704.170,-434394,59.70
17705.170,-436035,56.81
17706.170,-440847,48.31
17707.170,-445120,40.77
17708.170,-449367,33.27
17709.170,-452240,28.20
17710.170,-456724,20.28
17711.170,-460490,13.63
17712.170,-464008,7.42
17713.170,-468834,-1.10
17714.170,-473002,-8.46
17715.170,-476601,-14.81
17716.170,-480499,-21.70
17717.170,-483054,-26.21
17718.170,-487792,-34.57
17719.170,-490979,-40.20
17720.170,-495194,-47.64
17721.170,-497347,-51.44
17722.170,-502510,-60.56
17723.170,-504508,-64.09
17724.170,-507043,-68.56
17725.170,-509538,-72.97
17726.170,-513592,-80.12
17727.170,-516445,-85.16
17728.170,-518176,-88.22
17729.170,-519526,-90.60
17730.170,-522353,-95.59
17731.170,-523985,-98.47
17732.170,-526849,-103.53
17733.170,-528044,-105.64
17734.170,-529912,-108.94
17735.170,-530574,-110.11
17736.170,-531307,-111.40
17737.170,-531667,-112.04
17738.170,-532430,-113.38
17739.170,-532762,-113.97
17740.170,-534302,-116.69
17741.170,-533971,-116.10
17742.170,-533435,-115.16
17743.170,-532631,-113.74
17744.170,-531488,-111.72
17745.170,-529445,-108.11
17746.170,-528179,-105.88
17747.170,-526306,-102.57
17748.170,-526367,-102.68
17749.170,-522930,-96.61
17750.170,-521038,-93.27
17751.170,-519477,-90.51
17752.170,-516775,-85.74
17753.170,-514785,-82.23
17754.170,-511241,-75.97
17755.170,-508315,-70.81
17756.170,-504297,-63.71
17757.170,-501898,-59.48
17758.170,-497390,-51.52
17759.170,-493409,-44.49
17760.170,-490482,-39.32
17761.170,-485631,-30.76
17762.170,-481358,-23.21
17763.170,-477041,-15.59
17764.170,-473790,-9.85
17765.170,-468892,-1.20
17766.170,-465071,5.54
17767.170,-459951,14.58
17768.170,-455419,22.58
17769.170,-451481,29.54
17770.170,-447808,36.02
17771.170,-443661,43.34
17772.170,-439778,50.20
17773.170,-435629,57.52
17774.170,-431419,64.96
17775.170,-427384,72.08
17776.170,-424767,76.70
17777.170,-420989,83.37
17778.170,-417925,88.78
17779.170,-413882,95.92
17780.170,-411412,100.28
17781.170,-408669,105.12
17782.170,-406514,108.93
17783.170,-404358,112.73
17784.170,-402048,116.81
17785.170,-401628,117.55
17786.170,-400555,119.45
17787.170,-399257,121.74
17788.170,-398388,123.27
17789.170,-398053,123.86
17790.170,-397745,124.41
17791.170,-398226,123.56
17794.218,-399198,121.84
17795.218,-399676,121.00
17796.218,-399859,120.68
17797.218,-401214,118.28
17798.218,-402991,115.15
17799.218,-404397,112.66
17800.218,-405652,110.45
17801.218,-408230,105.90
17802.218,-410624,101.67
17803.218,-413254,97.03
17804.218,-416456,91.37
17805.218,-419131,86.65
17806.218,-421683,82.15
17807.218,-425192,75.95
17808.218,-428050,70.90
17809.218,-432107,63.74
17810.218,-436325,56.29
17811.218,-440654,48.65
17812.218,-442664,45.10
17813.218,-448061,35.57
17814.218,-450806,30.73
17815.218,-455910,21.72
17816.218,-458817,16.58
17817.218,-462319,10.40
17818.218,-467160,1.85
17819.218,-471089,-5.08
17820.218,-474908,-11.83
17821.218,-478585,-18.32
17822.218,-481965,-24.29
17823.218,-486097,-31.58
17824.218,-490369,-39.12
17825.218,-492807,-43.43
17826.218,-497096,-51.00
17827.218,-500473,-56.96
17828.218,-503743,-62.74
17829.218,-505146,-65.21
17830.218,-508674,-71.44
17831.218,-512271,-77.79
17832.218,-514530,-81.78
17833.218,-517459,-86.95
17834.218,-519588,-90.71
17835.218,-522039,-95.04
17836.218,-524086,-98.65
17837.218,-526804,-103.45
17838.218,-527312,-104.35
17839.218,-528195,-105.91
17840.218,-529763,-108.67
17841.218,-531042,-110.93
17842.218,-532723,-113.90
17843.218,-532543,-113.58
17844.218,-532613,-113.71
17845.218,-533081,-114.53
17846.218,-532484,-113.48
17847.218,-532092,-112.79
17848.218,-531643,-111.99
17849.218,-531938,-112.51
17850.218,-529287,-107.83
17851.218,-528914,-107.18
17852.218,-527555,-104.78
17853.218,-526573,-103.04
17854.218,-524808,-99.93
17855.218,-522177,-95.28
17856.218,-520071,-91.56
17857.218,-517000,-86.14
17858.218,-514793,-82.24
17859.218,-512117,-77.52
17860.218,-508835,-71.73
17861.218,-505331,-65.54
17862.218,-503423,-62.17
17863.218,-498556,-53.58
17864.218,-495260,-47.76
17865.218,-492215,-42.38
17866.218,-487326,-33.75
17867.218,-483098,-26.29
17868.218,-479755,-20.38
17869.218,-474205,-10.58
17870.218,-469864,-2.92
17871.218,-465580,4.64
17872.218,-461556,11.75
17873.218,-457674,18.60
17874.218,-452838,27.14
17875.218,-449691,32.70
17876.218,-444765,41.39
17877.218,-440713,48.55
17878.218,-436462,56.05
17879.218,-433507,61.27
17880.218,-428800,69.58
17881.218,-425876,74.74
17882.218,-422257,81.13
17883.218,-418788,87.26
17884.218,-415697,92.71
17885.218,-412670,98.06
17886.218,-409374,103.88
17887.218,-407326,107.49
17888.218,-404682,112.16
17889.218,-404156,113.09
17890.218,-402348,116.28
17891.218,-400838,118.95
17892.218,-398346,123.35
17895.272,-398501,123.07
17896.272,-398429,123.20
17897.272,-397143,125.47
17898.272,-397284,125.22
17899.272,-398180,123.64
17900.272,-398721,122.69
17901.272,-399223,121.80
17902.272,-400560,119.44
17903.272,-401004,118.65
17904.272,-404182,113.04
17905.272,-404834,111.89
17906.272,-407347,107.46
17907.272,-409776,103.17
17908.272,-413178,97.16
17909.272,-414658,94.55
17910.272,-416494,91.31
17911.272,-421762,82.01
17912.272,-424562,77.06
17913.272,-426126,74.30
17914.272,-430860,65.94
17915.272,-435261,58.17
17916.272,-439276,51.08
17917.272,-442536,45.33
17918.272,-445392,40.29
17919.272,-449491,33.05
17920.272,-453634,25.73
17921.272,-457419,19.05
17922.272,-461282,12.23
17923.272,-465848,4.17
17924.272,-470206,-3.52
17925.272,-473439,-9.23
17926.272,-477013,-15.54
17927.272,-481482,-23.43
17928.272,-485166,-29.94
17929.272,-487577,-34.19
17930.272,-491748,-41.56
17931.272,-496534,-50.01
17932.272,-497822,-52.28
17933.272,-502335,-60.25
17934.272,-505606,-66.02
17935.272,-507481,-69.33
17936.272,-511023,-75.59
17937.272,-514527,-81.77
17938.272,-516599,-85.43
17939.272,-518387,-88.59
17940.272,-521154,-93.47
17941.272,-523291,-97.25
17942.272,-525773,-101.63
17943.272,-527364,-104.44
17944.272,-528418,-106.30
17945.272,-529358,-107.96
17946.272,-529833,-108.80
17947.272,-531595,-111.91
17948.272,-532321,-113.19
17949.272,-532541,-113.58
17950.272,-532944,-114.29
17951.272,-533205,-114.75
17952.272,-533393,-115.08
17953.272,-532685,-113.83
17954.272,-531664,-112.03
17955.272,-531263,-111.32
17956.272,-529161,-107.61
17957.272,-528270,-106.04
17958.272,-527474,-104.63
17959.272,-525016,-100.29
17960.272,-522505,-95.86
17961.272,-521125,-93.42
17962.272,-518512,-88.81
17963.272,-515756,-83.94
17964.272,-512883,-78.87
17965.272,-510447,-74.57
17966.272,-506373,-67.38
17967.272,-503578,-62.44
17968.272,-499359,-54.99
17969.272,-496621,-50.16
17970.272,-492694,-43.23
17971.272,-488145,-35.20
17972.272,-483577,-27.13
17973.272,-479698,-20.28
17974.272,-476204,-14.11
17975.272,-470978,-4.89
17976.272,-467962,0.44
17977.272,-462737,9.66
17978.272,-458921,16.40
17979.272,-454472,24.25
17980.272,-449802,32.50
17981.272,-445911,39.37
17982.272,-442235,45.86
17983.272,-438373,52.68
17984.272,-433900,60.58
17985.272,-431355,65.07
17986.272,-427054,72.66
17987.272,-423749,78.50
17988.272,-419849,85.38
17989.272,-416422,91.43
17990.272,-413482,96.62
17991.272,-410547,101.81
17992.272,-408032,106.25
17993.272,-405895,110.02
17996.333,-403982,113.40
17997.333,-401928,117.02
17998.333,-399935,120.54
17999.333,-398615,122.87
18000.333,-398790,122.56
18001.333,-397141,125.48
18002.333,-397430,124.96
18003.333,-397936,124.07
18004.333,-397321,125.16
18005.333,-397973,124.01
18006.333,-399853,120.69
18007.333,-400650,119.28
18008.333,-402111,116.70
18009.333,-402796,115.49
18010.333,-404963,111.67
18011.333,-407162,107.78
18012.333,-408110,106.11
18013.333,-411788,99.62
18014.333,-413535,96.53
18015.333,-417177,90.10
18016.333,-419982,85.15
18017.333,-423317,79.26
18018.333,-426463,73.71
18019.333,-430282,66.96
18020.333,-433060,62.06
18021.333,-437184,54.78
18022.333,-440888,48.24
18023.333,-444127,42.52
18024.333,-448109,35.49
18025.333,-453018,26.82
18026.333,-456380,20.89
18027.333,-460447,13.71
18028.333,-464181,7.11
18029.333,-468277,-0.12
18030.333,-471684,-6.13
18031.333,-476363,-14.39
18032.333,-479849,-20.55
18033.333,-483325,-26.69
18034.333,-486724,-32.69
18035.333,-491393,-40.93
18036.333,-494885,-47.10
18037.333,-497697,-52.06
18038.333,-501063,-58.00
18039.333,-504078,-63.33
18040.333,-507662,-69.65
18041.333,-509719,-73.29
18042.333,-513192,-79.42
18043.333,-515627,-83.72
18044.333,-518799,-89.32
18045.333,-519792,-91.07
18046.333,-522164,-95.26
18047.333,-524932,-100.15
18048.333,-526353,-102.65
18049.333,-528741,-106.87
18050.333,-530544,-110.05
18051.333,-530224,-109.49
18052.333,-530672,-110.28
18053.333,-531119,-111.07
18054.333,-533147,-114.65
18055.333,-532420,-113.37
18056.333,-533108,-114.58
18057.333,-532715,-113.89
18058.333,-532411,-113.35
18059.333,-531533,-111.80
18060.333,-531392,-111.55
18061.333,-530492,-109.96
18062.333,-529382,-108.00
18063.333,-527369,-104.45
18064.333,-525994,-102.02
18065.333,-523162,-97.02
18066.333,-521041,-93.28
18067.333,-518093,-88.07
18068.333,-516339,-84.97
18069.333,-513823,-80.53
18070.333,-510232,-74.19
18071.333,-507976,-70.21
18072.333,-504584,-64.22
18073.333,-500627,-57.23
18074.333,-497791,-52.23
18075.333,-493195,-44.11
18076.333,-489033,-36.76
18077.333,-485659,-30.81
18078.333,-482560,-25.34
18079.333,-477652,-16.67
18080.333,-472639,-7.82
18081.333,-468094,0.20
18082.333,-464937,5.78
18083.333,-460967,12.79
18084.333,-455662,22.15
18085.333,-451109,30.19
18086.333,-447328,36.87
18087.333,-442721,45.00
18088.333,-439410,50.85
18089.333,-435414,57.90
18090.333,-431128,65.47
18091.333,-427798,71.35
18092.333,-424984,76.32
18093.333,-421774,81.98
18094.333,-417972,88.70
18097.380,-415223,93.55
18098.380,-411036,100.94
18099.380,-409071,104.41
18100.380,-406495,108.96
18101.380,-404946,111.70
18102.380,-402689,115.68
18103.380,-400802,119.01
18104.380,-400121,120.21
18105.380,-398717,122.69
18106.380,-398041,123.89
18107.380,-398474,123.12
18108.380,-398376,123.29
18109.380,-397599,124.67
18110.380,-397970,124.01
18111.380,-398801,122.54
18112.380,-399949,120.52
18113.380,-402043,116.82
18114.380,-402431,116.14
18115.380,-403858,113.62
18116.380,-405646,110.46
18117.380,-408161,106.02
18118.380,-410320,102.21
18119.380,-413270,97.00
18120.380,-415777,92.57
18121.380,-418342,88.04
18122.380,-421885,81.79
18123.380,-424240,77.63
18124.380,-428217,70.61
18125.380,-432204,63.57
18126.380,-436138,56.62
18127.380,-438579,52.31
18128.380,-442518,45.36
18129.380,-446780,37.84
18130.380,-451209,30.02
18131.380,-455339,22.72
18132.380,-458315,17.47
18133.380,-462483,10.11
18134.380,-466733,2.61
18135.380,-470526,-4.09
18136.380,-474486,-11.08
18137.380,-478245,-17.72
18138.380,-482279,-24.84
18139.380,-486554,-32.39
18140.380,-489811,-38.14
18141.380,-492462,-42.82
18142.380,-497444,-51.61
18143.380,-500135,-56.37
18144.380,-503693,-62.65
18145.380,-506067,-66.84
18146.380,-509651,-73.17
18147.380,-511406,-76.26
18148.380,-514829,-82.31
18149.380,-517266,-86.61
18150.380,-519181,-89.99
18151.380,-522388,-95.65
18152.380,-524094,-98.67
18153.380,-525495,-101.14
18154.380,-527842,-105.28
18155.380,-529609,-108.40
18156.380,-530455,-109.90
18157.380,-530881,-110.65
18158.380,-532060,-112.73
18159.380,-532614,-113.71
18160.380,-533289,-114.90
18161.380,-533142,-114.64
18162.380,-533827,-115.85
18163.380,-533199,-114.74
18164.380,-531447,-111.65
18165.380,-530642,-110.23
18166.380,-529165,-107.62
18167.380,-528868,-107.09
18168.380,-528133,-105.80
18169.380,-526098,-102.20
18170.380,-524107,-98.69
18171.380,-522116,-95.17
18172.380,-519730,-90.96
18173.380,-517746,-87.46
18174.380,-515834,-84.08
18175.380,-512661,-78.48
18176.380,-510198,-74.13
18177.380,-506723,-68.00
18178.380,-502093,-59.82
18179.380,-498746,-53.91
18180.380,-495303,-47.83
18181.380,-492091,-42.16
18182.380,-488122,-35.16
18183.380,-483201,-26.47
18184.380,-479293,-19.57
18185.380,-475654,-13.14
18186.380,-469605,-2.46
18187.380,-466163,3.61
18188.380,-462347,10.35
18189.380,-457494,18.92
18190.380,-452756,27.28
18191.380,-449531,32.98
18192.380,-444554,41.77
18193.380,-441086,47.89
18194.380,-436123,56.65
18195.380,-433725,60.88
18198.458,-429921,67.60
18199.458,-426267,74.05
18200.458,-421964,81.65
18201.458,-419023,86.84
18202.458,-415855,92.43
18203.458,-411555,100.03
18204.458,-409432,103.77
18205.458,-406898,108.25
18206.458,-405200,111.25
18207.458,-403389,114.44
18208.458,-402033,116.84
18209.458,-400470,119.60
18210.458,-398873,122.42
18211.458,-397867,124.19
18212.458,-398023,123.92
18213.458,-396768,126.13
18214.458,-398425,123.21
18215.458,-397506,124.83
18216.458,-398549,122.99
18217.458,-399996,120.43
18218.458,-401049,118.58
18219.458,-401809,117.23
18220.458,-403618,114.04
18221.458,-404922,111.74
18222.458,-406434,109.07
18223.458,-409144,104.28
18224.458,-412073,99.11
18225.458,-414509,94.81
18226.458,-416159,91.90
18227.458,-421316,82.79
18228.458,-424136,77.81
18229.458,-427049,72.67
18230.458,-430818,66.02
18231.458,-434059,60.29
18232.458,-438275,52.85
18233.458,-442099,46.10
18234.458,-445411,40.25
18235.458,-449970,32.20
18236.458,-453025,26.81
18237.458,-457247,19.36
18238.458,-461359,12.10
18239.458,-464931,5.79
18240.458,-469694,-2.62
18241.458,-473014,-8.48
18242.458,-477065,-15.63
18243.458,-481332,-23.17
18244.458,-484737,-29.18
18245.458,-488661,-36.11
18246.458,-492647,-43.14
18247.458,-495450,-48.09
18248.458,-499070,-54.48
18249.458,-502840,-61.14
18250.458,-505166,-65.25
18251.458,-508272,-70.73
18252.458,-511169,-75.85
18253.458,-513215,-79.46
18254.458,-516125,-84.60
18255.458,-518583,-88.94
18256.458,-520530,-92.37
18257.458,-523914,-98.35
18258.458,-524721,-99.77
18259.458,-526862,-103.55
18260.458,-528659,-106.73
18261.458,-529796,-108.73
18262.458,-530429,-109.85
18263.458,-531724,-112.14
18264.458,-532497,-113.50
18265.458,-531915,-112.47
18266.458,-533430,-115.15
18267.458,-532880,-114.18
18268.458,-532471,-113.46
18269.458,-531396,-111.56
18270.458,-531418,-111.60
18271.458,-530925,-110.73
18272.458,-529566,-108.33
18273.458,-528499,-106.44
18274.458,-527578,-104.82
18275.458,-525597,-101.32
18276.458,-523695,-97.96
18277.458,-520527,-92.37
18278.458,-518912,-89.52
18279.458,-515281,-83.11
18280.458,-512780,-78.69
18281.458,-509666,-73.19
18282.458,-507065,-68.60
18283.458,-502983,-61.39
18284.458,-499450,-55.16
18285.458,-496496,-49.94
18286.458,-492180,-42.32
18287.458,-488877,-36.49
18288.458,-483976,-27.84
18289.458,-480814,-22.25
18290.458,-475319,-12.55
18291.458,-471477,-5.77
18292.458,-467412,1.41
18293.458,-463321,8.63
18294.458,-459454,15.46
18295.458,-455457,22.52
18296.458,-450024,32.11
18299.475,-446969,37.50
18300.475,-442657,45.11
18301.475,-438354,52.71
18302.475,-434731,59.11
18303.475,-430287,66.95
18304.475,-426840,73.04
18305.475,-424164,77.76
18306.475,-420183,84.79
18307.475,-416341,91.58
18308.475,-413925,95.84
18309.475,-410175,102.46
18310.475,-407490,107.20
18311.475,-406807,108.41
18312.475,-403936,113.48
18313.475,-402354,116.27
18314.475,-400816,118.99
18315.475,-400929,118.79
18316.475,-398540,123.01
18317.475,-397681,124.52
18318.475,-397176,125.41
18319.475,-397117,125.52
18320.475,-398620,122.86
18321.475,-398107,123.77
18322.475,-398993,122.21
18323.475,-400808,119.00
18324.475,-401120,118.45
18325.475,-402672,115.71
18326.475,-404073,113.24
18327.475,-407408,107.35
18328.475,-408602,105.24
18329.475,-411156,100.73
18330.475,-414530,94.77
18331.475,-416802,90.76
18332.475,-419390,86.19
18333.475,-423472,78.99
18334.475,-426597,73.47
18335.475,-428874,69.45
18336.475,-433258,61.71
18337.475,-437231,54.69
18338.475,-440468,48.98
18339.475,-444160,42.46
18340.475,-447530,36.51
18341.475,-451587,29.35
18342.475,-455805,21.90
18343.475,-460243,14.07
18344.475,-464085,7.28
18345.475,-467669,0.96
18346.475,-471748,-6.25
18347.475,-475182,-12.31
18348.475,-479710,-20.30
18349.475,-482777,-25.72
18350.475,-487308,-33.72
18351.475,-490624,-39.57
18352.475,-494292,-46.05
18353.475,-497755,-52.16
18354.475,-501480,-58.74
18355.475,-504992,-64.94
18356.475,-507597,-69.54
18357.475,-509117,-72.22
18358.475,-512848,-78.81
18359.475,-516026,-84.42
18360.475,-517398,-86.84
18361.475,-520146,-91.70
18362.475,-523258,-97.19
18363.475,-525036,-100.33
18364.475,-526945,-103.70
18365.475,-528186,-105.89
18366.475,-529277,-107.82
18367.475,-530370,-109.75
18368.475,-531631,-111.97
18369.475,-532305,-113.16
18370.475,-532049,-112.71
18371.475,-533071,-114.51
18372.475,-533477,-115.23
18373.475,-533578,-115.41
18374.475,-533397,-115.09
18375.475,-531875,-112.40
18376.475,-531147,-111.12
18377.475,-530718,-110.36
18378.475,-528298,-106.09
18379.475,-527137,-104.04
18380.475,-526443,-102.81
18381.475,-522872,-96.51
18382.475,-521170,-93.50
18383.475,-518768,-89.26
18384.475,-516538,-85.33
18385.475,-514077,-80.98
18386.475,-510892,-75.36
18387.475,-507634,-69.60
18388.475,-504774,-64.56
18389.475,-501386,-58.57
18390.475,-498010,-52.61
18391.475,-494597,-46.59
18392.475,-490889,-40.04
18393.475,-486381,-32.08
18394.475,-482128,-24.57
18395.475,-477334,-16.11
18396.475,-473460,-9.27
18397.475,-469408,-2.12
18398.475,-465212,5.29
18401.549,-460843,13.01
18402.549,-457608,18.72
18403.549,-452307,28.08
18404.549,-447324,36.87
18405.549,-443954,42.82
18406.549,-439939,49.91
18407.549,-436427,56.11
18408.549,-431067,65.58
18409.549,-429617,68.14
18410.549,-424416,77.32
18411.549,-421236,82.93
18412.549,-417596,89.36
18413.549,-414746,94.39
18414.549,-411879,99.45
18415.549,-409018,104.51
18416.549,-406133,109.60
18417.549,-404581,112.34
18418.549,-402927,115.26
18419.549,-401769,117.30
18420.549,-399625,121.09
18421.549,-399539,121.24
18422.549,-397942,124.06
18423.549,-397267,125.25
18424.549,-398125,123.74
18425.549,-396895,125.91
18426.549,-397808,124.30
18427.549,-399264,121.73
18428.549,-399474,121.36
18429.549,-400759,119.09
18430.549,-401309,118.12
18431.549,-403363,114.49
18432.549,-405690,110.38
18433.549,-407024,108.03
18434.549,-409646,103.40
18435.549,-413247,97.04
18436.549,-415603,92.88
18437.549,-419510,85.98
18438.549,-421848,81.85
18439.549,-424452,77.26
18440.549,-428278,70.50
18441.549,-431424,64.95
18442.549,-436262,56.41
18443.549,-438947,51.66
18444.549,-443843,43.02
18445.549,-447049,37.36
18446.549,-451228,29.98
18447.549,-454380,24.42
18448.549,-458104,17.84
18449.549,-462197,10.62
18450.549,-466061,3.79
18451.549,-469255,-1.85
18452.549,-473915,-10.07
18453.549,-477728,-16.80
18454.549,-481710,-23.83
18455.549,-485606,-30.71
18456.549,-489471,-37.54
18457.549,-493423,-44.51
18458.549,-495750,-48.62
18459.549,-499887,-55.93
18460.549,-503968,-63.13
18461.549,-506496,-67.60
18462.549,-509554,-72.99
18463.549,-512024,-77.36
18464.549,-515383,-83.29
18465.549,-516838,-85.85
18466.549,-518746,-89.22
18467.549,-521084,-93.35
18468.549,-523710,-97.99
18469.549,-526049,-102.12
18470.549,-527935,-105.45
18471.549,-528319,-106.13
18472.549,-529680,-108.53
18473.549,-531715,-112.12
18474.549,-530112,-109.29
18475.549,-533135,-114.63
18476.549,-532625,-113.73
18477.549,-532778,-114.00
18478.549,-533054,-114.48
18479.549,-533341,-114.99
18480.549,-531757,-112.19
18481.549,-531643,-111.99
18482.549,-530530,-110.03
18483.549,-528968,-107.27
18484.549,-527672,-104.98
18485.549,-526466,-102.85
18486.549,-524556,-99.48
18487.549,-522044,-95.05
18488.549,-520614,-92.52
18489.549,-518179,-88.22
18490.549,-515115,-82.81
18491.549,-512867,-78.84
18492.549,-510703,-75.02
18493.549,-505556,-65.94
18494.549,-502305,-60.20
18495.549,-498474,-53.43
18496.549,-495657,-48.46
18497.549,-492123,-42.22
18498.549,-487298,-33.70
18499.549,-483075,-26.24
18502.599,-480389,-21.50
18503.599,-473774,-9.82
18504.599,-470868,-4.69
18505.599,-467508,1.24
18506.599,-462339,10.37
18507.599,-457944,18.12
18508.599,-454567,24.09
18509.599,-449536,32.97
18510.599,-446350,38.59
18511.599,-441544,47.08
18512.599,-437117,54.90
18513.599,-433696,60.94
18514.599,-430263,67.00
18515.599,-425677,75.09
18516.599,-422804,80.17
18517.599,-419610,85.81
18518.599,-414729,94.42
18519.599,-413477,96.63
18520.599,-410127,102.55
18521.599,-407631,106.95
18522.599,-405251,111.16
18523.599,-403550,114.16
18524.599,-402446,116.11
18525.599,-400347,119.81
18526.599,-399354,121.57
18527.599,-398248,123.52
18528.599,-397648,124.58
18529.599,-398674,122.77
18530.599,-397464,124.90
18531.599,-397371,125.07
18532.599,-398198,123.61
18533.599,-399642,121.06
18534.599,-400322,119.86
18535.599,-401837,117.18
18536.599,-403517,114.22
18537.599,-405226,111.20
18538.599,-406291,109.32
18539.599,-408639,105.17
18540.599,-411091,100.85
18541.599,-414446,94.92
18542.599,-416632,91.06
18543.599,-420231,84.71
18544.599,-423081,79.68
18545.599,-426829,73.06
18546.599,-430174,67.15
18547.599,-433944,60.50
18548.599,-437244,54.67
18549.599,-441266,47.57
18550.599,-443681,43.31
18551.599,-449360,33.28
18552.599,-452494,27.75
18553.599,-457273,19.31
18554.599,-460673,13.31
18555.599,-464354,6.81
18556.599,-468478,-0.47
18557.599,-472100,-6.87
18558.599,-476344,-14.36
18559.599,-480368,-21.47
18560.599,-483461,-26.93
18561.599,-487751,-34.50
18562.599,-491383,-40.91
18563.599,-494663,-46.70
18564.599,-498687,-53.81
18565.599,-501667,-59.07
18566.599,-505558,-65.94
18567.599,-506725,-68.00
18568.599,-510261,-74.24
18569.599,-513348,-79.69
18570.599,-516104,-84.56
18571.599,-518346,-88.52
18572.599,-520441,-92.22
18573.599,-521374,-93.86
18574.599,-525531,-101.20
18575.599,-526708,-103.28
18576.599,-528630,-106.67
18577.599,-529572,-108.34
18578.599,-530043,-109.17
18579.599,-531177,-111.17
18580.599,-532428,-113.38
18581.599,-532203,-112.98
18582.599,-532559,-113.61
18583.599,-532949,-114.30
18584.599,-532315,-113.18
18585.599,-532490,-113.49
18586.599,-532065,-112.74
18587.599,-530288,-109.60
18588.599,-530339,-109.69
18589.599,-529302,-107.86
18590.599,-526751,-103.36
18591.599,-526102,-102.21
18592.599,-523223,-97.13
18593.599,-520687,-92.65
18594.599,-519034,-89.73
18595.599,-516042,-84.45
18596.599,-513994,-80.83
18597.599,-510676,-74.98
18598.599,-507512,-69.39
18599.599,-504842,-64.68
18600.599,-500330,-56.71
18603.655,-497344,-51.44
18604.655,-493534,-44.71
18605.655,-489478,-37.55
18606.655,-485670,-30.83
18607.655,-481441,-23.36
18608.655,-477646,-16.66
18609.655,-473083,-8.60
18610.655,-468956,-1.32
18611.655,-465744,4.35
18612.655,-459022,16.22
18613.655,-456801,20.14
18614.655,-452544,27.66
18615.655,-447281,36.95
18616.655,-443690,43.29
18617.655,-439067,51.45
18618.655,-436601,55.81
18619.655,-431792,64.30
18620.655,-428188,70.66
18621.655,-424381,77.38
18622.655,-420823,83.66
18623.655,-418293,88.13
18624.655,-414452,94.91
18625.655,-411012,100.99
18626.655,-407985,106.33
18627.655,-406320,109.27
18628.655,-404418,112.63
18629.655,-402716,115.63
18630.655,-400928,118.79
18631.655,-400353,119.80
18632.655,-398673,122.77
18633.655,-397674,124.53
18634.655,-397856,124.21
18635.655,-397590,124.68
18636.655,-397601,124.66
18637.655,-397582,124.70
18638.655,-398779,122.58
18639.655,-399306,121.65
18640.655,-401054,118.57
18641.655,-401768,117.31
18642.655,-403648,113.99
18643.655,-406322,109.27
18644.655,-407364,107.43
18645.655,-410464,101.95
18646.655,-413093,97.31
18647.655,-415988,92.20
18648.655,-417291,89.90
18649.655,-421756,82.02
18650.655,-425156,76.01
18651.655,-428575,69.98
18652.655,-431718,64.43
18653.655,-434663,59.23
18654.655,-440128,49.58
18655.655,-443314,43.95
18656.655,-448029,35.63
18657.655,-451134,30.15
18658.655,-454420,24.35
18659.655,-458199,17.67
18660.655,-461986,10.99
18661.655,-465987,3.92
18662.655,-469741,-2.70
18663.655,-474712,-11.48
18664.655,-478038,-17.35
18665.655,-481258,-23.04
18666.655,-485456,-30.45
18667.655,-489602,-37.77
18668.655,-493462,-44.58
18669.655,-496772,-50.43
18670.655,-499037,-54.43
18671.655,-501780,-59.27
18672.655,-506191,-67.06
18673.655,-508102,-70.43
18674.655,-511762,-76.89
18675.655,-514045,-80.92
18676.655,-516785,-85.76
18677.655,-518755,-89.24
18678.655,-521464,-94.02
18679.655,-523551,-97.71
18680.655,-525699,-101.50
18681.655,-527416,-104.53
18682.655,-528429,-106.32
18683.655,-530331,-109.68
18684.655,-531362,-111.50
18685.655,-531529,-111.79
18686.655,-531717,-112.12
18687.655,-533260,-114.85
18688.655,-533008,-114.40
18689.655,-533184,-114.71
18690.655,-532786,-114.01
18691.655,-531838,-112.34
18692.655,-530799,-110.50
18693.655,-530595,-110.14
18694.655,-528835,-107.04
18695.655,-528223,-105.96
18696.655,-525799,-101.68
18697.655,-525189,-100.60
18698.655,-522981,-96.70
18699.655,-520447,-92.23
18700.655,-517786,-87.53
18701.655,-515123,-82.83
18704.727,-513360,-79.71
18705.727,-509728,-73.30
18706.727,-505246,-65.39
18707.727,-503215,-61.80
18708.727,-499048,-54.45
18709.727,-495585,-48.33
18710.727,-491038,-40.30
18711.727,-487927,-34.81
18712.727,-482578,-25.37
18713.727,-479044,-19.13
18714.727,-475543,-12.95
18715.727,-471600,-5.99
18716.727,-466256,3.45
18717.727,-462593,9.92
18718.727,-457813,18.36
18719.727,-453389,26.17
18720.727,-449515,33.01
18721.727,-444749,41.42
18722.727,-442636,45.15
18723.727,-437773,53.74
18724.727,-432596,62.88
18725.727,-430612,66.38
18726.727,-426098,74.35
18727.727,-423268,79.35
18728.727,-419307,86.34
18729.727,-414900,94.12
18730.727,-412006,99.23
18731.727,-410164,102.48
18732.727,-408291,105.79
18733.727,-405772,110.24
18734.727,-403008,115.12
18735.727,-402262,116.43
18736.727,-401299,118.13
18737.727,-399402,121.48
18738.727,-399503,121.30
18739.727,-398057,123.86
18740.727,-397169,125.43
18741.727,-397665,124.55
18742.727,-397993,123.97
18743.727,-399425,121.44
18744.727,-398598,122.90
18745.727,-400852,118.92
18746.727,-401907,117.06
18747.727,-402428,116.14
18748.727,-404330,112.78
18749.727,-406547,108.87
18750.727,-409064,104.42
18751.727,-411029,100.96
18752.727,-413977,95.75
18753.727,-417566,89.41
18754.727,-419672,85.70
18755.727,-424136,77.81
18756.727,-427056,72.66
18757.727,-430268,66.99
18758.727,-433468,61.34
18759.727,-437034,55.04
18760.727,-440739,48.50
18761.727,-445652,39.83
18762.727,-449081,33.77
18763.727,-452966,26.91
18764.727,-457038,19.72
18765.727,-459700,15.02
18766.727,-464115,7.23
18767.727,-468426,-0.38
18768.727,-471963,-6.63
18769.727,-476065,-13.87
18770.727,-480593,-21.86
18771.727,-483934,-27.76
18772.727,-487711,-34.43
18773.727,-490288,-38.98
18774.727,-495202,-47.66
18775.727,-498899,-54.18
18776.727,-501847,-59.39
18777.727,-504890,-64.76
18778.727,-506882,-68.28
18779.727,-510094,-73.95
18780.727,-513631,-80.19
18781.727,-516369,-85.03
18782.727,-518107,-88.10
18783.727,-520971,-93.15
18784.727,-521554,-94.18
18785.727,-524310,-99.05
18786.727,-526713,-103.29
18787.727,-527890,-105.37
18788.727,-528946,-107.23
18789.727,-529986,-109.07
18790.727,-532414,-113.35
18791.727,-532032,-112.68
18792.727,-532385,-113.30
18793.727,-532648,-113.77
18794.727,-533430,-115.15
18795.727,-533319,-114.95
18796.727,-532467,-113.45
18797.727,-532755,-113.96
18798.727,-532009,-112.64
18799.727,-529977,-109.05
18800.727,-528824,-107.02
18801.727,-527235,-104.21
18802.727,-524642,-99.63
18805.745,-523197,-97.08
18806.745,-522847,-96.46
18807.745,-519398,-90.37
18808.745,-516479,-85.22
18809.745,-513116,-79.28
18810.745,-510769,-75.14
18811.745,-508605,-71.32
18812.745,-504720,-64.46
18813.745,-501282,-58.39
18814.745,-498324,-53.17
18815.745,-493844,-45.26
18816.745,-489708,-37.96
18817.745,-485577,-30.66
18818.745,-482114,-24.55
18819.745,-478182,-17.61
18820.745,-473132,-8.69
18821.745,-467718,0.87
18822.745,-464522,6.51
18823.745,-460787,13.11
18824.745,-455640,22.19
18825.745,-451647,29.24
18826.745,-447583,36.42
18827.745,-443520,43.59
18828.745,-439436,50.80
18829.745,-435606,57.56
18830.745,-432348,63.32
18831.745,-427750,71.43
18832.745,-424499,77.17
18833.745,-422592,80.54
18834.745,-417191,90.08
18835.745,-415006,93.93
18836.745,-411587,99.97
18837.745,-408528,105.37
18838.745,-406279,109.34
18839.745,-403952,113.45
18840.745,-403938,113.47
18841.745,-402062,116.79
18842.745,-400149,120.16
18843.745,-400066,120.31
18844.745,-399137,121.95
18845.745,-398001,123.96
18846.745,-397918,124.10
18847.745,-396887,125.92
18848.745,-397500,124.84
18849.745,-399154,121.92
18850.745,-400105,120.24
18851.745,-401457,117.85
18852.745,-402357,116.27
18853.745,-403607,114.06
18854.745,-405797,110.19
18855.745,-407671,106.88
18856.745,-409285,104.03
18857.745,-413259,97.02
18858.745,-415815,92.51
18859.745,-417750,89.09
18860.745,-420954,83.43
18861.745,-424724,76.78
18862.745,-428289,70.48
18863.745,-431432,64.93
18864.745,-435332,58.05
18865.745,-440099,49.63
18866.745,-442252,45.83
18867.745,-447325,36.87
18868.745,-451621,29.29
18869.745,-454903,23.49
18870.745,-458404,17.31
18871.745,-463476,8.36
18872.745,-465324,5.10
18873.745,-470639,-4.29
18874.745,-474695,-11.45
18875.745,-478205,-17.65
18876.745,-481353,-23.20
18877.745,-485190,-29.98
18878.745,-490125,-38.69
18879.745,-492828,-43.46
18880.745,-496267,-49.54
18881.745,-499938,-56.02
18882.745,-502844,-61.15
18883.745,-506017,-66.75
18884.745,-508338,-70.85
18885.745,-511818,-76.99
18886.745,-514229,-81.25
18887.745,-516642,-85.51
18888.745,-519294,-90.19
18889.745,-521435,-93.97
18890.745,-523210,-97.10
18891.745,-524884,-100.06
18892.745,-527019,-103.83
18893.745,-528489,-106.43
18894.745,-530382,-109.77
18895.745,-530386,-109.77
18896.745,-531350,-111.48
18897.745,-532403,-113.34
18898.745,-531917,-112.48
18899.745,-533714,-115.65
18900.745,-533597,-115.44
18901.745,-533093,-114.55
18902.745,-532086,-112.78
18903.745,-531247,-111.29
18906.840,-532160,-112.91
18907.840,-531117,-111.06
18908.840,-527713,-105.06
18909.840,-525894,-101.84
18910.840,-525633,-101.38
18911.840,-522882,-96.53
18912.840,-521396,-93.90
18913.840,-518422,-88.65
18914.840,-516389,-85.06
18915.840,-513033,-79.14
18916.840,-509415,-72.75
18917.840,-506409,-67.44
18918.840,-503592,-62.47
18919.840,-500348,-56.74
18920.840,-495282,-47.80
18921.840,-492311,-42.55
18922.840,-487911,-34.78
18923.840,-484046,-27.96
18924.840,-479288,-19.56
18925.840,-475623,-13.09
18926.840,-471435,-5.69
18927.840,-467542,1.18
18928.840,-464355,6.81
18929.840,-458670,16.84
18930.840,-453041,26.78
18931.840,-450717,30.88
18932.840,-446346,38.60
18933.840,-441363,47.40
18934.840,-437723,53.83
18935.840,-434403,59.69
18936.840,-430075,67.33
18937.840,-426225,74.13
18938.840,-423288,79.31
18939.840,-419299,86.35
18940.840,-416463,91.36
18941.840,-412812,97.81
18942.840,-410974,101.05
18943.840,-407210,107.70
18944.840,-406067,109.72
18945.840,-403796,113.73
18946.840,-401862,117.14
18947.840,-400194,120.08
18948.840,-399668,121.01
18949.840,-398819,122.51
18950.840,-398585,122.93
18951.840,-398298,123.43
18952.840,-397681,124.52
18953.840,-397651,124.57
18954.840,-397764,124.38
18955.840,-399268,121.72
18956.840,-401107,118.47
18957.840,-402019,116.86
18958.840,-403353,114.51
18959.840,-403944,113.46
18960.840,-406375,109.17
18961.840,-408939,104.65
18962.840,-410633,101.65
18963.840,-413928,95.84
18964.840,-416624,91.08
18965.840,-420519,84.20
18966.840,-422992,79.83
18967.840,-426952,72.84
18968.840,-429989,67.48
18969.840,-433076,62.03
18970.840,-437023,55.06
18971.840,-440671,48.62
18972.840,-444498,41.86
18973.840,-449289,33.41
18974.840,-453413,26.12
18975.840,-456598,20.50
18976.840,-460443,13.71
18977.840,-463690,7.98
18978.840,-468578,-0.65
18979.840,-471388,-5.61
18980.840,-476014,-13.78
18981.840,-479613,-20.13
18982.840,-483138,-26.36
18983.840,-487321,-33.74
18984.840,-491409,-40.96
18985.840,-493901,-45.36
18986.840,-497673,-52.02
18987.840,-501056,-57.99
18988.840,-504332,-63.77
18989.840,-507909,-70.09
18990.840,-510121,-74.00
18991.840,-513073,-79.21
18992.840,-514955,-82.53
18993.840,-517775,-87.51
18994.840,-520779,-92.81
18995.840,-521738,-94.51
18996.840,-524120,-98.71
18997.840,-526413,-102.76
18998.840,-528054,-105.66
18999.840,-528660,-106.73
19000.840,-530726,-110.37
19001.840,-531956,-112.55
19002.840,-533096,-114.56
19003.840,-533358,-115.02
19004.840,-532763,-113.97
19007.886,-533610,-115.47
19008.886,-532811,-114.06
19009.886,-532381,-113.30
19010.886,-531549,-111.83
19011.886,-531950,-112.54
19012.886,-530521,-110.01
19013.886,-528438,-106.34
19014.886,-528508,-106.46
19015.886,-525914,-101.88
19016.886,-524028,-98.55
19017.886,-521242,-93.63
19018.886,-519918,-91.29
19019.886,-516814,-85.81
19020.886,-514284,-81.35
19021.886,-511815,-76.99
19022.886,-507278,-68.98
19023.886,-504515,-64.10
19024.886,-501912,-59.50
19025.886,-497669,-52.01
19026.886,-494344,-46.14
19027.886,-489604,-37.77
19028.886,-485812,-31.08
19029.886,-482425,-25.10
19030.886,-477686,-16.73
19031.886,-473614,-9.54
19032.886,-470527,-4.09
19033.886,-464663,6.26
19034.886,-461134,12.49
19035.886,-456502,20.67
19036.886,-452204,28.26
19037.886,-448770,34.32
19038.886,-444343,42.14
19039.886,-440433,49.04
19040.886,-435836,57.16
19041.886,-432069,63.81
19042.886,-428165,70.70
19043.886,-424656,76.90
19044.886,-421764,82.00
19045.886,-417260,89.95
19046.886,-415353,93.32
19047.886,-412036,99.18
19048.886,-410003,102.77
19049.886,-407185,107.74
19050.886,-404149,113.10
19051.886,-402887,115.33
19052.886,-401430,117.90
19053.886,-400301,119.90
19054.886,-398594,122.91
19055.886,-397924,124.09
19056.886,-397873,124.18
19057.886,-398287,123.45
19058.886,-397433,124.96
19059.886,-397193,125.38
19060.886,-398920,122.33
19061.886,-399658,121.03
19062.886,-400371,119.77
19063.886,-402032,116.84
19064.886,-404040,113.29
19065.886,-405879,110.05
19066.886,-406934,108.19
19067.886,-410361,102.13
19068.886,-413081,97.33
19069.886,-415701,92.71
19070.886,-419236,86.47
19071.886,-421774,81.98
19072.886,-425480,75.44
19073.886,-428256,70.54
19074.886,-431683,64.49
19075.886,-435234,58.22
19076.886,-439184,51.25
19077.886,-442961,44.58
19078.886,-446584,38.18
19079.886,-450091,31.99
19080.886,-453305,26.32
19081.886,-457792,18.39
19082.886,-461215,12.35
19083.886,-466006,3.89
19084.886,-470326,-3.74
19085.886,-473258,-8.91
19086.886,-478887,-18.85
19087.886,-481125,-22.80
19088.886,-485988,-31.39
19089.886,-488759,-36.28
19090.886,-492710,-43.26
19091.886,-496541,-50.02
19092.886,-499421,-55.10
19093.886,-502318,-60.22
19094.886,-504779,-64.56
19095.886,-507829,-69.95
19096.886,-511200,-75.90
19097.886,-514221,-81.23
19098.886,-516297,-84.90
19099.886,-518592,-88.95
19100.886,-521163,-93.49
19101.886,-524355,-99.13
19102.886,-524911,-100.11
19103.886,-525942,-101.93
19104.886,-529185,-107.65
19105.886,-529706,-108.57
19108.906,-531713,-112.12
19109.906,-531052,-110.95
19110.906,-534303,-116.69
19111.906,-533709,-115.64
19112.906,-535253,-118.37
19113.906,-534211,-116.53
19114.906,-532643,-113.76
19115.906,-538118,-123.43
19116.906,-534644,-117.29
19117.906,-531133,-111.09
19118.906,-528911,-107.17
19119.906,-528469,-106.39
19120.906,-527178,-104.11
19121.906,-525242,-100.69
19122.906,-523225,-97.13
19123.906,-520612,-92.52
19124.906,-519226,-90.07
19125.906,-515652,-83.76
19126.906,-512719,-78.58
19127.906,-512908,-78.92
19128.906,-507659,-69.65
19129.906,-503152,-61.69
19130.906,-500416,-56.86
19131.906,-496219,-49.45
19132.906,-492677,-43.20
19133.906,-488933,-36.59
19134.906,-483209,-26.48
19135.906,-480085,-20.97
19136.906,-475451,-12.78
19137.906,-471044,-5.00
19138.906,-467545,1.17
19139.906,-462303,10.43
19140.906,-458863,16.50
19141.906,-454361,24.45
19142.906,-448876,34.13
19143.906,-446212,38.84
19144.906,-441184,47.72
19145.906,-438475,52.50
19146.906,-433687,60.95
19147.906,-430047,67.38
19148.906,-426592,73.48
19149.906,-422502,80.70
19150.906,-419556,85.90
19151.906,-416131,91.95
19152.906,-412354,98.62
19153.906,-410668,101.59
19154.906,-408408,105.58
19155.906,-405167,111.30
19156.906,-403593,114.08
19157.906,-401842,117.18
19158.906,-401134,118.43
19159.906,-398837,122.48
19160.906,-398528,123.03
19161.906,-398108,123.77
19162.906,-398406,123.24
19163.906,-397835,124.25
19164.906,-397483,124.87
19165.906,-398665,122.78
19166.906,-399268,121.72
19167.906,-400677,119.23
19168.906,-401699,117.43
19169.906,-402890,115.32
19170.906,-405307,111.06
19171.906,-407405,107.35
19172.906,-408851,104.80
19173.906,-410870,101.24
19174.906,-414802,94.29
19175.906,-416540,91.23
19176.906,-420627,84.01
19177.906,-422223,81.19
19178.906,-426667,73.35
19179.906,-429183,68.90
19180.906,-433479,61.32
19181.906,-436258,56.41
19182.906,-440066,49.69
19183.906,-444710,41.49
19184.906,-448344,35.07
19185.906,-452685,27.41
19186.906,-456267,21.09
19187.906,-459677,15.07
19188.906,-464146,7.18
19189.906,-467850,0.64
19190.906,-471250,-5.37
19191.906,-474837,-11.70
19192.906,-479672,-20.24
19193.906,-483319,-26.68
19194.906,-486683,-32.61
19195.906,-490511,-39.37
19196.906,-494347,-46.15
19197.906,-497332,-51.42
19198.906,-500015,-56.15
19199.906,-504353,-63.81
19200.906,-506769,-68.08
19201.906,-509691,-73.24
19202.906,-513278,-79.57
19203.906,-514956,-82.53
19204.906,-517863,-87.66
19205.906,-520794,-92.84
19206.906,-523511,-97.64
19209.959,-525080,-100.41
19210.959,-526890,-103.60
19211.959,-528669,-106.74
19212.959,-529205,-107.69
19213.959,-530157,-109.37
19214.959,-530836,-110.57
19215.959,-533197,-114.74
19216.959,-532639,-113.75
19217.959,-533319,-114.95
19218.959,-532949,-114.30
19219.959,-532130,-112.85
19220.959,-532812,-114.06
19221.959,-531311,-111.41
19222.959,-530602,-110.16
19223.959,-531066,-110.97
19224.959,-528863,-107.09
19225.959,-527145,-104.05
19226.959,-524985,-100.24
19227.959,-523792,-98.13
19228.959,-521680,-94.40
19229.959,-518844,-89.40
19230.959,-516706,-85.62
19231.959,-513883,-80.64
19232.959,-511309,-76.09
19233.959,-507703,-69.73
19234.959,-505170,-65.25
19235.959,-502463,-60.48
19236.959,-497333,-51.42
19237.959,-494173,-45.84
19238.959,-490468,-39.30
19239.959,-486129,-31.64
19240.959,-482553,-25.32
19241.959,-477364,-16.16
19242.959,-473897,-10.04
19243.959,-469290,-1.91
19244.959,-465118,5.46
19245.959,-459987,14.52
19246.959,-457016,19.76
19247.959,-452545,27.66
19248.959,-448636,34.56
19249.959,-444760,41.40
19250.959,-439729,50.28
19251.959,-435566,57.63
19252.959,-432854,62.42
19253.959,-428847,69.50
19254.959,-424066,77.94
19255.959,-421558,82.37
19256.959,-417402,89.70
19257.959,-415013,93.92
19258.959,-412148,98.98
19259.959,-409049,104.45
19260.959,-406643,108.70
19261.959,-404505,112.47
19262.959,-403044,115.05
19263.959,-400815,118.99
19264.959,-399801,120.78
19265.959,-399174,121.89
19266.959,-398394,123.26
19267.959,-398470,123.13
19268.959,-397508,124.83
19269.959,-398375,123.30
19270.959,-398821,122.51
19271.959,-399321,121.63
19272.959,-399672,121.01
19273.959,-400675,119.24
19274.959,-402582,115.87
19275.959,-403668,113.95
19276.959,-405944,109.93
19277.959,-408598,105.25
19278.959,-410583,101.74
19279.959,-413034,97.42
19280.959,-415509,93.05
19281.959,-417686,89.20
19282.959,-421681,82.15
19283.959,-424936,76.40
19284.959,-427567,71.76
19285.959,-430932,65.82
19286.959,-434920,58.77
19287.959,-438393,52.64
19288.959,-443369,43.86
19289.959,-446944,37.55
19290.959,-450400,31.44
19291.959,-455258,22.87
19292.959,-458174,17.72
19293.959,-461088,12.57
19294.959,-466146,3.64
19295.959,-469906,-2.99
19296.959,-473339,-9.06
19297.959,-477477,-16.36
19298.959,-481412,-23.31
19299.959,-484863,-29.40
19300.959,-490088,-38.63
19301.959,-492057,-42.10
19302.959,-495823,-48.75
19303.959,-499744,-55.67
19304.959,-502873,-61.20
19305.959,-506237,-67.14
19306.959,-507552,-69.46
19307.959,-511555,-76.53
19310.998,-514364,-81.49
19311.998,-516167,-84.67
19312.998,-518815,-89.35
19313.998,-520477,-92.28
19314.998,-523888,-98.30
19315.998,-525708,-101.52
19316.998,-526510,-102.93
19317.998,-529131,-107.56
19318.998,-529316,-107.89
19319.998,-531018,-110.89
19320.998,-531490,-111.72
19321.998,-533025,-114.43
19322.998,-532086,-112.78
19323.998,-534074,-116.29
19324.998,-533605,-115.46
19325.998,-532957,-114.31
19326.998,-532602,-113.69
19327.998,-532244,-113.05
19328.998,-530118,-109.30
19329.998,-530014,-109.12
19330.998,-527558,-104.78
19331.998,-525495,-101.14
19332.998,-524167,-98.79
19333.998,-522594,-96.02
19334.998,-520599,-92.50
19335.998,-518368,-88.56
19336.998,-515677,-83.81
19337.998,-512695,-78.54
19338.998,-510373,-74.44
19339.998,-506428,-67.48
19340.998,-503063,-61.53
19341.998,-500399,-56.83
19342.998,-496546,-50.03
19343.998,-491843,-41.73
19344.998,-487992,-34.93
19345.998,-483830,-27.58
19346.998,-479343,-19.66
19347.998,-474763,-11.57
19348.998,-471762,-6.27
19349.998,-467065,2.02
19350.998,-463274,8.71
19351.998,-458069,17.90
19352.998,-454664,23.92
19353.998,-450531,31.21
19354.998,-446166,38.92
19355.998,-442593,45.23
19356.998,-438511,52.43
19357.998,-434691,59.18
19358.998,-430443,66.68
19359.998,-426431,73.76
19360.998,-422546,80.62
19361.998,-419745,85.57
19362.998,-416736,90.88
19363.998,-413186,97.15
19364.998,-410428,102.02
19365.998,-407362,107.43
19366.998,-405985,109.86
19367.998,-403481,114.28
19368.998,-401551,117.69
19369.998,-400274,119.94
19370.998,-399724,120.91
19371.998,-398926,122.32
19372.998,-397895,124.14
19373.998,-397386,125.04
19374.998,-398462,123.14
19375.998,-397391,125.03
19376.998,-398735,122.66
19377.998,-398960,122.26
19378.998,-400543,119.47
19379.998,-401025,118.62
19380.998,-403103,114.95
19381.998,-404951,111.69
19382.998,-406830,108.37
19383.998,-409111,104.34
19384.998,-410762,101.43
19385.998,-413945,95.81
19386.998,-415851,92.44
19387.998,-420307,84.57
19388.998,-423407,79.10
19389.998,-426203,74.16
19390.998,-429330,68.64
19391.998,-433729,60.88
19392.998,-436988,55.12
19393.998,-440956,48.12
19394.998,-444681,41.54
19395.998,-448172,35.38
19396.998,-451506,29.49
19397.998,-456413,20.83
19398.998,-459776,14.89
19399.998,-464207,7.07
19400.998,-468364,-0.27
19401.998,-472079,-6.83
19402.998,-476080,-13.89
19403.998,-479739,-20.36
19404.998,-484250,-28.32
19405.998,-486579,-32.43
19406.998,-491455,-41.04
19407.998,-494711,-46.79
19408.998,-498187,-52.93
19412.089,-501126,-58.11
19413.089,-504632,-64.30
19414.089,-507998,-70.25
19415.089,-509095,-72.18
19416.089,-512143,-77.57
19417.089,-515436,-83.38
19418.089,-518214,-88.28
19419.089,-519973,-91.39
19420.089,-523052,-96.83
19421.089,-524506,-99.39
19422.089,-527159,-104.08
19423.089,-527013,-103.82
19424.089,-529241,-107.75
19425.089,-531047,-110.94
19426.089,-531734,-112.15
19427.089,-532202,-112.98
19428.089,-532445,-113.41
19429.089,-533424,-115.14
19430.089,-533433,-115.15
19431.089,-532566,-113.62
19432.089,-533277,-114.88
19433.089,-531892,-112.43
19434.089,-530567,-110.09
19435.089,-530327,-109.67
19436.089,-528602,-106.62
19437.089,-527461,-104.61
19438.089,-525266,-100.73
19439.089,-524335,-99.09
19440.089,-522319,-95.53
19441.089,-518585,-88.94
19442.089,-517192,-86.48
19443.089,-514570,-81.85
19444.089,-511138,-75.79
19445.089,-508397,-70.95
19446.089,-505595,-66.00
19447.089,-501182,-58.21
19448.089,-498414,-53.33
19449.089,-494626,-46.64
19450.089,-491335,-40.83
19451.089,-485819,-31.09
19452.089,-482132,-24.58
19453.089,-477385,-16.20
19454.089,-473241,-8.88
19455.089,-469392,-2.09
19456.089,-465146,5.41
19457.089,-460970,12.78
19458.089,-455970,21.61
19459.089,-451415,29.65
19460.089,-447957,35.76
19461.089,-443521,43.59
19462.089,-439740,50.26
19463.089,-436208,56.50
19464.089,-431664,64.52
19465.089,-427944,71.09
19466.089,-424918,76.43
19467.089,-421021,83.31
19468.089,-417514,89.51
19469.089,-414328,95.13
19470.089,-412213,98.86
19471.089,-408315,105.75
19472.089,-407138,107.82
19473.089,-404151,113.10
19474.089,-402012,116.88
19475.089,-401180,118.34
19476.089,-400762,119.08
19477.089,-398922,122.33
19478.089,-398027,123.91
19479.089,-397558,124.74
19480.089,-397865,124.20
19481.089,-397048,125.64
19482.089,-398525,123.03
19483.089,-398844,122.47
19484.089,-399671,121.01
19485.089,-400805,119.01
19486.089,-402220,116.51
19487.089,-403953,113.45
19488.089,-405452,110.80
19489.089,-407678,106.87
19490.089,-410014,102.75
19491.089,-413121,97.26
19492.089,-416309,91.63
19493.089,-417884,88.85
19494.089,-421354,82.73
19495.089,-424193,77.71
19496.089,-427867,71.23
19497.089,-431612,64.62
19498.089,-434841,58.91
19499.089,-438293,52.82
19500.089,-442186,45.95
19501.089,-446519,38.30
19502.089,-451087,30.23
19503.089,-454731,23.80
19504.089,-458267,17.55
19505.089,-461945,11.06
19506.089,-465829,4.20
19507.089,-470347,-3.77
19508.089,-474326,-10.80
19509.089,-478015,-17.31
19510.089,-482504,-25.24
19513.111,-486367,-32.06
19514.111,-489453,-37.51
19515.111,-491948,-41.91
19516.111,-495756,-48.63
19517.111,-498643,-53.73
19518.111,-503201,-61.78
19519.111,-505720,-66.23
19520.111,-508033,-70.31
19521.111,-511085,-75.70
19522.111,-514172,-81.15
19523.111,-516717,-85.64
19524.111,-518890,-89.48
19525.111,-522548,-95.94
19526.111,-523914,-98.35
19527.111,-524873,-100.04
19528.111,-526995,-103.79
19529.111,-528885,-107.12
19530.111,-530401,-109.80
19531.111,-529823,-108.78
19532.111,-531715,-112.12
19533.111,-532391,-113.31
19534.111,-532756,-113.96
19535.111,-533198,-114.74
19536.111,-532364,-113.27
19537.111,-533022,-114.43
19538.111,-531641,-111.99
19539.111,-531024,-110.90
19540.111,-531009,-110.87
19541.111,-529578,-108.35
19542.111,-528375,-106.22
19543.111,-525689,-101.48
19544.111,-524053,-98.59
19545.111,-522230,-95.37
19546.111,-520857,-92.95
19547.111,-517083,-86.29
19548.111,-515302,-83.14
19549.111,-513119,-79.29
19550.111,-509561,-73.01
19551.111,-506276,-67.21
19552.111,-502974,-61.38
19553.111,-500159,-56.41
19554.111,-496969,-50.78
19555.111,-491772,-41.60
19556.111,-488222,-35.33
19557.111,-483927,-27.75
19558.111,-478885,-18.85
19559.111,-474960,-11.92
19560.111,-470944,-4.83
19561.111,-467500,1.25
19562.111,-463382,8.52
19563.111,-458284,17.52
19564.111,-453136,26.61
19565.111,-450143,31.90
19566.111,-446555,38.23
19567.111,-441282,47.54
19568.111,-437835,53.63
19569.111,-434442,59.62
19570.111,-430089,67.30
19571.111,-426539,73.57
19572.111,-422880,80.03
19573.111,-420269,84.64
19574.111,-415912,92.33
19575.111,-412492,98.37
19576.111,-410450,101.98
19577.111,-407292,107.55
19578.111,-405687,110.39
19579.111,-403412,114.40
19580.111,-403276,114.64
19581.111,-400008,120.41
19582.111,-400130,120.20
19583.111,-399414,121.46
19584.111,-398271,123.48
19585.111,-397638,124.60
19586.111,-398139,123.71
19587.111,-398139,123.71
19588.111,-398321,123.39
19589.111,-398629,122.85
19590.111,-399748,120.87
19591.111,-401567,117.66
19592.111,-403677,113.94
19593.111,-405029,111.55
19594.111,-407724,106.79
19595.111,-408856,104.79
19596.111,-412061,99.13
19597.111,-413563,96.48
19598.111,-416130,91.95
19599.111,-419410,86.16
19600.111,-423192,79.48
19601.111,-427021,72.72
19602.111,-430500,66.58
19603.111,-433135,61.93
19604.111,-437665,53.93
19605.111,-441458,47.23
19606.111,-444803,41.33
19607.111,-449087,33.76
19608.111,-451678,29.19
19609.111,-456332,20.97
19610.111,-460531,13.56
19611.111,-464324,6.86
19614.164,-469312,-1.95
19615.164,-471662,-6.09
19616.164,-474723,-11.50
19617.164,-480051,-20.91
19618.164,-483095,-26.28
19619.164,-486997,-33.17
19620.164,-490796,-39.88
19621.164,-493963,-45.47
19622.164,-497499,-51.71
19623.164,-501311,-58.44
19624.164,-503619,-62.52
19625.164,-507314,-69.04
19626.164,-509289,-72.53
19627.164,-512560,-78.30
19628.164,-515437,-83.38
19629.164,-517453,-86.94
19630.164,-521889,-94.77
19631.164,-523149,-97.00
19632.164,-525359,-100.90
19633.164,-526192,-102.37
19634.164,-527769,-105.15
19635.164,-529064,-107.44
19636.164,-530944,-110.76
19637.164,-530784,-110.48
19638.164,-532620,-113.72
19639.164,-533323,-114.96
19640.164,-534027,-116.20
19641.164,-532916,-114.24
19642.164,-533956,-116.08
19643.164,-532850,-114.12
19644.164,-531601,-111.92
19645.164,-531219,-111.25
19646.164,-530606,-110.16
19647.164,-528063,-105.67
19648.164,-526596,-103.08
19649.164,-525195,-100.61
19650.164,-524324,-99.07
19651.164,-521360,-93.84
19652.164,-518380,-88.58
19653.164,-517724,-87.42
19654.164,-513592,-80.12
19655.164,-511407,-76.27
19656.164,-507643,-69.62
19657.164,-504473,-64.02
19658.164,-501025,-57.94
19659.164,-496783,-50.45
19660.164,-493865,-45.30
19661.164,-490682,-39.68
19662.164,-485928,-31.28
19663.164,-481511,-23.48
19664.164,-477435,-16.29
19665.164,-473203,-8.82
19666.164,-468489,-0.49
19667.164,-465595,4.62
19668.164,-459895,14.68
19669.164,-456461,20.74
19670.164,-451446,29.60
19671.164,-447131,37.22
19672.164,-443583,43.48
19673.164,-439757,50.23
19674.164,-435961,56.94
19675.164,-432449,63.14
19676.164,-429025,69.18
19677.164,-424952,76.37
19678.164,-421247,82.91
19679.164,-417841,88.93
19680.164,-414365,95.07
19681.164,-412608,98.17
19682.164,-409163,104.25
19683.164,-406323,109.26
19684.164,-404076,113.23
19685.164,-402448,116.11
19686.164,-400856,118.92
19687.164,-400062,120.32
19688.164,-398013,123.94
19689.164,-397308,125.18
19690.164,-398284,123.46
19691.164,-397826,124.27
19692.164,-396785,126.10
19693.164,-398016,123.93
19694.164,-398881,122.40
19695.164,-399095,122.03
19696.164,-400815,118.99
19697.164,-401886,117.10
19698.164,-403726,113.85
19699.164,-405370,110.95
19700.164,-407648,106.92
19701.164,-410304,102.24
19702.164,-412803,97.82
19703.164,-416236,91.76
19704.164,-418600,87.59
19705.164,-421442,82.57
19706.164,-425708,75.04
19707.164,-427947,71.09
19708.164,-431569,64.69
19709.164,-434932,58.75
19710.164,-439470,50.74
19711.164,-443521,43.59
19712.164,-447973,35.73
19715.214,-451881,28.83
19716.214,-455523,22.40
19717.214,-458562,17.03
19718.214,-462730,9.68
19719.214,-466320,3.34
19720.214,-470656,-4.32
19721.214,-474504,-11.11
19722.214,-478908,-18.89
19723.214,-482337,-24.94
19724.214,-485084,-29.79
19725.214,-489514,-37.61
19726.214,-493609,-44.84
19727.214,-498212,-52.97
19728.214,-500511,-57.03
19729.214,-503951,-63.10
19730.214,-506005,-66.73
19731.214,-508744,-71.56
19732.214,-511616,-76.64
19733.214,-514808,-82.27
19734.214,-516939,-86.03
19735.214,-519823,-91.12
19736.214,-522287,-95.48
19737.214,-523100,-96.91
19738.214,-525999,-102.03
19739.214,-528105,-105.75
19740.214,-528889,-107.13
19741.214,-529524,-108.25
19742.214,-530913,-110.70
19743.214,-531634,-111.98
19744.214,-533480,-115.24
19745.214,-533147,-114.65
19746.214,-533650,-115.54
19747.214,-534271,-116.63
19748.214,-531575,-111.87
19749.214,-532118,-112.83
19750.214,-531632,-111.97
19751.214,-530216,-109.47
19752.214,-529512,-108.23
19753.214,-527826,-105.25
19754.214,-526830,-103.50
19755.214,-524041,-98.57
19756.214,-522694,-96.19
19757.214,-519817,-91.11
19758.214,-517420,-86.88
19759.214,-514833,-82.31
19760.214,-512414,-78.04
19761.214,-510403,-74.49
19762.214,-505822,-66.41
19763.214,-502060,-59.76
19764.214,-499261,-54.82
19765.214,-496194,-49.41
19766.214,-492160,-42.28
19767.214,-487816,-34.62
19768.214,-483538,-27.06
19769.214,-479668,-20.23
19770.214,-475067,-12.11
19771.214,-470935,-4.81
19772.214,-466935,2.25
19773.214,-461459,11.92
19774.214,-458458,17.22
19775.214,-453729,25.57
19776.214,-449459,33.11
19777.214,-445415,40.25
19778.214,-441300,47.51
19779.214,-436769,55.51
19780.214,-433433,61.40
19781.214,-430010,67.44
19782.214,-426396,73.82
19783.214,-423099,79.65
19784.214,-419407,86.16
19785.214,-416033,92.12
19786.214,-413931,95.83
19787.214,-409586,103.50
19788.214,-408009,106.29
19789.214,-405815,110.16
19790.214,-403248,114.69
19791.214,-402535,115.95
19792.214,-400473,119.59
19793.214,-400197,120.08
19794.214,-398534,123.02
19795.214,-397823,124.27
19796.214,-396573,126.48
19797.214,-397981,123.99
19798.214,-398214,123.58
19799.214,-398299,123.43
19800.214,-399739,120.89
19801.214,-399900,120.60
19802.214,-401666,117.49
19803.214,-403371,114.48
19804.214,-404880,111.81
19805.214,-406506,108.94
19806.214,-409164,104.25
19807.214,-411272,100.53
19808.214,-414717,94.44
19809.214,-417275,89.93
19810.214,-421050,83.26
19811.214,-423374,79.16
19812.214,-427007,72.75
19813.214,-430516,66.55
19816.295,-434053,60.31
19817.295,-437591,54.06
19818.295,-441537,47.09
19819.295,-444364,42.10
19820.295,-449763,32.57
19821.295,-452396,27.92
19822.295,-456933,19.91
19823.295,-461204,12.37
19824.295,-464979,5.70
19825.295,-469381,-2.07
19826.295,-472170,-6.99
19827.295,-476378,-14.42
19828.295,-480470,-21.65
19829.295,-483347,-26.73
19830.295,-487616,-34.26
19831.295,-492046,-42.08
19832.295,-496204,-49.42
19833.295,-498684,-53.80
19834.295,-501813,-59.33
19835.295,-504077,-63.32
19836.295,-506524,-67.65
19837.295,-510961,-75.48
19838.295,-513387,-79.76
19839.295,-515266,-83.08
19840.295,-518710,-89.16
19841.295,-521352,-93.82
19842.295,-521593,-94.25
19843.295,-524242,-98.93
19844.295,-527310,-104.34
19845.295,-528943,-107.23
19846.295,-529319,-107.89
19847.295,-530435,-109.86
19848.295,-531487,-111.72
19849.295,-532804,-114.04
19850.295,-532417,-113.36
19851.295,-534350,-116.77
19852.295,-533127,-114.61
19853.295,-532186,-112.95
19854.295,-532862,-114.15
19855.295,-531563,-111.85
19856.295,-531460,-111.67
19857.295,-528922,-107.19
19858.295,-528287,-106.07
19859.295,-527866,-105.33
19860.295,-526784,-103.41
19861.295,-523664,-97.91
19862.295,-522120,-95.18
19863.295,-519763,-91.02
19864.295,-516144,-84.63
19865.295,-513614,-80.16
19866.295,-511331,-76.13
19867.295,-508258,-70.71
19868.295,-505454,-65.76
19869.295,-500405,-56.84
19870.295,-497208,-51.20
19871.295,-494180,-45.85
19872.295,-489022,-36.74
19873.295,-485980,-31.37
19874.295,-482061,-24.45
19875.295,-477173,-15.82
19876.295,-472873,-8.23
19877.295,-467909,0.53
19878.295,-464346,6.82
19879.295,-460088,14.34
19880.295,-456171,21.26
19881.295,-452007,28.61
19882.295,-448342,35.08
19883.295,-444490,41.88
19884.295,-439686,50.36
19885.295,-436058,56.77
19886.295,-431296,65.17
19887.295,-428286,70.49
19888.295,-424352,77.43
19889.295,-420852,83.61
19890.295,-416583,91.15
19891.295,-414437,94.94
19892.295,-411502,100.12
19893.295,-409748,103.22
19894.295,-407140,107.82
19895.295,-404429,112.61
19896.295,-402737,115.60
19897.295,-400646,119.29
19898.295,-399601,121.13
19899.295,-398899,122.37
19900.295,-398318,123.40
19901.295,-398372,123.30
19902.295,-397670,124.54
19903.295,-397433,124.96
19904.295,-398602,122.90
19905.295,-398473,123.12
19906.295,-401045,118.58
19907.295,-400358,119.80
19908.295,-402412,116.17
19909.295,-404031,113.31
19910.295,-405770,110.24
19911.295,-408497,105.43
19912.295,-411133,100.77
19913.295,-412391,98.55
19914.295,-416255,91.73
19917.322,-418847,87.15
19918.322,-421944,81.68
19919.322,-426108,74.33
19920.322,-428348,70.38
19921.322,-432686,62.72
19922.322,-435895,57.05
19923.322,-440106,49.62
19924.322,-443896,42.93
19925.322,-446864,37.69
19926.322,-450548,31.18
19927.322,-455106,23.14
19928.322,-458448,17.24
19929.322,-462817,9.52
19930.322,-466881,2.35
19931.322,-470770,-4.52
19932.322,-474475,-11.06
19933.322,-478888,-18.85
19934.322,-481880,-24.14
19935.322,-486282,-31.91
19936.322,-489043,-36.78
19937.322,-493450,-44.56
19938.322,-497077,-50.97
19939.322,-500184,-56.45
19940.322,-503063,-61.53
19941.322,-505066,-65.07
19942.322,-508897,-71.83
19943.322,-512478,-78.16
19944.322,-514374,-81.50
19945.322,-518216,-88.29
19946.322,-519306,-90.21
19947.322,-521806,-94.63
19948.322,-523710,-97.99
19949.322,-525991,-102.01
19950.322,-526130,-102.26
19951.322,-528824,-107.02
19952.322,-530018,-109.12
19953.322,-530427,-109.85
19954.322,-532204,-112.98
19955.322,-532405,-113.34
19956.322,-532304,-113.16
19957.322,-532767,-113.98
19958.322,-532376,-113.29
19959.322,-532495,-113.50
19960.322,-532346,-113.23
19961.322,-531442,-111.64
19962.322,-530217,-109.48
19963.322,-529121,-107.54
19964.322,-527834,-105.27
19965.322,-526211,-102.40
19966.322,-524537,-99.45
19967.322,-521995,-94.96
19968.322,-519911,-91.28
19969.322,-516854,-85.88
19970.322,-515386,-83.29
19971.322,-512716,-78.58
19972.322,-509553,-72.99
19973.322,-506056,-66.82
19974.322,-501799,-59.30
19975.322,-499006,-54.37
19976.322,-496083,-49.21
19977.322,-490968,-40.18
19978.322,-487594,-34.22
19979.322,-483470,-26.94
19980.322,-478685,-18.49
19981.322,-474724,-11.50
19982.322,-469732,-2.69
19983.322,-466558,2.92
19984.322,-461662,11.56
19985.322,-457677,18.60
19986.322,-453859,25.34
19987.322,-449107,33.73
19988.322,-445404,40.26
19989.322,-441894,46.46
19990.322,-437117,54.90
19991.322,-433738,60.86
19992.322,-429646,68.09
19993.322,-426277,74.03
19994.322,-422365,80.94
19995.322,-419365,86.24
19996.322,-415559,92.96
19997.322,-413024,97.43
19998.322,-410400,102.07
19999.322,-406718,108.57
20000.322,-405406,110.88
20001.322,-404144,113.11
20002.322,-401520,117.74
20003.322,-400156,120.15
20004.322,-399471,121.36
20005.322,-398806,122.54
20006.322,-398383,123.28
20007.322,-397420,124.98
20008.322,-397052,125.63
20009.322,-397395,125.03
20010.322,-398991,122.21
20011.322,-399824,120.74
20012.322,-400598,119.37
20013.322,-402479,116.05
20014.322,-403791,113.73
20015.322,-404760,112.02
20018.368,-407763,106.72
20019.368,-409384,103.86
20020.368,-411931,99.36
20021.368,-414117,95.50
20022.368,-417462,89.60
20023.368,-420412,84.39
20024.368,-423826,78.36
20025.368,-427267,72.29
20026.368,-430124,67.24
20027.368,-433782,60.78
20028.368,-437836,53.63
20029.368,-441364,47.40
20030.368,-446277,38.72
20031.368,-449306,33.38
20032.368,-454770,23.73
20033.368,-456589,20.52
20034.368,-461180,12.41
20035.368,-464898,5.85
20036.368,-468183,0.05
20037.368,-473247,-8.89
20038.368,-476744,-15.07
20039.368,-480675,-22.01
20040.368,-484861,-29.40
20041.368,-487751,-34.50
20042.368,-491481,-41.09
20043.368,-495348,-47.91
20044.368,-499204,-54.72
20045.368,-501486,-58.75
20046.368,-504980,-64.92
20047.368,-506738,-68.02
20048.368,-511150,-75.81
20049.368,-513389,-79.77
20050.368,-516336,-84.97
20051.368,-518512,-88.81
20052.368,-520839,-92.92
20053.368,-522027,-95.02
20054.368,-524503,-99.39
20055.368,-526895,-103.61
20056.368,-528404,-106.28
20057.368,-528803,-106.98
20058.368,-530624,-110.19
20059.368,-531715,-112.12
20060.368,-531113,-111.06
20061.368,-532394,-113.32
20062.368,-533238,-114.81
20063.368,-532560,-113.61
20064.368,-532760,-113.97
20065.368,-532958,-114.32
20066.368,-531772,-112.22
20067.368,-530073,-109.22
20068.368,-530494,-109.97
20069.368,-527421,-104.54
20070.368,-526501,-102.92
20071.368,-525538,-101.22
20072.368,-522862,-96.49
20073.368,-521580,-94.23
20074.368,-518880,-89.46
20075.368,-516097,-84.55
20076.368,-513442,-79.86
20077.368,-510812,-75.22
20078.368,-508546,-71.21
20079.368,-505256,-65.41
20080.368,-500903,-57.72
20081.368,-497040,-50.90
20082.368,-494279,-46.03
20083.368,-489093,-36.87
20084.368,-485712,-30.90
20085.368,-481015,-22.61
20086.368,-476608,-14.83
20087.368,-472329,-7.27
20088.368,-468489,-0.49
20089.368,-464112,7.24
20090.368,-459781,14.88
20091.368,-454569,24.08
20092.368,-450519,31.23
20093.368,-447666,36.27
20094.368,-444102,42.56
20095.368,-439427,50.82
20096.368,-436051,56.78
20097.368,-431323,65.13
20098.368,-427830,71.29
20099.368,-423413,79.09
20100.368,-421332,82.76
20101.368,-417862,88.89
20102.368,-413423,96.73
20103.368,-410508,101.88
20104.368,-407949,106.39
20105.368,-406985,108.10
20106.368,-404432,112.60
20107.368,-403033,115.07
20108.368,-400698,119.20
20109.368,-398740,122.65
20110.368,-398701,122.72
20111.368,-397440,124.95
20112.368,-397443,124.94
20113.368,-397242,125.30
20114.368,-398115,123.76
20115.368,-398518,123.04
20116.368,-398883,122.40
20119.419,-400869,118.89
20120.419,-401472,117.83
20121.419,-402830,115.43
20122.419,-403501,114.25
20123.419,-405942,109.94
20124.419,-408333,105.72
20125.419,-411165,100.72
20126.419,-413092,97.31
20127.419,-415515,93.04
20128.419,-418225,88.25
20129.419,-421901,81.76
20130.419,-425207,75.92
20131.419,-428709,69.74
20132.419,-430758,66.12
20133.419,-435345,58.02
20134.419,-438687,52.12
20135.419,-443851,43.01
20136.419,-447575,36.43
20137.419,-450888,30.58
20138.419,-454537,24.14
20139.419,-458633,16.91
20140.419,-462676,9.77
20141.419,-466187,3.57
20142.419,-471889,-6.50
20143.419,-474575,-11.24
20144.419,-478388,-17.97
20145.419,-481628,-23.69
20146.419,-486258,-31.86
20147.419,-489593,-37.75
20148.419,-493328,-44.35
20149.419,-497158,-51.11
20150.419,-500041,-56.20
20151.419,-503689,-62.64
20152.419,-505898,-66.54
20153.419,-509777,-73.39
20154.419,-512334,-77.90
20155.419,-514602,-81.91
20156.419,-517162,-86.43
20157.419,-520447,-92.23
20158.419,-522539,-95.92
20159.419,-524334,-99.09
20160.419,-525865,-101.79
20161.419,-527046,-103.88
20162.419,-528066,-105.68
20163.419,-529378,-107.99
20164.419,-531321,-111.43
20165.419,-532307,-113.17
20166.419,-532539,-113.58
20167.419,-532789,-114.02
20168.419,-532908,-114.23
20169.419,-533007,-114.40
20170.419,-533022,-114.43
20171.419,-531606,-111.93
20172.419,-530965,-110.80
20173.419,-531399,-111.56
20174.419,-529159,-107.61
20175.419,-527959,-105.49
20176.419,-526319,-102.59
20177.419,-524964,-100.20
20178.419,-521704,-94.45
20179.419,-520367,-92.09
20180.419,-517245,-86.57
20181.419,-515377,-83.28
20182.419,-512114,-77.51
20183.419,-509055,-72.11
20184.419,-505394,-65.65
20185.419,-501918,-59.51
20186.419,-498450,-53.39
20187.419,-495651,-48.45
20188.419,-491106,-40.42
20189.419,-487745,-34.49
20190.419,-482774,-25.71
20191.419,-478786,-18.67
20192.419,-474584,-11.25
20193.419,-471409,-5.65
20194.419,-466712,2.64
20195.419,-462189,10.63
20196.419,-457247,19.36
20197.419,-454448,24.30
20198.419,-450107,31.96
20199.419,-444598,41.69
20200.419,-442393,45.58
20201.419,-437681,53.90
20202.419,-434293,59.88
20203.419,-429370,68.57
20204.419,-425910,74.68
20205.419,-422852,80.08
20206.419,-419325,86.31
20207.419,-415630,92.83
20208.419,-411777,99.63
20209.419,-410621,101.68
20210.419,-408325,105.73
20211.419,-405081,111.46
20212.419,-403115,114.93
20213.419,-401565,117.66
20214.419,-400134,120.19
20215.419,-399974,120.47
20216.419,-398895,122.38
20217.419,-397926,124.09
20220.473,-397430,124.96
20221.473,-397756,124.39
20222.473,-398112,123.76
20223.473,-397869,124.19
20224.473,-399092,122.03
20225.473,-399519,121.28
20226.473,-401497,117.78
20227.473,-404255,112.92
20228.473,-404767,112.01
20229.473,-406668,108.65
20230.473,-409319,103.97
20231.473,-411492,100.14
20232.473,-414399,95.01
20233.473,-417840,88.93
20234.473,-420268,84.64
20235.473,-423026,79.77
20236.473,-427187,72.43
20237.473,-431319,65.13
20238.473,-434392,59.71
20239.473,-436910,55.26
20240.473,-441277,47.55
20241.473,-445473,40.14
20242.473,-448977,33.96
20243.473,-452189,28.29
20244.473,-457129,19.56
20245.473,-460922,12.87
20246.473,-465473,4.83
20247.473,-468408,-0.35
20248.473,-471806,-6.35
20249.473,-477346,-16.13
20250.473,-479976,-20.77
20251.473,-484263,-28.34
20252.473,-487964,-34.88
20253.473,-491742,-41.55
20254.473,-495454,-48.10
20255.473,-497769,-52.19
20256.473,-501499,-58.77
20257.473,-505372,-65.61
20258.473,-508099,-70.43
20259.473,-510729,-75.07
20260.473,-514027,-80.89
20261.473,-515984,-84.35
20262.473,-518151,-88.17
20263.473,-519963,-91.37
20264.473,-524028,-98.55
20265.473,-524451,-99.30
20266.473,-526838,-103.51
20267.473,-528289,-106.07
20268.473,-529576,-108.34
20269.473,-531135,-111.10
20270.473,-530843,-110.58
20271.473,-531989,-112.60
20272.473,-532125,-112.84
20273.473,-532626,-113.73
20274.473,-533704,-115.63
20275.473,-532807,-114.05
20276.473,-532706,-113.87
20277.473,-532202,-112.98
20278.473,-530810,-110.52
20279.473,-529745,-108.64
20280.473,-528657,-106.72
20281.473,-526635,-103.15
20282.473,-524610,-99.58
20283.473,-524131,-98.73
20284.473,-520192,-91.78
20285.473,-519882,-91.23
20286.473,-517420,-86.88
20287.473,-513705,-80.32
20288.473,-510575,-74.80
20289.473,-506946,-68.39
20290.473,-504490,-64.05
20291.473,-500561,-57.12
20292.473,-496806,-50.49
20293.473,-493717,-45.03
20294.473,-489385,-37.39
20295.473,-484936,-29.53
20296.473,-481030,-22.63
20297.473,-477580,-16.54
20298.473,-472827,-8.15
20299.473,-469049,-1.48
20300.473,-464990,5.68
20301.473,-460745,13.18
20302.473,-455840,21.84
20303.473,-451925,28.75
20304.473,-447013,37.42
20305.473,-443244,44.08
20306.473,-439842,50.08
20307.473,-435301,58.10
20308.473,-431432,64.93
20309.473,-427919,71.14
20310.473,-425148,76.03
20311.473,-421423,82.60
20312.473,-417701,89.18
20313.473,-414438,94.94
20314.473,-411455,100.20
20315.473,-407858,106.55
20316.473,-406305,109.30
20317.473,-403941,113.47
20318.473,-402808,115.47
20321.555,-401549,117.69
20322.555,-400591,119.38
20323.555,-398709,122.71
20324.555,-399481,121.34
20325.555,-397800,124.31
20326.555,-398192,123.62
20327.555,-398099,123.78
20328.555,-397904,124.13
20329.555,-399055,122.10
20330.555,-399072,122.07
20331.555,-402096,116.73
20332.555,-403375,114.47
20333.555,-404163,113.08
20334.555,-405750,110.28
20335.555,-407844,106.58
20336.555,-410567,101.77
20337.555,-413025,97.43
20338.555,-416482,91.33
20339.555,-417566,89.41
20340.555,-421863,81.83
20341.555,-425078,76.15
20342.555,-428968,69.28
20343.555,-432023,63.89
20344.555,-435005,58.62
20345.555,-439836,50.10
20346.555,-443014,44.48
20347.555,-446653,38.06
20348.555,-450917,30.53
20349.555,-455193,22.98
20350.555,-457909,18.19
20351.555,-463276,8.71
20352.555,-466984,2.16
20353.555,-470783,-4.54
20354.555,-474763,-11.57
20355.555,-479025,-19.09
20356.555,-482582,-25.37
20357.555,-485508,-30.54
20358.555,-489851,-38.21
20359.555,-492851,-43.50
20360.555,-497683,-52.04
20361.555,-500511,-57.03
20362.555,-502198,-60.01
20363.555,-506783,-68.10
20364.555,-508446,-71.04
20365.555,-511752,-76.88
20366.555,-514008,-80.86
20367.555,-517138,-86.38
20368.555,-519547,-90.64
20369.555,-521681,-94.41
20370.555,-523997,-98.49
20371.555,-526234,-102.44
20372.555,-526623,-103.13
20373.555,-528983,-107.30
20374.555,-531005,-110.87
20375.555,-531247,-111.29
20376.555,-532408,-113.34
20377.555,-532237,-113.04
20378.555,-532927,-114.26
20379.555,-533022,-114.43
20380.555,-531709,-112.11
20381.555,-532770,-113.98
20382.555,-533076,-114.52
20383.555,-531444,-111.64
20384.555,-531147,-111.12
20385.555,-530216,-109.47
20386.555,-527347,-104.41
20387.555,-525892,-101.84
20388.555,-524895,-100.08
20389.555,-522117,-95.18
20390.555,-520767,-92.79
20391.555,-518365,-88.55
20392.555,-515255,-83.06
20393.555,-512965,-79.02
20394.555,-510191,-74.12
20395.555,-506129,-66.95
20396.555,-503112,-61.62
20397.555,-500052,-56.22
20398.555,-495759,-48.64
20399.555,-492569,-43.01
20400.555,-488183,-35.26
20401.555,-483465,-26.93
20402.555,-479583,-20.08
20403.555,-475815,-13.43
20404.555,-471674,-6.12
20405.555,-466886,2.34
20406.555,-462742,9.65
20407.555,-458773,16.66
20408.555,-455071,23.20
20409.555,-449790,32.52
20410.555,-445179,40.66
20411.555,-441531,47.10
20412.555,-437882,53.55
20413.555,-433323,61.59
20414.555,-430339,66.86
20415.555,-426825,73.07
20416.555,-422145,81.33
20417.555,-419478,86.04
20418.555,-415682,92.74
20419.555,-413194,97.13
20422.574,-410292,102.26
20423.574,-408142,106.05
20424.574,-405686,110.39
20425.574,-403293,114.61
20426.574,-401719,117.39
20427.574,-401214,118.28
20428.574,-400601,119.37
20429.574,-398906,122.36
20430.574,-397898,124.14
20431.574,-398122,123.74
20432.574,-397589,124.68
20433.574,-398712,122.70
20434.574,-398924,122.33
20435.574,-398988,122.21
20436.574,-400692,119.21
20437.574,-401284,118.16
20438.574,-402646,115.76
20439.574,-404496,112.49
20440.574,-407188,107.74
20441.574,-408600,105.24
20442.574,-411156,100.73
20443.574,-414139,95.46
20444.574,-415659,92.78
20445.574,-419399,86.18
20446.574,-423708,78.57
20447.574,-426730,73.23
20448.574,-429638,68.10
20449.574,-434028,60.35
20450.574,-437733,53.81
20451.574,-441037,47.97
20452.574,-444276,42.26
20453.574,-448884,34.12
20454.574,-452064,28.51
20455.574,-455894,21.74
20456.574,-460088,14.34
20457.574,-464441,6.65
20458.574,-468318,-0.19
20459.574,-472376,-7.36
20460.574,-475677,-13.18
20461.574,-480154,-21.09
20462.574,-483092,-26.27
20463.574,-487641,-34.31
20464.574,-491467,-41.06
20465.574,-493673,-44.96
20466.574,-497926,-52.46
20467.574,-501701,-59.13
20468.574,-504363,-63.83
20469.574,-506705,-67.96
20470.574,-510470,-74.61
20471.574,-512695,-78.54
20472.574,-515160,-82.89
20473.574,-517553,-87.12
20474.574,-520296,-91.96
20475.574,-523150,-97.00
20476.574,-524488,-99.36
20477.574,-526906,-103.63
20478.574,-527634,-104.92
20479.574,-529402,-108.04
20480.574,-531401,-111.57
20481.574,-531183,-111.18
20482.574,-532115,-112.83
20483.574,-532905,-114.22
20484.574,-532534,-113.57
20485.574,-533599,-115.45
20486.574,-532945,-114.29
20487.574,-533034,-114.45
20488.574,-532576,-113.64
20489.574,-531697,-112.09
20490.574,-529553,-108.30
20491.574,-529204,-107.69
20492.574,-528291,-106.08
20493.574,-525400,-100.97
20494.574,-523692,-97.96
20495.574,-520814,-92.87
20496.574,-519669,-90.85
20497.574,-517302,-86.67
20498.574,-514439,-81.62
20499.574,-510900,-75.37
20500.574,-508084,-70.40
20501.574,-504792,-64.59
20502.574,-501839,-59.37
20503.574,-498430,-53.35
20504.574,-494106,-45.72
20505.574,-490193,-38.81
20506.574,-486152,-31.68
20507.574,-481961,-24.28
20508.574,-476941,-15.42
20509.574,-473810,-9.89
20510.574,-469052,-1.49
20511.574,-464580,6.41
20512.574,-461494,11.86
20513.574,-455779,21.95
20514.574,-452168,28.32
20515.574,-447923,35.82
20516.574,-443634,43.39
20517.574,-440519,48.89
20518.574,-436280,56.37
20519.574,-432225,63.53
20520.574,-429305,68.69
20523.636,-425689,75.07
20524.636,-421252,82.91
20525.636,-417761,89.07
20526.636,-414812,94.28
20527.636,-412906,97.64
20528.636,-409372,103.88
20529.636,-407447,107.28
20530.636,-404518,112.45
20531.636,-403798,113.72
20532.636,-401618,117.57
20533.636,-400157,120.15
20534.636,-399056,122.09
20535.636,-397746,124.41
20536.636,-397891,124.15
20537.636,-397862,124.20
20538.636,-398570,122.95
20539.636,-398386,123.28
20540.636,-398879,122.41
20541.636,-398948,122.28
20542.636,-401579,117.64
20543.636,-402731,115.61
20544.636,-403839,113.65
20545.636,-405444,110.82
20546.636,-406975,108.11
20547.636,-409313,103.98
20548.636,-413110,97.28
20549.636,-415408,93.22
20550.636,-418574,87.63
20551.636,-421596,82.30
20552.636,-424548,77.09
20553.636,-428180,70.67
20554.636,-432075,63.80
20555.636,-434847,58.90
20556.636,-438211,52.96
20557.636,-443157,44.23
20558.636,-447024,37.40
20559.636,-450072,32.02
20560.636,-454879,23.54
20561.636,-457710,18.54
20562.636,-461563,11.74
20563.636,-466226,3.50
20564.636,-469014,-1.42
20565.636,-473070,-8.58
20566.636,-477088,-15.67
20567.636,-481224,-22.98
20568.636,-485427,-30.40
20569.636,-489558,-37.69
20570.636,-491967,-41.94
20571.636,-496398,-49.77
20572.636,-498870,-54.13
20573.636,-501921,-59.52
20574.636,-505979,-66.68
20575.636,-508435,-71.02
20576.636,-511467,-76.37
20577.636,-513766,-80.43
20578.636,-516412,-85.10
20579.636,-518757,-89.24
20580.636,-520603,-92.50
20581.636,-523916,-98.35
20582.636,-524348,-99.11
20583.636,-528098,-105.73
20584.636,-527886,-105.36
20585.636,-529763,-108.67
20586.636,-531569,-111.86
20587.636,-531747,-112.18
20588.636,-531858,-112.37
20589.636,-532598,-113.68
20590.636,-533381,-115.06
20591.636,-532994,-114.38
20592.636,-531625,-111.96
20593.636,-532315,-113.18
20594.636,-530994,-110.85
20595.636,-530382,-109.77
20596.636,-530043,-109.17
20597.636,-528550,-106.53
20598.636,-525689,-101.48
20599.636,-524883,-100.06
20600.636,-523649,-97.88
20601.636,-521387,-93.89
20602.636,-518372,-88.56
20603.636,-515992,-84.36
20604.636,-512848,-78.81
20605.636,-509696,-73.25
20606.636,-507258,-68.94
20607.636,-503763,-62.77
20608.636,-500104,-56.31
20609.636,-496098,-49.24
20610.636,-492117,-42.21
20611.636,-488726,-36.22
20612.636,-484191,-28.22
20613.636,-480139,-21.06
20614.636,-476119,-13.96
20615.636,-472015,-6.72
20616.636,-467487,1.28
20617.636,-462189,10.63
20618.636,-458471,17.19
20619.636,-454612,24.01
20620.636,-451178,30.07
20621.636,-446667,38.03
20622.636,-441914,46.43
20625.699,-438622,52.24
20626.699,-434136,60.16
20627.699,-430763,66.11
20628.699,-427384,72.08
20629.699,-423354,79.19
20630.699,-420100,84.94
20631.699,-416291,91.66
20632.699,-413472,96.64
20633.699,-410061,102.66
20634.699,-408565,105.31
20635.699,-405950,109.92
20636.699,-404266,112.90
20637.699,-401801,117.25
20638.699,-400975,118.71
20639.699,-400564,119.43
20640.699,-398646,122.82
20641.699,-397440,124.95
20642.699,-398163,123.67
20643.699,-397518,124.81
20644.699,-398588,122.92
20645.699,-398672,122.77
20646.699,-400576,119.41
20647.699,-400309,119.88
20648.699,-402087,116.74
20649.699,-402927,115.26
20650.699,-403554,114.15
20651.699,-406713,108.58
20652.699,-408074,106.17
20653.699,-411180,100.69
20654.699,-414000,95.71
20655.699,-415780,92.57
20656.699,-418863,87.12
20657.699,-423152,79.55
20658.699,-426081,74.38
20659.699,-429205,68.86
20660.699,-432787,62.54
20661.699,-435845,57.14
20662.699,-440133,49.57
20663.699,-444320,42.18
20664.699,-448464,34.86
20665.699,-451685,29.18
20666.699,-455308,22.78
20667.699,-459984,14.52
20668.699,-464127,7.21
20669.699,-468088,0.22
20670.699,-471280,-5.42
20671.699,-474875,-11.77
20672.699,-479442,-19.83
20673.699,-482854,-25.85
20674.699,-486842,-32.90
20675.699,-490619,-39.56
20676.699,-493433,-44.53
20677.699,-496767,-50.42
20678.699,-500439,-56.90
20679.699,-503790,-62.82
20680.699,-507948,-70.16
20681.699,-510241,-74.21
20682.699,-512228,-77.72
20683.699,-516406,-85.09
20684.699,-518537,-88.85
20685.699,-519995,-91.43
20686.699,-522518,-95.88
20687.699,-525439,-101.04
20688.699,-525969,-101.98
20689.699,-527463,-104.61
20690.699,-529182,-107.65
20691.699,-530272,-109.57
20692.699,-530546,-110.06
20693.699,-531440,-111.64
20694.699,-532506,-113.52
20695.699,-533821,-115.84
20696.699,-532911,-114.23
20697.699,-532625,-113.73
20698.699,-533377,-115.06
20699.699,-531407,-111.58
20700.699,-531229,-111.26
20701.699,-529078,-107.47
20702.699,-529435,-108.10
20703.699,-527346,-104.41
20704.699,-525610,-101.34
20705.699,-523272,-97.21
20706.699,-521801,-94.62
20707.699,-519740,-90.98
20708.699,-518140,-88.15
20709.699,-514890,-82.42
20710.699,-512644,-78.45
20711.699,-508618,-71.34
20712.699,-505729,-66.24
20713.699,-501639,-59.02
20714.699,-499040,-54.43
20715.699,-495011,-47.32
20716.699,-491050,-40.33
20717.699,-486221,-31.80
20718.699,-483497,-26.99
20719.699,-478569,-18.29
20720.699,-474441,-11.00
20721.699,-469271,-1.87
20722.699,-466007,3.89
20723.699,-461408,12.01
20726.764,-456712,20.30
20727.764,-453622,25.76
20728.764,-449570,32.91
20729.764,-445021,40.94
20730.764,-441099,47.87
20731.764,-437241,54.68
20732.764,-432501,63.05
20733.764,-429103,69.04
20734.764,-425309,75.74
20735.764,-421527,82.42
20736.764,-419102,86.70
20737.764,-415312,93.39
20738.764,-412305,98.70
20739.764,-410044,102.69
20740.764,-407303,107.53
20741.764,-404725,112.09
20742.764,-403087,114.98
20743.764,-401392,117.97
20744.764,-400835,118.95
20745.764,-398889,122.39
20746.764,-397813,124.29
20747.764,-397266,125.25
20748.764,-397556,124.74
20749.764,-398076,123.82
20750.764,-398203,123.60
20751.764,-399106,122.01
20752.764,-399011,122.17
20753.764,-400648,119.28
20754.764,-402170,116.60
20755.764,-403165,114.84
20756.764,-405183,111.28
20757.764,-407502,107.18
20758.764,-410077,102.64
20759.764,-413094,97.31
20760.764,-414597,94.66
20761.764,-418158,88.37
20762.764,-421305,82.81
20763.764,-423960,78.13
20764.764,-426215,74.14
20765.764,-431131,65.46
20766.764,-434418,59.66
20767.764,-439710,50.32
20768.764,-442112,46.08
20769.764,-445865,39.45
20770.764,-450474,31.31
20771.764,-453443,26.07
20772.764,-456546,20.59
20773.764,-461088,12.57
20774.764,-465717,4.40
20775.764,-469593,-2.44
20776.764,-473717,-9.72
20777.764,-476842,-15.24
20778.764,-480920,-22.44
20779.764,-485480,-30.49
20780.764,-488484,-35.79
20781.764,-492491,-42.87
20782.764,-495723,-48.58
20783.764,-498862,-54.12
20784.764,-502568,-60.66
20785.764,-504757,-64.53
20786.764,-508823,-71.70
20787.764,-511263,-76.01
20788.764,-513405,-79.79
20789.764,-517435,-86.91
20790.764,-518328,-88.49
20791.764,-519962,-91.37
20792.764,-523514,-97.64
20793.764,-525825,-101.72
20794.764,-526935,-103.68
20795.764,-528503,-106.45
20796.764,-529035,-107.39
20797.764,-531281,-111.35
20798.764,-532189,-112.96
20799.764,-532445,-113.41
20800.764,-532686,-113.84
20801.764,-533084,-114.54
20802.764,-533584,-115.42
20803.764,-532499,-113.50
20804.764,-533393,-115.08
20805.764,-532772,-113.99
20806.764,-530895,-110.67
20807.764,-529475,-108.17
20808.764,-528417,-106.30
20809.764,-527548,-104.76
20810.764,-526053,-102.12
20811.764,-522862,-96.49
20812.764,-521794,-94.60
20813.764,-518223,-88.30
20814.764,-515953,-84.29
20815.764,-512735,-78.61
20816.764,-509539,-72.97
20817.764,-507559,-69.47
20818.764,-504271,-63.67
20819.764,-500206,-56.49
20820.764,-497481,-51.68
20821.764,-493105,-43.95
20822.764,-488781,-36.32
20823.764,-484974,-29.60
20824.764,-481113,-22.78
20827.801,-477300,-16.05
20828.801,-473118,-8.67
20829.801,-468397,-0.33
20830.801,-465539,4.72
20831.801,-458696,16.80
20832.801,-455533,22.38
20833.801,-450954,30.47
20834.801,-446474,38.38
20835.801,-442595,45.22
20836.801,-439292,51.06
20837.801,-435127,58.41
20838.801,-431617,64.61
20839.801,-428034,70.93
20840.801,-423690,78.60
20841.801,-420419,84.38
20842.801,-416887,90.61
20843.801,-414333,95.12
20844.801,-410441,101.99
20845.801,-407838,106.59
20846.801,-406298,109.31
20847.801,-403964,113.43
20848.801,-403034,115.07
20849.801,-401444,117.88
20850.801,-400304,119.89
20851.801,-398804,122.54
20852.801,-399080,122.05
20853.801,-397147,125.46
20854.801,-398102,123.78
20855.801,-396742,126.18
20856.801,-398359,123.32
20857.801,-398258,123.50
20858.801,-399751,120.87
20859.801,-400625,119.32
20860.801,-403224,114.74
20861.801,-404083,113.22
20862.801,-406533,108.89
20863.801,-408926,104.67
20864.801,-411478,100.16
20865.801,-413362,96.84
20866.801,-416335,91.59
20867.801,-419858,85.37
20868.801,-423066,79.70
20869.801,-424337,77.46
20870.801,-429346,68.62
20871.801,-431975,63.97
20872.801,-436077,56.73
20873.801,-440415,49.07
20874.801,-444176,42.43
20875.801,-446832,37.74
20876.801,-451080,30.24
20877.801,-455445,22.54
20878.801,-459143,16.01
20879.801,-463338,8.60
20880.801,-466872,2.36
20881.801,-471595,-5.98
20882.801,-474891,-11.80
20883.801,-479192,-19.39
20884.801,-482852,-25.85
20885.801,-486059,-31.51
20886.801,-490478,-39.32
20887.801,-493732,-45.06
20888.801,-497744,-52.14
20889.801,-500359,-56.76
20890.801,-503066,-61.54
20891.801,-506326,-67.30
20892.801,-509369,-72.67
20893.801,-513040,-79.15
20894.801,-514890,-82.42
20895.801,-518039,-87.98
20896.801,-519553,-90.65
20897.801,-522000,-94.97
20898.801,-524158,-98.78
20899.801,-525301,-100.80
20900.801,-527135,-104.03
20901.801,-528854,-107.07
20902.801,-530424,-109.84
20903.801,-531830,-112.32
20904.801,-532798,-114.03
20905.801,-532967,-114.33
20906.801,-532852,-114.13
20907.801,-532207,-112.99
20908.801,-532246,-113.06
20909.801,-533226,-114.79
20910.801,-532178,-112.94
20911.801,-531865,-112.39
20912.801,-531149,-111.12
20913.801,-528799,-106.97
20914.801,-528816,-107.00
20915.801,-525998,-102.03
20916.801,-524521,-99.42
20917.801,-522419,-95.71
20918.801,-520561,-92.43
20919.801,-517432,-86.90
20920.801,-516421,-85.12
20921.801,-511778,-76.92
20922.801,-508248,-70.69
20923.801,-505442,-65.73
20924.801,-503180,-61.74
20925.801,-498009,-52.61
20928.853,-495186,-47.63
20929.853,-492188,-42.33
20930.853,-487602,-34.24
20931.853,-483916,-27.73
20932.853,-479862,-20.57
20933.853,-474219,-10.61
20934.853,-470412,-3.89
20935.853,-465729,4.38
20936.853,-462193,10.62
20937.853,-457085,19.64
20938.853,-453526,25.93
20939.853,-449065,33.80
20940.853,-444510,41.84
20941.853,-440567,48.80
20942.853,-436967,55.16
20943.853,-433762,60.82
20944.853,-429957,67.54
20945.853,-427223,72.36
20946.853,-423412,79.09
20947.853,-418787,87.26
20948.853,-415115,93.74
20949.853,-412105,99.06
20950.853,-409772,103.17
20951.853,-406965,108.13
20952.853,-405355,110.97
20953.853,-403083,114.98
20954.853,-401280,118.17
20955.853,-399903,120.60
20956.853,-399540,121.24
20957.853,-399181,121.87
20958.853,-398196,123.61
20959.853,-398071,123.83
20960.853,-397957,124.03
20961.853,-397318,125.16
20962.853,-399029,122.14
20963.853,-399578,121.17
20964.853,-399958,120.50
20965.853,-401914,117.05
20966.853,-402617,115.81
20967.853,-405346,110.99
20968.853,-406819,108.39
20969.853,-409774,103.17
20970.853,-412162,98.95
20971.853,-413755,96.14
20972.853,-417447,89.62
20973.853,-420948,83.44
20974.853,-423738,78.52
20975.853,-427133,72.52
20976.853,-429876,67.68
20977.853,-434606,59.33
20978.853,-437598,54.05
20979.853,-441283,47.54
20980.853,-445601,39.92
20981.853,-449524,32.99
20982.853,-452780,27.24
20983.853,-457685,18.58
20984.853,-461161,12.45
20985.853,-464843,5.94
20986.853,-469244,-1.83
20987.853,-472125,-6.91
20988.853,-477233,-15.93
20989.853,-480629,-21.93
20990.853,-483790,-27.51
20991.853,-488696,-36.17
20992.853,-491645,-41.38
20993.853,-495858,-48.81
20994.853,-498319,-53.16
20995.853,-501095,-58.06
20996.853,-505494,-65.83
20997.853,-507952,-70.17
20998.853,-510903,-75.38
20999.853,-513138,-79.32
21000.853,-516324,-84.95
21001.853,-518699,-89.14
21002.853,-520384,-92.12
21003.853,-523754,-98.07
21004.853,-524495,-99.37
21005.853,-528124,-105.78
21006.853,-528543,-106.52
21007.853,-529435,-108.10
21008.853,-530582,-110.12
21009.853,-532411,-113.35
21010.853,-532637,-113.75
21011.853,-532940,-114.28
21012.853,-532564,-113.62
21013.853,-533658,-115.55
21014.853,-534380,-116.83
21015.853,-532237,-113.04
21016.853,-532566,-113.62
21017.853,-530922,-110.72
21018.853,-529007,-107.34
21019.853,-528813,-107.00
21020.853,-527948,-105.47
21021.853,-525322,-100.83
21022.853,-523489,-97.60
21023.853,-521796,-94.61
21024.853,-519452,-90.47
21025.853,-516958,-86.07
21026.853,-514654,-82.00
21029.905,-512294,-77.83
21030.905,-508405,-70.97
21031.905,-504949,-64.86
21032.905,-501001,-57.89
21033.905,-496929,-50.70
21034.905,-493185,-44.09
21035.905,-490651,-39.62
21036.905,-486099,-31.58
21037.905,-480846,-22.31
21038.905,-477697,-16.75
21039.905,-472793,-8.09
21040.905,-469003,-1.40
21041.905,-463146,8.94
21042.905,-459512,15.36
21043.905,-455344,22.72
21044.905,-451182,30.06
21045.905,-447066,37.33
21046.905,-444158,42.46
21047.905,-439681,50.37
21048.905,-435794,57.23
21049.905,-431805,64.27
21050.905,-427156,72.48
21051.905,-424002,78.05
21052.905,-419717,85.62
21053.905,-418046,88.57
21054.905,-412866,97.71
21055.905,-410617,101.68
21056.905,-407643,106.93
21057.905,-406312,109.28
21058.905,-404361,112.73
21059.905,-403044,115.05
21060.905,-401897,117.08
21061.905,-399984,120.46
21062.905,-399091,122.03
21063.905,-398395,123.26
21064.905,-397225,125.33
21065.905,-396981,125.76
21066.905,-398009,123.94
21067.905,-398094,123.79
21068.905,-399336,121.60
21069.905,-399924,120.56
21070.905,-401211,118.29
21071.905,-402170,116.60
21072.905,-403792,113.73
21073.905,-405771,110.24
21074.905,-408416,105.57
21075.905,-410069,102.65
21076.905,-412624,98.14
21077.905,-416511,91.28
21078.905,-418442,87.87
21079.905,-422245,81.15
21080.905,-425478,75.44
21081.905,-428889,69.42
21082.905,-432425,63.18
21083.905,-436050,56.78
21084.905,-439359,50.94
21085.905,-443092,44.35
21086.905,-446255,38.76
21087.905,-451428,29.63
21088.905,-455656,22.16
21089.905,-459262,15.80
21090.905,-462257,10.51
21091.905,-466963,2.20
21092.905,-470559,-4.15
21093.905,-473885,-10.02
21094.905,-478273,-17.77
21095.905,-482217,-24.73
21096.905,-485565,-30.64
21097.905,-489554,-37.68
21098.905,-492279,-42.49
21099.905,-496775,-50.43
21100.905,-500464,-56.95
21101.905,-503234,-61.84
21102.905,-507003,-68.49
21103.905,-508327,-70.83
21104.905,-512140,-77.56
21105.905,-514459,-81.65
21106.905,-518142,-88.16
21107.905,-519437,-90.44
21108.905,-521172,-93.51
21109.905,-523205,-97.10
21110.905,-525177,-100.58
21111.905,-526396,-102.73
21112.905,-529415,-108.06
21113.905,-529701,-108.56
21114.905,-530526,-110.02
21115.905,-532119,-112.83
21116.905,-533001,-114.39
21117.905,-533258,-114.85
21118.905,-532597,-113.68
21119.905,-532195,-112.97
21120.905,-532958,-114.32
21121.905,-532316,-113.18
21122.905,-531172,-111.16
21123.905,-530312,-109.64
21124.905,-529506,-108.22
21125.905,-528537,-106.51
21126.905,-527433,-104.56
21127.905,-525181,-100.58
21130.948,-521653,-94.36
21131.948,-520625,-92.54
21132.948,-517373,-86.80
21133.948,-514802,-82.26
21134.948,-511937,-77.20
21135.948,-508902,-71.84
21136.948,-507189,-68.82
21137.948,-502315,-60.21
21138.948,-498645,-53.73
21139.948,-495340,-47.90
21140.948,-491745,-41.55
21141.948,-487568,-34.18
21142.948,-483859,-27.63
21143.948,-479494,-19.92
21144.948,-474968,-11.93
21145.948,-470636,-4.28
21146.948,-466854,2.39
21147.948,-462092,10.80
21148.948,-458347,17.41
21149.948,-454117,24.88
21150.948,-450342,31.55
21151.948,-446032,39.16
21152.948,-441558,47.06
21153.948,-437660,53.94
21154.948,-433253,61.72
21155.948,-430458,66.65
21156.948,-426036,74.46
21157.948,-423267,79.35
21158.948,-418680,87.45
21159.948,-416025,92.13
21160.948,-412051,99.15
21161.948,-410719,101.50
21162.948,-407632,106.95
21163.948,-405568,110.60
21164.948,-403223,114.74
21165.948,-401696,117.43
21166.948,-400771,119.07
21167.948,-399366,121.55
21168.948,-399024,122.15
21169.948,-398287,123.45
21170.948,-397437,124.95
21171.948,-397405,125.01
21172.948,-398427,123.20
21173.948,-399039,122.12
21174.948,-399197,121.85
21175.948,-400848,118.93
21176.948,-401916,117.04
21177.948,-403204,114.77
21178.948,-404876,111.82
21179.948,-407075,107.94
21180.948,-408663,105.13
21181.948,-412064,99.13
21182.948,-415088,93.79
21183.948,-417541,89.46
21184.948,-421277,82.86
21185.948,-422451,80.79
21186.948,-426889,72.95
21187.948,-429889,67.66
21188.948,-433440,61.39
21189.948,-438170,53.04
21190.948,-441101,47.86
21191.948,-444972,41.03
21192.948,-449768,32.56
21193.948,-453918,25.23
21194.948,-456822,20.11
21195.948,-460687,13.28
21196.948,-464491,6.57
21197.948,-468822,-1.08
21198.948,-472939,-8.35
21199.948,-476380,-14.42
21200.948,-480624,-21.92
21201.948,-484236,-28.29
21202.948,-488069,-35.06
21203.948,-490603,-39.54
21204.948,-494796,-46.94
21205.948,-497270,-51.31
21206.948,-501699,-59.13
21207.948,-504243,-63.62
21208.948,-507986,-70.23
21209.948,-510227,-74.18
21210.948,-512454,-78.11
21211.948,-516292,-84.89
21212.948,-518510,-88.81
21213.948,-520676,-92.63
21214.948,-524153,-98.77
21215.948,-524219,-98.89
21216.948,-526639,-103.16
21217.948,-528434,-106.33
21218.948,-529929,-108.97
21219.948,-530557,-110.08
21220.948,-532142,-112.87
21221.948,-532263,-113.09
21222.948,-532341,-113.23
21223.948,-532931,-114.27
21224.948,-533011,-114.41
21225.948,-533153,-114.66
21226.948,-532878,-114.17
21227.948,-532445,-113.41
21228.948,-530789,-110.49
21232.011,-531098,-111.03
21233.011,-528926,-107.20
21234.011,-526990,-103.78
21235.011,-525829,-101.73
21236.011,-524339,-99.10
21237.011,-521220,-93.59
21238.011,-518974,-89.63
21239.011,-516675,-85.57
21240.011,-513940,-80.74
21241.011,-510860,-75.30
21242.011,-507830,-69.95
21243.011,-504585,-64.22
21244.011,-500371,-56.78
21245.011,-497557,-51.81
21246.011,-494599,-46.59
21247.011,-490177,-38.78
21248.011,-486169,-31.71
21249.011,-481873,-24.12
21250.011,-478701,-18.52
21251.011,-473642,-9.59
21252.011,-469201,-1.75
21253.011,-463062,9.09
21254.011,-460441,13.72
21255.011,-455889,21.75
21256.011,-451250,29.94
21257.011,-447481,36.60
21258.011,-443081,44.37
21259.011,-439931,49.93
21260.011,-436082,56.72
21261.011,-432442,63.15
21262.011,-428492,70.12
21263.011,-423951,78.14
21264.011,-420563,84.12
21265.011,-417621,89.32
21266.011,-414112,95.51
21267.011,-411748,99.69
21268.011,-408649,105.16
21269.011,-406619,108.74
21270.011,-404455,112.56
21271.011,-402970,115.18
21272.011,-399932,120.55
21273.011,-399996,120.43
21274.011,-398154,123.69
21275.011,-397691,124.50
21276.011,-398179,123.64
21277.011,-397078,125.59
21278.011,-397627,124.62
21279.011,-398644,122.82
21280.011,-399030,122.14
21281.011,-400049,120.34
21282.011,-401141,118.41
21283.011,-402161,116.61
21284.011,-404343,112.76
21285.011,-406523,108.91
21286.011,-407528,107.14
21287.011,-410691,101.55
21288.011,-412662,98.07
21289.011,-415271,93.47
21290.011,-418440,87.87
21291.011,-422022,81.55
21292.011,-425102,76.11
21293.011,-427852,71.25
21294.011,-432370,63.28
21295.011,-435485,57.78
21296.011,-438995,51.58
21297.011,-443022,44.47
21298.011,-447223,37.05
21299.011,-450083,32.00
21300.011,-454674,23.90
21301.011,-457507,18.90
21302.011,-462138,10.72
21303.011,-466684,2.69
21304.011,-469817,-2.84
21305.011,-474524,-11.15
21306.011,-478957,-18.97
21307.011,-482260,-24.81
21308.011,-485777,-31.02
21309.011,-489684,-37.91
21310.011,-493114,-43.97
21311.011,-496762,-50.41
21312.011,-498168,-52.89
21313.011,-502114,-59.86
21314.011,-506069,-66.84
21315.011,-507857,-70.00
21316.011,-512445,-78.10
21317.011,-514607,-81.92
21318.011,-516658,-85.54
21319.011,-518481,-88.76
21320.011,-521524,-94.13
21321.011,-523327,-97.31
21322.011,-525055,-100.36
21323.011,-527475,-104.63
21324.011,-529702,-108.57
21325.011,-529888,-108.90
21326.011,-531571,-111.87
21327.011,-532036,-112.69
21328.011,-533089,-114.55
21329.011,-533548,-115.36
21330.011,-533672,-115.58
