t_ms,code,microstrain
0.000,-116475,-0.81
3.030,-115836,0.32
6.061,-115697,0.57
9.091,-116173,-0.27
12.121,-116476,-0.81
15.152,-115883,0.24
18.182,-116186,-0.30
21.212,-115412,1.07
24.562,-116551,-0.84
27.592,-115892,0.32
30.623,-116528,-0.80
33.653,-116024,0.09
36.683,-116532,-0.81
39.714,-116082,-0.02
42.744,-115747,0.57
45.774,-115668,0.71
49.105,-115464,1.00
52.135,-116152,-0.22
55.166,-116985,-1.69
58.196,-116410,-0.67
61.226,-115622,0.72
64.257,-115529,0.88
67.287,-115411,1.09
70.317,-115988,0.07
73.660,-116325,-0.50
76.690,-116415,-0.66
79.721,-115938,0.18
82.751,-116188,-0.26
85.781,-115839,0.35
88.812,-115780,0.46
91.842,-115972,0.12
94.872,-116084,-0.08
98.214,-116679,-1.12
101.244,-115803,0.43
104.275,-115673,0.66
107.305,-115548,0.88
110.335,-116365,-0.56
113.366,-116193,-0.26
116.396,-116504,-0.81
119.426,-115852,0.34
122.770,-115566,0.83
125.800,-115565,0.83
128.831,-115779,0.45
131.861,-116379,-0.61
134.891,-116396,-0.64
137.922,-116492,-0.81
140.952,-116138,-0.18
143.982,-115471,1.00
147.328,-115648,0.66
150.358,-116159,-0.24
153.389,-115987,0.06
156.419,-116267,-0.43
159.449,-116016,0.01
162.480,-115650,0.66
165.510,-115724,0.53
168.540,-116085,-0.11
171.882,-116639,-1.07
174.912,-116216,-0.32
177.943,-116426,-0.69
180.973,-115918,0.20
184.003,-115852,0.32
187.034,-115613,0.74
190.064,-116247,-0.38
193.094,-116028,0.01
196.450,-117085,-1.82
199.480,-116146,-0.17
202.511,-116214,-0.29
205.541,-115837,0.38
208.571,-115959,0.16
211.602,-115945,0.19
214.632,-116081,-0.05
217.662,-116357,-0.54
221.005,-116267,-0.37
224.035,-115708,0.62
227.066,-115872,0.33
230.096,-116008,0.09
233.126,-116224,-0.29
236.157,-116622,-1.00
239.187,-116140,-0.15
242.217,-115960,0.17
245.566,-116109,-0.11
248.596,-115975,0.13
251.627,-116332,-0.50
254.657,-116331,-0.50
257.687,-116121,-0.13
260.718,-115949,0.17
263.748,-115384,1.17
266.778,-115464,1.03
270.118,-115695,0.58
273.148,-115768,0.46
276.179,-116126,-0.18
279.209,-115949,0.14
282.239,-115793,0.41
285.270,-115436,1.04
288.300,-115497,0.93
291.330,-115983,0.08
294.672,-116427,-0.70
297.702,-116622,-1.04
300.733,-115705,0.57
303.763,-115338,1.22
306.793,-115791,0.42
309.824,-116140,-0.19
312.854,-116059,-0.05
315.884,-116604,-1.01
319.231,-116511,-0.85
322.261,-116003,0.05
325.292,-115475,0.98
328.322,-115955,0.13
331.352,-115859,0.30
334.383,-116275,-0.43
337.413,-116347,-0.56
340.443,-115766,0.47
343.776,-116678,-1.14
346.806,-115439,1.04
349.837,-115845,0.33
352.867,-116178,-0.26
355.897,-116465,-0.77
358.928,-115946,0.15
361.958,-115705,0.57
364.988,-115954,0.13
368.331,-115888,0.24
371.361,-115790,0.42
374.392,-116222,-0.35
377.422,-116460,-0.77
380.452,-115939,0.15
383.483,-115846,0.32
386.513,-115421,1.07
389.543,-116079,-0.10
392.889,-116821,-1.40
395.919,-116438,-0.72
398.950,-115953,0.14
401.980,-116099,-0.12
405.010,-115324,1.25
408.041,-116042,-0.02
411.071,-116303,-0.48
414.101,-115959,0.13
417.444,-116326,-0.52
420.474,-116273,-0.43
423.505,-115594,0.77
426.535,-115426,1.07
429.565,-115656,0.66
432.596,-116390,-0.63
435.626,-116136,-0.19
438.656,-116441,-0.72
442.002,-116315,-0.49
445.032,-115698,0.60
448.063,-115939,0.17
451.093,-115830,0.36
454.123,-116503,-0.82
457.154,-116615,-1.02
460.184,-116282,-0.43
463.214,-115998,0.07
466.573,-115928,0.19
469.603,-116062,-0.05
472.634,-116194,-0.28
475.664,-116264,-0.41
478.694,-116148,-0.20
481.725,-115947,0.15
484.755,-115668,0.65
487.785,-115629,0.71
491.121,-117276,-2.18
494.151,-116281,-0.42
497.182,-116441,-0.70
500.212,-116317,-0.48
503.242,-115744,0.53
506.273,-115728,0.56
509.303,-116108,-0.11
512.333,-116021,0.04
515.679,-116780,-1.29
518.709,-116236,-0.33
521.740,-116039,0.02
524.770,-115760,0.51
527.800,-116349,-0.53
530.831,-115857,0.34
533.861,-116034,0.03
536.891,-116217,-0.30
540.234,-116177,-0.23
543.264,-115575,0.83
546.295,-115665,0.67
549.325,-116043,0.00
552.355,-116157,-0.20
555.386,-116258,-0.38
558.416,-116081,-0.06
561.446,-115816,0.41
564.791,-116248,-0.37
567.821,-115619,0.74
570.852,-115795,0.43
573.882,-116194,-0.28
576.912,-116165,-0.22
579.943,-115817,0.39
582.973,-115633,0.72
586.003,-115495,0.96
589.346,-115993,0.07
592.376,-116058,-0.04
595.407,-116342,-0.54
598.437,-115921,0.20
601.467,-116035,0.00
604.498,-115734,0.53
607.528,-115416,1.09
610.558,-116203,-0.30
613.896,-116709,-1.18
616.926,-116247,-0.37
619.957,-116148,-0.19
622.987,-116155,-0.21
626.017,-115536,0.89
629.048,-116047,-0.02
632.078,-115822,0.38
635.108,-116286,-0.44
638.461,-116000,0.06
641.491,-116114,-0.14
644.522,-115575,0.81
647.552,-115349,1.21
650.582,-116333,-0.53
653.613,-115898,0.24
656.643,-116357,-0.57
659.673,-115773,0.46
663.023,-116754,-1.26
666.053,-115799,0.42
669.084,-115770,0.47
672.114,-116343,-0.54
675.144,-116368,-0.58
678.175,-116385,-0.61
681.205,-115984,0.10
684.235,-115909,0.23
687.568,-115781,0.44
690.598,-116030,-0.00
693.629,-116095,-0.11
696.659,-116380,-0.62
699.689,-116145,-0.20
702.720,-115506,0.93
705.750,-115058,1.72
708.780,-115250,1.38
712.118,-116392,-0.64
715.148,-116425,-0.70
718.179,-116013,0.02
721.209,-115705,0.57
724.239,-115814,0.38
727.270,-115470,0.98
730.300,-115735,0.52
733.330,-115976,0.09
736.673,-116620,-1.05
739.703,-115768,0.46
742.734,-115877,0.27
745.764,-115420,1.07
748.794,-116053,-0.04
751.825,-116240,-0.37
754.855,-116145,-0.21
757.885,-116334,-0.54
761.239,-115828,0.35
764.269,-115857,0.30
767.300,-115992,0.06
770.330,-116318,-0.51
773.360,-116226,-0.35
776.391,-116570,-0.96
779.421,-115879,0.26
782.451,-115628,0.71
785.793,-115619,0.72
788.823,-115646,0.67
791.854,-116085,-0.10
794.884,-116072,-0.08
797.914,-116487,-0.81
800.945,-116155,-0.23
803.975,-116087,-0.11
807.005,-115556,0.83
810.353,-116671,-1.13
813.383,-115941,0.16
816.414,-116351,-0.56
819.444,-116466,-0.77
822.474,-116029,0.00
825.505,-115944,0.15
828.535,-115530,0.89
831.565,-116716,-1.21
834.907,-116834,-1.42
837.937,-116289,-0.45
840.968,-115901,0.23
843.998,-115731,0.53
847.028,-115445,1.04
850.059,-115737,0.52
853.089,-116375,-0.61
856.119,-116138,-0.19
859.465,-116427,-0.69
862.495,-116232,-0.35
865.526,-115787,0.44
868.556,-116291,-0.45
871.586,-116165,-0.23
874.617,-116069,-0.06
877.647,-116231,-0.35
880.677,-115744,0.51
884.009,-115427,1.06
887.039,-115643,0.68
890.070,-115499,0.93
893.100,-116107,-0.14
896.130,-116196,-0.30
899.161,-115894,0.23
902.191,-115846,0.32
905.221,-115392,1.12
908.574,-115842,0.32
911.604,-116225,-0.35
914.635,-116060,-0.06
917.665,-116133,-0.19
920.695,-116236,-0.37
923.726,-115935,0.16
926.756,-115442,1.03
929.786,-116021,0.01
933.123,-116345,-0.57
936.153,-116163,-0.25
939.184,-116186,-0.29
942.214,-115777,0.44
945.244,-115450,1.01
948.275,-115761,0.46
951.305,-115921,0.18
954.335,-115956,0.12
957.678,-116646,-1.10
960.708,-115842,0.32
963.739,-115723,0.53
966.769,-115921,0.18
969.799,-115897,0.22
972.830,-115833,0.34
975.860,-116118,-0.17
978.890,-116170,-0.26
982.234,-116311,-0.51
985.264,-115460,0.99
988.295,-115397,1.11
991.325,-116186,-0.29
994.355,-116072,-0.09
997.386,-116160,-0.24
1000.416,-116159,-0.24
1003.446,-116233,-0.37
1006.790,-115941,0.14
1009.820,-115642,0.66
1012.851,-115998,0.04
1015.881,-115790,0.40
1018.911,-116335,-0.56
1021.942,-115801,0.38
1024.972,-115632,0.68
1028.002,-115500,0.92
1031.356,-115957,0.11
1034.386,-116038,-0.03
1037.417,-116410,-0.69
1040.447,-116092,-0.13
1043.477,-115910,0.19
1046.508,-115311,1.25
1049.538,-116013,0.01
1052.568,-116355,-0.59
1055.912,-117359,-2.36
1058.942,-116176,-0.27
1061.973,-116016,0.01
1065.003,-115772,0.44
1068.033,-115763,0.46
1071.064,-115832,0.33
1074.094,-116261,-0.42
1077.124,-116000,0.04
1080.467,-116518,-0.87
1083.497,-115933,0.16
1086.528,-115599,0.75
1089.558,-115926,0.17
1092.588,-115898,0.22
1095.619,-116890,-1.53
1098.649,-116232,-0.37
1101.679,-115608,0.73
1105.023,-115776,0.43
1108.053,-115645,0.66
1111.084,-115998,0.04
1114.114,-116515,-0.87
1117.144,-116678,-1.16
1120.175,-115648,0.66
1123.205,-115639,0.67
1126.235,-115351,1.18
1129.584,-116044,-0.04
1132.614,-116107,-0.15
1135.645,-116062,-0.07
1138.675,-116254,-0.41
1141.705,-115845,0.31
1144.736,-115830,0.34
1147.766,-115871,0.26
1150.796,-116189,-0.30
1154.136,-117183,-2.05
1157.166,-116973,-1.68
1160.197,-116286,-0.46
1163.227,-115750,0.48
1166.257,-115448,1.02
1169.288,-115738,0.50
1172.318,-115854,0.30
1175.348,-116176,-0.27
1178.683,-116697,-1.19
1181.713,-116095,-0.13
1184.744,-115657,0.64
1187.774,-115389,1.12
1190.804,-115903,0.21
1193.835,-115918,0.18
1196.865,-116206,-0.33
1199.895,-115766,0.45
1203.238,-116559,-0.94
1206.268,-116278,-0.45
1209.299,-116041,-0.03
1212.329,-116071,-0.08
1215.359,-116665,-1.13
1218.390,-116036,-0.02
1221.420,-115937,0.15
1224.450,-115712,0.55
1227.793,-116125,-0.18
1230.823,-115862,0.28
1233.854,-116079,-0.10
1236.884,-116252,-0.41
1239.914,-115660,0.64
1242.945,-115832,0.34
1245.975,-115880,0.25
1249.005,-115631,0.69
1252.352,-115588,0.77
1255.382,-116758,-1.30
1258.413,-115971,0.09
1261.443,-116243,-0.39
1264.473,-116181,-0.28
1267.504,-115521,0.89
1270.534,-116056,-0.06
1273.564,-116095,-0.13
1276.906,-116848,-1.46
1279.936,-115928,0.17
1282.967,-115891,0.23
1285.997,-115715,0.54
1289.027,-115401,1.10
1292.058,-116072,-0.09
1295.088,-116186,-0.29
1298.118,-115850,0.30
1301.470,-116172,-0.27
1304.500,-115603,0.74
1307.531,-115438,1.03
1310.561,-115987,0.06
1313.591,-115843,0.32
1316.622,-116630,-1.07
1319.652,-116127,-0.19
1322.682,-116071,-0.09
1326.028,-115880,0.25
1329.058,-115847,0.31
1332.089,-115762,0.46
1335.119,-116368,-0.61
1338.149,-116155,-0.24
1341.180,-116073,-0.09
1344.210,-116033,-0.02
1347.240,-115818,0.36
1350.589,-116078,-0.10
1353.619,-116275,-0.45
1356.650,-116464,-0.78
1359.680,-115865,0.28
1362.710,-115729,0.52
1365.741,-115641,0.67
1368.771,-116201,-0.32
1371.801,-116099,-0.14
1375.140,-116615,-1.05
1378.170,-116378,-0.63
1381.201,-115598,0.75
1384.231,-115647,0.66
1387.261,-115249,1.36
1390.292,-116091,-0.12
1393.322,-116341,-0.56
1396.352,-116059,-0.07
1399.695,-116498,-0.85
1402.725,-115704,0.56
1405.756,-115487,0.94
1408.786,-115459,0.99
1411.816,-115756,0.46
1414.847,-116433,-0.73
1417.877,-116099,-0.14
1420.907,-115868,0.27
1424.253,-116176,-0.28
1427.283,-115696,0.57
1430.314,-115581,0.77
1433.344,-115889,0.23
1436.374,-116045,-0.05
1439.405,-116265,-0.44
1442.435,-115664,0.62
1445.465,-115777,0.42
1448.798,-116261,-0.43
1451.828,-116106,-0.16
1454.859,-116210,-0.34
1457.889,-116424,-0.72
1460.919,-115690,0.58
1463.950,-115653,0.64
1466.980,-115140,1.55
1470.010,-116047,-0.06
1473.355,-116645,-1.11
1476.385,-116451,-0.77
1479.416,-115839,0.31
1482.446,-115944,0.13
1485.476,-115838,0.32
1488.507,-115875,0.25
1491.537,-116159,-0.25
1494.567,-115731,0.50
1497.911,-116498,-0.85
1500.941,-116292,-0.48
1503.972,-116008,0.02
1507.002,-115588,0.76
1510.032,-115988,0.05
1513.063,-116326,-0.54
1516.093,-116227,-0.37
1519.123,-116329,-0.55
1522.496,-116818,-1.41
1525.526,-115929,0.16
1528.557,-115631,0.69
1531.587,-116075,-0.10
1534.617,-116304,-0.50
1537.648,-116470,-0.79
1540.678,-116279,-0.46
1543.708,-115767,0.45
1547.023,-115939,0.14
1550.053,-115646,0.66
1553.084,-116591,-1.01
1556.114,-116128,-0.19
1559.144,-116257,-0.42
1562.175,-115487,0.94
1565.205,-115920,0.18
1568.235,-115808,0.37
1571.590,-116236,-0.38
1574.620,-116116,-0.17
1577.651,-116639,-1.09
1580.681,-115848,0.30
1583.711,-116140,-0.21
1586.742,-115504,0.91
1589.772,-115495,0.93
1592.802,-116009,0.02
1596.144,-117025,-1.77
1599.174,-115929,0.16
1602.205,-116001,0.04
1605.235,-115907,0.20
1608.265,-115571,0.80
1611.296,-116266,-0.43
1614.326,-116055,-0.06
1617.356,-116324,-0.53
1620.701,-116276,-0.45
1623.731,-115748,0.48
1626.762,-115402,1.09
1629.792,-116083,-0.11
1632.822,-116257,-0.42
1635.853,-116487,-0.82
1638.883,-116172,-0.27
1641.913,-115580,0.78
1645.255,-115830,0.33
1648.285,-115636,0.68
1651.316,-116567,-0.97
1654.346,-116452,-0.76
1657.376,-115837,0.32
1660.407,-116059,-0.07
1663.437,-115325,1.23
1666.467,-115388,1.11
1669.813,-116066,-0.08
1672.843,-116153,-0.24
1675.874,-116646,-1.11
1678.904,-115922,0.17
1681.934,-115928,0.16
1684.965,-115755,0.47
1687.995,-115747,0.48
1691.025,-116039,-0.03
1694.367,-116302,-0.50
1697.397,-116105,-0.15
1700.428,-115918,0.18
1703.458,-116076,-0.10
1706.488,-115846,0.31
1709.519,-115627,0.69
1712.549,-116135,-0.20
1715.579,-116132,-0.20
1718.916,-116876,-1.50
1721.946,-116642,-1.09
1724.977,-116952,-1.64
1728.007,-115726,0.53
1731.037,-115671,0.62
1734.068,-116289,-0.47
1737.098,-116672,-1.14
1740.128,-116189,-0.29
1743.469,-115652,0.65
1746.499,-116003,0.03
1749.530,-115405,1.09
1752.560,-115936,0.15
1755.590,-116569,-0.97
1758.621,-116057,-0.06
1761.651,-115725,0.53
1764.681,-115634,0.69
1768.026,-115949,0.13
1771.056,-116035,-0.03
1774.087,-116116,-0.17
1777.117,-116302,-0.50
1780.147,-115537,0.85
1783.178,-115742,0.49
1786.208,-115575,0.79
1789.238,-115773,0.44
1792.585,-116426,-0.72
1795.615,-116619,-1.06
1798.646,-116509,-0.86
1801.676,-115787,0.41
1804.706,-115743,0.49
1807.737,-115832,0.33
1810.767,-115676,0.61
1813.797,-115912,0.19
1817.139,-115782,0.42
1820.169,-116119,-0.18
1823.200,-115595,0.75
1826.230,-115463,0.98
1829.260,-115729,0.51
1832.291,-115923,0.17
1835.321,-116051,-0.06
1838.351,-116192,-0.31
1841.695,-116103,-0.15
1844.725,-115950,0.12
1847.756,-115573,0.79
1850.786,-115971,0.08
1853.816,-116191,-0.30
1856.847,-116449,-0.76
1859.877,-115736,0.50
1862.907,-116045,-0.05
1866.260,-115516,0.89
1869.290,-116225,-0.37
1872.321,-116186,-0.30
1875.351,-116384,-0.65
1878.381,-116245,-0.40
1881.412,-115802,0.38
1884.442,-115699,0.56
1887.472,-115420,1.05
1890.817,-116218,-0.35
1893.847,-115891,0.22
1896.878,-116865,-1.50
1899.908,-116253,-0.42
1902.938,-115892,0.22
1905.969,-115214,1.42
1908.999,-115816,0.36
1912.029,-116051,-0.06
1915.373,-116619,-1.06
1918.403,-116078,-0.11
1921.434,-116208,-0.34
1924.464,-115955,0.11
1927.494,-115679,0.60
1930.525,-115623,0.70
1933.555,-115852,0.29
1936.585,-116328,-0.55
1939.927,-115723,0.52
1942.957,-115640,0.66
1945.988,-115675,0.60
1949.018,-115380,1.12
1952.048,-116323,-0.54
1955.079,-116109,-0.17
1958.109,-116033,-0.03
1961.139,-115732,0.50
1964.485,-116188,-0.31
1967.515,-115632,0.68
1970.546,-115640,0.66
1973.576,-116396,-0.67
1976.606,-115925,0.16
1979.637,-116186,-0.30
1982.667,-116006,0.02
1985.697,-115796,0.39
1989.034,-116026,-0.02
1992.064,-116318,-0.54
1995.095,-116179,-0.29
1998.125,-116436,-0.74
2001.155,-115812,0.36
2004.186,-115585,0.76
2007.216,-115431,1.03
2010.246,-116064,-0.09
2013.588,-116153,-0.24
2016.618,-116265,-0.44
2019.649,-115862,0.27
2022.679,-115969,0.08
2025.709,-115911,0.18
2028.740,-115962,0.09
2031.770,-116290,-0.49
2034.800,-116057,-0.07
2038.143,-117238,-2.16
2041.173,-116096,-0.14
2044.204,-115758,0.45
2047.234,-115308,1.25
2050.264,-115767,0.44
2053.295,-116184,-0.30
2056.325,-116216,-0.35
2059.355,-116090,-0.13
2062.700,-115917,0.17
2065.730,-115691,0.57
2068.761,-115413,1.06
2071.791,-115705,0.55
2074.821,-116011,0.01
2077.852,-116390,-0.66
2080.882,-116221,-0.36
2083.912,-116078,-0.11
2087.256,-115578,0.77
2090.286,-116475,-0.81
2093.317,-116208,-0.34
2096.347,-116471,-0.80
2099.377,-116337,-0.57
2102.408,-115590,0.75
2105.438,-115648,0.65
2108.468,-115664,0.62
2111.812,-116357,-0.60
2114.842,-116132,-0.21
2117.873,-116124,-0.19
2120.903,-115864,0.27
2123.933,-115867,0.26
2126.964,-115411,1.07
2129.994,-115991,0.04
2133.024,-115878,0.24
2136.378,-116512,-0.88
2139.408,-115723,0.52
2142.439,-115701,0.55
2145.469,-115569,0.79
2148.499,-115840,0.31
2151.530,-115694,0.57
2154.560,-116197,-0.32
2157.590,-116316,-0.53
2160.933,-116244,-0.40
2163.963,-115779,0.42
2166.994,-115669,0.61
2170.024,-115541,0.84
2173.054,-115912,0.18
2176.085,-116316,-0.53
2179.115,-116415,-0.71
2182.145,-115704,0.55
2185.489,-116124,-0.19
2188.519,-115876,0.25
2191.550,-116054,-0.07
2194.580,-116389,-0.66
2197.610,-116015,0.00
2200.641,-116129,-0.20
2203.671,-116024,-0.02
2206.701,-115557,0.81
2210.047,-115849,0.29
2213.077,-116471,-0.80
2216.108,-115931,0.15
2219.138,-116185,-0.30
2222.168,-116035,-0.04
2225.199,-115530,0.86
2228.229,-115731,0.50
2231.259,-116118,-0.18
2234.601,-116574,-0.99
2237.631,-116712,-1.23
2240.662,-116272,-0.45
2243.692,-115396,1.09
2246.722,-115496,0.92
2249.753,-115907,0.19
2252.783,-116196,-0.32
2255.813,-116465,-0.79
2259.157,-116807,-1.40
2262.187,-115856,0.28
2265.218,-115691,0.57
2268.248,-115784,0.41
2271.278,-115758,0.45
2274.309,-115791,0.40
2277.339,-116272,-0.45
2280.369,-116362,-0.61
2283.703,-115382,1.12
2286.733,-115459,0.98
2289.764,-115584,0.76
2292.794,-116014,0.00
2295.824,-116330,-0.56
2298.855,-115963,0.09
2301.885,-115924,0.16
2304.915,-115595,0.74
2308.259,-116075,-0.11
2311.289,-115855,0.28
2314.320,-115899,0.20
2317.350,-116370,-0.63
2320.380,-115978,0.07
2323.411,-115648,0.65
2326.441,-115554,0.81
2329.471,-115782,0.41
2332.818,-116593,-1.02
2335.848,-116094,-0.14
2338.879,-116170,-0.27
2341.909,-115569,0.79
2344.939,-115678,0.60
2347.970,-115606,0.72
2351.000,-116010,0.01
2354.030,-116411,-0.70
2357.371,-116625,-1.08
2360.401,-115806,0.37
2363.432,-115646,0.65
2366.462,-115152,1.52
2369.492,-115829,0.33
2372.523,-116391,-0.66
2375.553,-116015,0.00
2378.583,-116195,-0.32
2381.930,-115502,0.91
2384.960,-117109,-1.93
2387.991,-116322,-0.54
2391.021,-115764,0.44
2394.051,-116692,-1.20
2397.082,-116408,-0.69
2400.112,-115942,0.13
2403.142,-115345,1.18
2406.494,-116268,-0.45
2409.524,-115962,0.09
2412.555,-115930,0.15
2415.585,-116088,-0.13
2418.615,-116672,-1.16
2421.646,-116105,-0.16
2424.676,-115571,0.78
2427.706,-115741,0.48
2431.047,-115708,0.54
2434.077,-116799,-1.38
2437.108,-116132,-0.21
2440.138,-116212,-0.35
2443.168,-115998,0.03
2446.199,-115882,0.24
2449.229,-115880,0.24
2452.259,-116375,-0.64
2455.603,-115935,0.14
2458.633,-115984,0.05
2461.664,-115462,0.98
2464.694,-115792,0.39
2467.724,-115128,1.57
2470.755,-116076,-0.11
2473.785,-116475,-0.81
2476.815,-116388,-0.66
2480.158,-115818,0.35
2483.188,-116244,-0.40
2486.219,-115535,0.85
2489.249,-115709,0.54
2492.279,-116296,-0.50
2495.310,-116029,-0.02
2498.340,-116273,-0.46
2501.370,-115908,0.19
2504.718,-115989,0.05
2507.748,-115965,0.09
2510.779,-115938,0.14
2513.809,-115958,0.10
2516.839,-115994,0.04
2519.870,-115811,0.36
2522.900,-115964,0.09
2525.930,-115071,1.67
2529.274,-116270,-0.45
2532.304,-115938,0.14
2535.335,-115806,0.37
2538.365,-115787,0.40
2541.395,-115468,0.97
2544.426,-115962,0.09
2547.456,-115546,0.83
2550.486,-115815,0.35
2553.823,-116659,-1.14
2556.853,-116235,-0.39
2559.884,-116040,-0.04
2562.914,-115935,0.14
2565.944,-115718,0.52
2568.975,-115900,0.20
2572.005,-115930,0.15
2575.035,-116023,-0.01
2578.377,-117141,-1.99
2581.407,-116265,-0.44
2584.438,-115898,0.21
2587.468,-115143,1.54
2590.498,-115920,0.17
2593.529,-116292,-0.49
2596.559,-116132,-0.21
2599.589,-115959,0.10
2602.933,-115715,0.53
2605.963,-115740,0.49
2608.994,-115737,0.49
2612.024,-115828,0.33
2615.054,-115911,0.18
2618.085,-116250,-0.41
2621.115,-115827,0.33
2624.145,-115671,0.61
2627.489,-115726,0.51
2630.519,-115384,1.11
2633.550,-116297,-0.50
2636.580,-116483,-0.83
2639.610,-116321,-0.54
2642.641,-115869,0.26
2645.671,-115763,0.45
2648.701,-115212,1.42
2652.045,-116328,-0.55
2655.075,-116154,-0.25
2658.106,-116192,-0.31
2661.136,-116024,-0.02
2664.166,-115644,0.66
2667.197,-115447,1.00
2670.227,-115638,0.67
2673.257,-116137,-0.22
2676.610,-117248,-2.18
2679.640,-116633,-1.09
2682.671,-115869,0.26
2685.701,-115956,0.10
2688.731,-115640,0.66
2691.762,-115912,0.18
2694.792,-116305,-0.51
2697.822,-116125,-0.19
2701.168,-116703,-1.21
2704.198,-115958,0.10
2707.229,-115557,0.81
2710.259,-115779,0.42
2713.289,-116024,-0.02
2716.320,-116284,-0.47
2719.350,-115925,0.16
2722.380,-115921,0.17
2725.722,-115498,0.91
2728.752,-116168,-0.27
2731.783,-115612,0.71
2734.813,-115929,0.15
2737.843,-115950,0.11
2740.874,-115990,0.04
2743.904,-116025,-0.02
2746.934,-114976,1.83
2750.279,-116193,-0.31
2753.309,-115850,0.29
2756.340,-116253,-0.42
2759.370,-115870,0.26
2762.400,-115841,0.31
2765.431,-115557,0.81
2768.461,-115478,0.95
2771.491,-115547,0.83
2774.835,-116324,-0.55
2777.865,-116564,-0.97
2780.896,-116034,-0.03
2783.926,-115801,0.38
2786.956,-115383,1.12
2789.987,-116020,-0.01
2793.017,-115909,0.19
2796.047,-116383,-0.65
2799.391,-116745,-1.29
2802.421,-115596,0.74
2805.452,-115611,0.71
2808.482,-115924,0.16
2811.512,-115783,0.41
2814.543,-115979,0.06
2817.573,-116401,-0.68
2820.603,-115808,0.37
2823.938,-115744,0.48
2826.968,-115440,1.02
2829.999,-115787,0.40
2833.029,-116002,0.02
2836.059,-116388,-0.66
2839.090,-116316,-0.53
2842.120,-116095,-0.14
2845.150,-115445,1.01
2848.495,-115526,0.86
2851.525,-115943,0.13
2854.556,-116336,-0.57
2857.586,-116551,-0.95
2860.616,-116073,-0.10
2863.647,-115961,0.10
2866.677,-115489,0.93
2869.707,-115610,0.72
2873.051,-116552,-0.95
2876.081,-116127,-0.20
2879.112,-116023,-0.01
2882.142,-116005,0.02
2885.172,-115958,0.10
2888.203,-115702,0.55
2891.233,-116149,-0.24
2894.263,-116159,-0.25
2897.605,-117336,-2.33
2900.635,-115717,0.53
2903.666,-115869,0.26
2906.696,-115809,0.36
2909.726,-115984,0.05
2912.757,-116079,-0.11
2915.787,-116260,-0.43
2918.817,-115855,0.28
2922.161,-117104,-1.92
2925.191,-115723,0.52
2928.222,-115914,0.18
2931.252,-115944,0.13
2934.282,-115947,0.12
2937.313,-116718,-1.24
2940.343,-116037,-0.04
2943.373,-116187,-0.30
2946.718,-115943,0.13
2949.748,-115691,0.57
2952.779,-115912,0.18
2955.809,-116244,-0.40
2958.839,-116529,-0.91
2961.870,-115980,0.06
2964.900,-115693,0.57
2967.930,-115958,0.10
2971.284,-116001,0.02
2974.314,-115936,0.14
2977.345,-116502,-0.86
2980.375,-116222,-0.37
2983.405,-115863,0.27
2986.436,-115555,0.81
2989.466,-115794,0.39
2992.496,-115762,0.45
2995.840,-116494,-0.85
2998.870,-115894,0.21
3001.901,-115939,0.13
3004.931,-115577,0.77
3007.961,-115561,0.80
3010.992,-115997,0.03
3014.022,-115983,0.06
3017.052,-116320,-0.54
3020.397,-116391,-0.66
3023.427,-116166,-0.27
3026.458,-115427,1.04
3029.488,-115516,0.88
3032.518,-116050,-0.06
3035.549,-116318,-0.53
3038.579,-116149,-0.24
3041.609,-115834,0.32
3044.952,-115974,0.07
3047.982,-115485,0.94
3051.013,-116273,-0.46
3054.043,-115956,0.10
3057.073,-116118,-0.18
3060.104,-116031,-0.03
3063.134,-115611,0.71
3066.164,-115102,1.61
3069.508,-116149,-0.24
3072.538,-115833,0.32
3075.569,-116468,-0.80
3078.599,-115866,0.26
3081.629,-115603,0.73
3084.660,-115638,0.67
3087.690,-115747,0.47
3090.720,-115955,0.11
3094.052,-115785,0.41
3097.082,-116712,-1.23
3100.113,-115929,0.15
3103.143,-116060,-0.08
3106.173,-115694,0.57
3109.204,-115881,0.24
3112.234,-116063,-0.08
3115.264,-116107,-0.16
3118.611,-116387,-0.66
3121.641,-115975,0.07
3124.672,-115804,0.37
3127.702,-115557,0.81
3130.732,-115980,0.06
3133.763,-115690,0.57
3136.793,-116287,-0.48
3139.823,-116195,-0.32
3143.166,-116006,0.02
3146.196,-115758,0.45
3149.227,-115661,0.63
3152.257,-116539,-0.92
3155.287,-116135,-0.21
3158.318,-115911,0.18
3161.348,-116148,-0.23
3164.378,-115266,1.32
3167.724,-115590,0.75
3170.754,-116032,-0.03
3173.785,-115789,0.40
3176.815,-116083,-0.12
3179.845,-116393,-0.67
3182.876,-115721,0.52
3185.906,-115708,0.54
3188.936,-115671,0.61
3192.278,-116246,-0.41
3195.308,-116173,-0.28
3198.339,-115850,0.29
3201.369,-116030,-0.03
3204.399,-115581,0.77
3207.430,-115448,1.00
3210.460,-115785,0.41
3213.490,-116329,-0.55
3216.835,-116963,-1.67
3219.865,-116465,-0.79
3222.896,-116081,-0.12
3225.926,-115525,0.87
3228.956,-115783,0.41
3231.987,-115979,0.06
3235.017,-116388,-0.66
3238.047,-116390,-0.66
3241.399,-116602,-1.04
3244.429,-115854,0.28
3247.460,-115575,0.78
3250.490,-115951,0.11
3253.520,-116371,-0.63
3256.551,-116340,-0.57
3259.581,-115856,0.28
3262.611,-116001,0.02
3265.958,-116426,-0.73
3268.988,-115844,0.30
3272.019,-115749,0.47
3275.049,-115967,0.08
3278.079,-116424,-0.72
3281.110,-115735,0.49
3284.140,-115823,0.34
3287.170,-115696,0.56
3290.513,-115743,0.48
3293.543,-116526,-0.90
3296.574,-116357,-0.60
3299.604,-115976,0.07
3302.634,-115976,0.07
3305.665,-115572,0.78
3308.695,-116156,-0.25
3311.725,-115719,0.52
3315.072,-116574,-0.99
3318.102,-116629,-1.08
3321.133,-115784,0.41
3324.163,-115859,0.28
3327.193,-115383,1.12
3330.224,-115800,0.38
3333.254,-115995,0.04
3336.284,-116182,-0.29
3339.624,-117258,-2.19
3342.654,-115511,0.89
3345.685,-115721,0.52
3348.715,-115518,0.88
3351.745,-115975,0.07
3354.776,-116368,-0.62
3357.806,-116269,-0.45
3360.836,-115860,0.27
3364.181,-115881,0.24
3367.211,-115833,0.32
3370.242,-115578,0.77
3373.272,-116284,-0.47
3376.302,-116196,-0.32
3379.333,-116235,-0.39
3382.363,-115598,0.74
3385.393,-115588,0.75
3388.728,-116139,-0.22
3391.758,-115765,0.44
3394.789,-115699,0.56
3397.819,-116292,-0.49
3400.849,-115707,0.54
3403.880,-115928,0.15
3406.910,-116165,-0.26
3409.940,-115952,0.11
3413.284,-116432,-0.74
3416.314,-116311,-0.52
3419.345,-116282,-0.47
3422.375,-115984,0.05
3425.405,-115712,0.54
3428.436,-115506,0.90
3431.466,-116189,-0.31
3434.496,-115786,0.40
3437.840,-116946,-1.64
3440.870,-115862,0.27
3443.901,-115604,0.73
3446.931,-115694,0.57
3449.961,-115593,0.75
3452.992,-116131,-0.20
3456.022,-116114,-0.17
3459.052,-116374,-0.63
3462.398,-116439,-0.75
3465.428,-115907,0.19
3468.459,-115674,0.60
3471.489,-116277,-0.46
3474.519,-116230,-0.38
3477.550,-116547,-0.94
3480.580,-116255,-0.42
3483.610,-115789,0.40
3486.951,-116199,-0.32
3489.981,-115679,0.59
3493.012,-116170,-0.27
3496.042,-116254,-0.42
3499.072,-116212,-0.35
3502.103,-116010,0.01
3505.133,-115569,0.79
3508.163,-115395,1.09
3511.517,-115746,0.48
3514.547,-116117,-0.18
3517.578,-116195,-0.32
3520.608,-116176,-0.28
3523.638,-115964,0.09
3526.669,-115705,0.55
3529.699,-115869,0.26
3532.729,-116240,-0.40
3536.074,-116444,-0.76
3539.104,-116478,-0.82
3542.135,-115702,0.55
3545.165,-115981,0.06
3548.195,-115978,0.07
3551.226,-115489,0.93
3554.256,-115767,0.44
3557.286,-116234,-0.39
3560.631,-116249,-0.41
3563.661,-115590,0.75
3566.692,-115526,0.86
3569.722,-115925,0.16
3572.752,-115934,0.14
3575.783,-116233,-0.38
3578.813,-116472,-0.81
3581.843,-116049,-0.06
3585.186,-115956,0.10
3588.216,-115607,0.72
3591.247,-116053,-0.07
3594.277,-116284,-0.47
3597.307,-116305,-0.51
3600.338,-116181,-0.29
3603.368,-115621,0.70
3606.398,-115692,0.57
3609.743,-116194,-0.32
3612.773,-116035,-0.04
3615.804,-115830,0.33
3618.834,-115923,0.16
3621.864,-115615,0.71
3624.895,-115704,0.55
3627.925,-115586,0.76
3630.955,-115800,0.38
3634.299,-116331,-0.56
3637.329,-115901,0.20
3640.360,-116335,-0.56
3643.390,-115595,0.74
3646.420,-115560,0.80
3649.451,-116007,0.01
3652.481,-115883,0.23
3655.511,-116340,-0.57
3658.847,-116660,-1.14
3661.877,-115784,0.41
3664.908,-115742,0.48
3667.938,-115647,0.65
3670.968,-115960,0.10
3673.999,-116300,-0.50
3677.029,-116239,-0.40
3680.059,-116188,-0.31
3683.402,-116228,-0.38
3686.432,-115691,0.57
3689.463,-115543,0.83
3692.493,-115920,0.17
3695.523,-116048,-0.06
3698.554,-115889,0.22
3701.584,-115572,0.78
3704.614,-115414,1.06
3707.958,-115367,1.14
3710.988,-116488,-0.83
3714.019,-116435,-0.74
3717.049,-116170,-0.27
3720.079,-116052,-0.07
3723.110,-115846,0.30
3726.140,-115802,0.38
3729.170,-116253,-0.42
3732.513,-116274,-0.46
3735.543,-116124,-0.19
3738.574,-116425,-0.72
3741.604,-115831,0.33
3744.634,-115992,0.04
3747.665,-115308,1.25
3750.695,-115800,0.38
3753.725,-115709,0.54
3757.069,-116695,-1.20
3760.099,-115791,0.40
3763.130,-116114,-0.17
3766.160,-116024,-0.02
3769.190,-115453,0.99
3772.221,-116027,-0.02
3775.251,-115792,0.39
3778.281,-116251,-0.42
3781.623,-115911,0.18
3784.653,-115740,0.49
3787.684,-115417,1.06
3790.714,-115426,1.04
3793.744,-116017,-0.00
3796.775,-115992,0.04
3799.805,-115697,0.56
3802.835,-115494,0.92
3806.192,-115952,0.11
3809.222,-115774,0.43
3812.253,-116284,-0.47
3815.283,-115981,0.06
3818.313,-116017,-0.00
3821.344,-115545,0.83
3824.374,-115859,0.28
3827.404,-115796,0.39
3830.748,-116699,-1.21
3833.778,-116429,-0.73
3836.809,-116627,-1.08
3839.839,-116365,-0.62
3842.869,-115911,0.18
3845.900,-115727,0.51
3848.930,-115442,1.01
3851.960,-115836,0.32
3855.303,-115947,0.12
3858.333,-116297,-0.50
3861.364,-116031,-0.03
3864.394,-115800,0.38
3867.424,-115519,0.88
3870.455,-115874,0.25
3873.485,-115711,0.54
3876.515,-116150,-0.24
3879.860,-116581,-1.00
3882.890,-115610,0.72
3885.921,-115796,0.39
3888.951,-115330,1.21
3891.981,-115999,0.03
3895.012,-116529,-0.91
3898.042,-115978,0.07
3901.072,-116087,-0.13
3904.416,-116221,-0.36
3907.446,-115553,0.82
3910.477,-115761,0.45
3913.507,-116012,0.01
3916.537,-116307,-0.52
3919.568,-116050,-0.06
3922.598,-115992,0.04
3925.628,-115477,0.95
3928.965,-115628,0.68
3931.995,-116242,-0.40
3935.026,-116363,-0.61
3938.056,-116398,-0.68
3941.086,-115846,0.30
3944.117,-115551,0.82
3947.147,-115705,0.55
3950.177,-115563,0.80
3953.540,-117336,-2.33
3956.570,-116694,-1.20
3959.601,-116494,-0.85
3962.631,-116333,-0.56
3965.661,-115813,0.36
3968.692,-115600,0.73
3971.722,-115887,0.23
3974.752,-116196,-0.32
3978.077,-117047,-1.82
3981.107,-115776,0.42
3984.138,-115815,0.35
3987.168,-115854,0.28
3990.198,-115480,0.94
3993.229,-115887,0.23
3996.259,-116175,-0.28
3999.289,-116297,-0.50
4002.632,-116216,-0.35
4005.662,-116064,-0.09
4008.693,-115363,1.15
4011.723,-115875,0.25
4014.753,-115873,0.25
4017.784,-117077,-1.87
4020.814,-116325,-0.55
4023.844,-115724,0.51
4027.185,-114787,2.17
4030.215,-115266,1.32
4033.246,-115984,0.05
4036.276,-116396,-0.67
4039.306,-116229,-0.38
4042.337,-115814,0.36
4045.367,-115193,1.45
4048.397,-115257,1.34
4051.743,-115496,0.92
4054.773,-115848,0.30
4057.804,-116381,-0.65
4060.834,-116148,-0.23
4063.864,-115704,0.55
4066.895,-115644,0.66
4069.925,-115838,0.31
4072.955,-116050,-0.06
4076.310,-116902,-1.57
4079.340,-116363,-0.61
4082.371,-115756,0.46
4085.401,-115663,0.62
4088.431,-115345,1.18
4091.462,-115889,0.22
4094.492,-116233,-0.38
4097.522,-116004,0.02
4100.866,-117028,-1.79
4103.896,-115962,0.09
4106.927,-115757,0.46
4109.957,-115582,0.76
4112.987,-116441,-0.75
4116.018,-116086,-0.13
4119.048,-116453,-0.77
4122.078,-115674,0.60
4125.423,-115835,0.32
4128.453,-114852,2.05
4131.484,-115826,0.33
4134.514,-116051,-0.06
4137.544,-116353,-0.60
4140.575,-116067,-0.09
4143.605,-115794,0.39
4146.635,-115523,0.87
4149.977,-116235,-0.39
4153.007,-116083,-0.12
4156.038,-116271,-0.45
4159.068,-116076,-0.11
4162.098,-115670,0.61
4165.129,-116092,-0.14
4168.159,-114995,1.80
4171.189,-116019,-0.01
4174.541,-116203,-0.33
4177.571,-116331,-0.56
4180.602,-116078,-0.11
4183.632,-115590,0.75
4186.662,-115403,1.08
4189.693,-115526,0.86
4192.723,-116202,-0.33
4195.753,-116319,-0.54
4199.089,-117197,-2.09
4202.119,-115789,0.40
4205.150,-115716,0.53
4208.180,-115109,1.60
4211.210,-115793,0.39
4214.241,-116224,-0.37
4217.271,-116071,-0.10
4220.301,-116068,-0.09
4223.636,-115779,0.42
4226.666,-115804,0.37
4229.697,-115505,0.90
4232.727,-115700,0.56
4235.757,-115887,0.23
4238.788,-116764,-1.32
4241.818,-115864,0.27
4244.848,-115914,0.18
4248.194,-115424,1.04
4251.224,-115939,0.13
4254.255,-116623,-1.07
4257.285,-116704,-1.22
4260.315,-116352,-0.59
4263.346,-115648,0.65
4266.376,-115262,1.33
4269.406,-115123,1.58
4272.748,-116306,-0.51
4275.778,-115995,0.04
4278.809,-116394,-0.67
4281.839,-115671,0.61
4284.869,-115658,0.63
4287.900,-115102,1.61
4290.930,-115872,0.25
4293.960,-115713,0.53
4297.303,-116425,-0.72
4300.333,-116199,-0.32
4303.364,-115611,0.71
4306.394,-115716,0.53
4309.424,-115567,0.79
4312.455,-115942,0.13
4315.485,-116072,-0.10
4318.515,-116571,-0.98
4321.862,-116480,-0.82
4324.892,-115547,0.83
4327.923,-115213,1.42
4330.953,-115774,0.43
4333.983,-116236,-0.39
4337.014,-116360,-0.61
4340.044,-116487,-0.83
4343.074,-115750,0.47
4346.426,-116308,-0.52
4349.456,-115750,0.47
4352.487,-116160,-0.26
4355.517,-116223,-0.37
4358.547,-116969,-1.68
4361.578,-115612,0.71
4364.608,-116193,-0.31
4367.638,-115423,1.05
4370.984,-116428,-0.73
4374.014,-116295,-0.49
4377.045,-116064,-0.09
4380.075,-116127,-0.20
4383.105,-116026,-0.02
4386.136,-115072,1.67
4389.166,-115572,0.78
4392.196,-115740,0.49
4395.541,-115894,0.21
4398.571,-116902,-1.57
4401.602,-116122,-0.19
4404.632,-115891,0.22
4407.662,-115110,1.60
4410.693,-115468,0.97
4413.723,-115831,0.33
4416.753,-116714,-1.23
4420.095,-116738,-1.28
4423.125,-115924,0.16
4426.156,-115479,0.95
4429.186,-115349,1.18
4432.216,-116196,-0.32
4435.247,-116684,-1.18
4438.277,-116699,-1.21
4441.307,-116104,-0.16
4444.652,-116130,-0.20
4447.682,-115276,1.30
4450.713,-116039,-0.04
4453.743,-116093,-0.14
4456.773,-116624,-1.08
4459.804,-116227,-0.37
4462.834,-115995,0.04
4465.864,-115702,0.55
4469.206,-116071,-0.10
4472.236,-115853,0.29
4475.267,-116359,-0.61
4478.297,-116459,-0.78
4481.327,-115859,0.28
4484.358,-115992,0.04
4487.388,-115635,0.67
4490.418,-115797,0.39
4493.755,-116366,-0.62
4496.785,-116458,-0.78
4499.816,-116316,-0.53
4502.846,-116049,-0.06
4505.876,-115778,0.42
4508.907,-115310,1.24
4511.937,-115529,0.86
4514.967,-115782,0.41
4518.311,-117224,-2.13
4521.341,-116297,-0.50
4524.372,-115758,0.45
4527.402,-115102,1.61
4530.432,-115882,0.24
4533.463,-116342,-0.58
4536.493,-116478,-0.82
4539.523,-116567,-0.97
4542.865,-115845,0.30
4545.895,-115492,0.92
4548.926,-115429,1.03
4551.956,-115843,0.30
4554.986,-116048,-0.06
4558.017,-116852,-1.48
4561.047,-116010,0.01
4564.077,-115511,0.89
4567.423,-115807,0.37
4570.453,-115534,0.85
4573.484,-116189,-0.31
4576.514,-116347,-0.59
4579.544,-116451,-0.77
4582.575,-116078,-0.11
4585.605,-115846,0.30
4588.635,-115091,1.63
4591.978,-116187,-0.30
4595.008,-116144,-0.23
4598.039,-116767,-1.33
4601.069,-116051,-0.06
4604.099,-115917,0.17
4607.130,-115097,1.62
4610.160,-115262,1.33
4613.190,-115710,0.54
4616.548,-116778,-1.35
4619.578,-116574,-0.99
4622.609,-115858,0.28
4625.639,-115641,0.66
4628.669,-114979,1.83
4631.700,-115660,0.63
4634.730,-116341,-0.58
4637.760,-116544,-0.93
4641.101,-116812,-1.41
4644.131,-115330,1.21
4647.162,-115459,0.98
4650.192,-115379,1.12
4653.222,-115944,0.13
4656.253,-116259,-0.43
4659.283,-116379,-0.64
4662.313,-115830,0.33
4665.653,-115667,0.61
4668.683,-115021,1.76
4671.714,-115863,0.27
4674.744,-116376,-0.64
4677.774,-116773,-1.34
4680.805,-116072,-0.10
4683.835,-116006,0.02
4686.865,-115359,1.16
4690.212,-115839,0.31
4693.242,-115978,0.07
4696.273,-116740,-1.28
4699.303,-117080,-1.88
4702.333,-115791,0.40
4705.364,-115772,0.43
4708.394,-115193,1.45
4711.424,-115778,0.42
4714.768,-117203,-2.10
4717.798,-116875,-1.52
4720.829,-116379,-0.64
4723.859,-115946,0.12
4726.889,-115564,0.80
4729.920,-115161,1.51
4732.950,-115715,0.53
4735.980,-116550,-0.94
4739.324,-116722,-1.25
4742.354,-115649,0.65
4745.385,-115682,0.59
4748.415,-114956,1.87
4751.445,-115613,0.71
4754.476,-116121,-0.19
4757.506,-116603,-1.04
4760.536,-116093,-0.14
4763.868,-115891,0.22
4766.898,-115792,0.39
4769.929,-115165,1.50
4772.959,-115684,0.58
4775.989,-116429,-0.73
4779.020,-116758,-1.31
4782.050,-116398,-0.68
4785.080,-115571,0.78
4788.428,-115089,1.64
4791.458,-115793,0.39
4794.489,-115862,0.27
4797.519,-116459,-0.78
4800.549,-115888,0.22
4803.580,-115683,0.59
4806.610,-115051,1.70
4809.640,-115125,1.57
4812.982,-115936,0.14
4816.012,-116097,-0.14
4819.043,-116621,-1.07
4822.073,-116253,-0.42
4825.103,-115362,1.15
4828.134,-115038,1.73
4831.164,-115604,0.73
4834.194,-116115,-0.18
4837.544,-117080,-1.88
4840.574,-116246,-0.41
4843.605,-115520,0.87
4846.635,-115308,1.25
4849.665,-115318,1.23
4852.696,-116029,-0.02
4855.726,-116759,-1.31
4858.756,-116419,-0.71
4862.111,-116805,-1.39
4865.141,-116008,0.01
4868.172,-115338,1.20
4871.202,-116004,0.02
4874.232,-116134,-0.21
4877.263,-116587,-1.01
4880.293,-116322,-0.54
4883.323,-115742,0.48
4886.649,-115762,0.45
4889.679,-115562,0.80
4892.710,-116132,-0.21
4895.740,-116339,-0.57
4898.770,-116861,-1.49
4901.801,-116050,-0.06
4904.831,-115783,0.41
4907.861,-114874,2.01
4911.216,-115714,0.53
4914.246,-115917,0.17
4917.277,-116545,-0.94
4920.307,-116303,-0.51
4923.337,-115722,0.52
4926.368,-114959,1.86
4929.398,-115294,1.27
4932.428,-116078,-0.11
4935.770,-116026,-0.02
4938.800,-116566,-0.97
4941.831,-115814,0.36
4944.861,-115684,0.58
4947.891,-115040,1.72
4950.922,-115691,0.57
4953.952,-115987,0.05
4956.982,-116248,-0.41
4960.327,-116773,-1.34
4963.357,-115876,0.25
4966.388,-115602,0.73
4969.418,-115116,1.59
4972.448,-116204,-0.33
4975.479,-116092,-0.14
4978.509,-116626,-1.08
4981.539,-115939,0.13
4984.882,-115704,0.55
4987.912,-115474,0.96
4990.943,-115894,0.21
4993.973,-116219,-0.36
4997.003,-116576,-0.99
5000.034,-116295,-0.49
5003.064,-116024,-0.02
5006.094,-115136,1.55
5009.439,-115304,1.26
5012.469,-116080,-0.11
5015.500,-116133,-0.21
5018.530,-116499,-0.85
5021.560,-115999,0.03
5024.591,-115711,0.54
5027.621,-115213,1.42
5030.651,-115728,0.51
5034.020,-116393,-0.67
5037.050,-115959,0.10
5040.081,-116329,-0.55
5043.111,-115758,0.45
5046.141,-115504,0.90
5049.172,-115051,1.70
5052.202,-115708,0.54
5055.232,-115873,0.25
5058.549,-117233,-2.15
5061.579,-115879,0.24
5064.610,-115837,0.31
5067.640,-115272,1.31
5070.670,-115825,0.34
5073.701,-115856,0.28
5076.731,-116499,-0.85
5079.761,-116426,-0.73
5083.098,-115879,0.24
5086.128,-115500,0.91
5089.159,-115631,0.68
5092.189,-116053,-0.07
5095.219,-115932,0.15
5098.250,-116857,-1.49
5101.280,-116088,-0.13
5104.310,-115359,1.16
5107.657,-115916,0.17
5110.687,-115709,0.54
5113.718,-116103,-0.16
5116.748,-116116,-0.18
5119.778,-116533,-0.91
5122.809,-115874,0.25
5125.839,-116011,0.01
5128.869,-115232,1.38
5132.210,-115976,0.07
5135.240,-116349,-0.59
5138.271,-117058,-1.84
5141.301,-116040,-0.04
5144.331,-115554,0.81
5147.362,-115422,1.05
5150.392,-115598,0.74
5153.422,-116244,-0.40
5156.768,-116681,-1.18
5159.798,-116759,-1.31
5162.829,-115716,0.53
5165.859,-115291,1.28
5168.889,-115377,1.13
5171.920,-115907,0.19
5174.950,-116446,-0.76
5177.980,-116463,-0.79
5181.331,-116311,-0.52
5184.361,-115484,0.94
5187.392,-115525,0.87
5190.422,-115699,0.56
5193.452,-116096,-0.14
5196.483,-116698,-1.21
5199.513,-116334,-0.56
5202.543,-116270,-0.45
5205.889,-115955,0.11
5208.919,-115109,1.60
5211.950,-115853,0.29
5214.980,-116154,-0.25
5218.010,-116436,-0.74
5221.041,-116080,-0.11
5224.071,-115717,0.53
5227.101,-115410,1.07
5230.445,-115873,0.25
5233.475,-115963,0.09
5236.506,-116550,-0.94
5239.536,-116398,-0.68
5242.566,-115691,0.57
5245.597,-115461,0.98
5248.627,-114765,2.21
5251.657,-115995,0.04
5255.001,-116584,-1.00
5258.031,-116542,-0.93
5261.062,-116173,-0.28
5264.092,-115416,1.06
5267.122,-115604,0.73
5270.153,-115691,0.57
5273.183,-116052,-0.07
5276.213,-116313,-0.53
5279.562,-116752,-1.30
5282.592,-116365,-0.62
5285.623,-115937,0.14
5288.653,-115372,1.14
5291.683,-115692,0.57
5294.714,-115623,0.69
5297.744,-116492,-0.84
5300.774,-116323,-0.54
5304.112,-116103,-0.16
5307.142,-115350,1.17
5310.173,-115494,0.92
5313.203,-116231,-0.38
5316.233,-115844,0.30
5319.264,-116414,-0.70
5322.294,-115959,0.10
5325.324,-115429,1.03
5328.660,-115339,1.19
5331.690,-116019,-0.01
5334.721,-116202,-0.33
5337.751,-116540,-0.93
5340.781,-116467,-0.80
5343.812,-115683,0.59
5346.842,-115035,1.73
5349.872,-115465,0.97
5353.214,-115974,0.07
5356.244,-116068,-0.09
5359.275,-116575,-0.99
5362.305,-116038,-0.04
5365.335,-115447,1.00
5368.366,-115253,1.35
5371.396,-115663,0.62
5374.426,-115902,0.20
5377.771,-117535,-2.68
5380.801,-116181,-0.29
5383.832,-115709,0.54
5386.862,-115460,0.98
5389.892,-115625,0.69
5392.923,-115841,0.31
5395.953,-116156,-0.25
5398.983,-116521,-0.89
5402.328,-116595,-1.02
5405.358,-115688,0.58
5408.389,-115312,1.24
5411.419,-115885,0.23
5414.449,-115950,0.11
5417.480,-116828,-1.44
5420.510,-116069,-0.10
5423.540,-115793,0.39
5426.884,-115517,0.88
5429.914,-115199,1.44
5432.945,-115812,0.36
5435.975,-116090,-0.13
5439.005,-116834,-1.45
5442.036,-116026,-0.02
5445.066,-115777,0.42
5448.096,-115042,1.72
5451.448,-115540,0.84
5454.478,-116344,-0.58
5457.509,-116311,-0.52
5460.539,-116203,-0.33
5463.569,-116124,-0.19
5466.600,-115405,1.08
5469.630,-115367,1.14
5472.660,-115909,0.19
5476.005,-116889,-1.54
5479.035,-116680,-1.17
5482.066,-115850,0.29
5485.096,-115908,0.19
5488.126,-114850,2.06
5491.157,-115426,1.04
5494.187,-116218,-0.36
5497.217,-116659,-1.14
5500.567,-116428,-0.73
5503.597,-116020,-0.01
5506.628,-115933,0.14
5509.658,-115678,0.60
5512.688,-115451,1.00
5515.719,-116372,-0.63
5518.749,-116160,-0.26
5521.779,-115962,0.09
5525.117,-115419,1.05
5528.147,-114853,2.05
5531.178,-115847,0.30
5534.208,-115839,0.31
5537.238,-116489,-0.84
5540.269,-116362,-0.61
5543.299,-115942,0.13
5546.329,-115504,0.90
5549.672,-115356,1.16
5552.702,-115878,0.24
5555.733,-115811,0.36
5558.763,-116553,-0.95
5561.793,-115998,0.03
5564.824,-115864,0.27
5567.854,-115272,1.31
5570.884,-115378,1.12
5574.228,-116742,-1.28
5577.258,-116114,-0.17
5580.289,-116139,-0.22
5583.319,-116139,-0.22
5586.349,-115623,0.69
5589.380,-115303,1.26
5592.410,-116241,-0.40
5595.440,-116279,-0.47
5598.776,-116684,-1.18
5601.806,-115570,0.79
5604.837,-115417,1.06
5607.867,-115488,0.93
5610.897,-115434,1.03
5613.928,-116225,-0.37
5616.958,-116329,-0.55
5619.988,-116360,-0.61
5623.332,-116085,-0.12
5626.362,-115612,0.71
5629.393,-115192,1.45
5632.423,-116047,-0.06
5635.453,-116264,-0.44
5638.484,-116322,-0.54
5641.514,-115749,0.47
5644.544,-115714,0.53
5647.888,-114921,1.93
5650.918,-115363,1.15
5653.949,-115633,0.67
5656.979,-116475,-0.81
5660.009,-116327,-0.55
5663.040,-115702,0.55
5666.070,-115673,0.60
5669.100,-115132,1.56
5672.444,-116418,-0.71
5675.474,-116163,-0.26
5678.505,-116512,-0.88
5681.535,-115883,0.23
5684.565,-115939,0.13
5687.596,-115384,1.11
5690.626,-115875,0.25
5693.656,-115873,0.25
5697.000,-116483,-0.83
5700.030,-116078,-0.11
5703.061,-115364,1.15
5706.091,-115625,0.69
5709.121,-115299,1.26
5712.152,-115944,0.13
5715.182,-116139,-0.22
5718.212,-116508,-0.87
5721.572,-116652,-1.12
5724.602,-115601,0.73
5727.633,-115124,1.57
5730.663,-115819,0.35
5733.693,-116083,-0.12
5736.724,-116032,-0.03
5739.754,-116132,-0.21
5742.784,-115623,0.69
5746.123,-115654,0.64
5749.153,-115322,1.22
5752.184,-115837,0.31
5755.214,-115967,0.08
5758.244,-116245,-0.41
5761.275,-115895,0.21
5764.305,-115534,0.85
5767.335,-115310,1.24
5770.678,-115768,0.44
5773.708,-115702,0.55
5776.739,-116455,-0.78
5779.769,-116541,-0.93
5782.799,-115723,0.52
5785.830,-115367,1.14
5788.860,-115300,1.26
5791.890,-115693,0.57
5795.234,-116827,-1.43
5798.264,-116604,-1.04
5801.295,-115880,0.24
5804.325,-115387,1.11
5807.355,-115563,0.80
5810.386,-115544,0.83
5813.416,-116103,-0.16
5816.446,-116855,-1.48
5819.790,-116561,-0.96
5822.820,-115856,0.28
5825.851,-115867,0.26
5828.881,-115492,0.92
5831.911,-115660,0.63
5834.942,-116304,-0.51
5837.972,-116792,-1.37
5841.002,-116019,-0.01
5844.346,-116101,-0.15
5847.376,-115152,1.52
5850.407,-115547,0.83
5853.437,-116147,-0.23
5856.467,-116277,-0.46
5859.498,-116383,-0.65
5862.528,-115863,0.27
5865.558,-115578,0.77
5868.893,-115638,0.67
5871.923,-115700,0.56
5874.954,-116332,-0.56
5877.984,-116791,-1.37
5881.014,-116169,-0.27
5884.045,-115629,0.68
5887.075,-115151,1.53
5890.105,-115836,0.32
5893.449,-116487,-0.83
5896.479,-116058,-0.08
5899.510,-116392,-0.67
5902.540,-115843,0.30
5905.570,-115770,0.43
5908.601,-115459,0.98
5911.631,-115779,0.42
5914.661,-115949,0.12
5918.006,-116869,-1.51
5921.036,-115960,0.10
5924.067,-115532,0.85
5927.097,-115855,0.28
5930.127,-115315,1.24
5933.158,-116055,-0.07
5936.188,-116135,-0.21
5939.218,-116213,-0.35
5942.569,-116346,-0.58
5945.599,-115556,0.81
5948.630,-115565,0.79
5951.660,-115854,0.28
5954.690,-115910,0.19
5957.721,-116415,-0.71
5960.751,-116004,0.02
5963.781,-115559,0.81
5967.118,-115779,0.42
5970.148,-115809,0.36
5973.179,-115951,0.11
5976.209,-116010,0.01
5979.239,-116470,-0.80
5982.270,-115839,0.31
5985.300,-115628,0.68
5988.330,-115165,1.50
5991.674,-115500,0.91
5994.704,-116136,-0.21
5997.735,-116080,-0.11
6000.765,-116455,-0.78
6003.795,-115682,0.59
6006.826,-115714,0.53
6009.856,-115614,0.71
6012.886,-115652,0.64
6016.239,-116487,-0.83
6019.269,-116599,-1.03
6022.300,-115546,0.83
6025.330,-115991,0.04
6028.360,-115053,1.70
6031.391,-115595,0.74
6034.421,-116304,-0.51
6037.451,-116099,-0.15
6040.797,-116451,-0.77
6043.827,-115851,0.29
6046.858,-115766,0.44
6049.888,-115348,1.18
6052.918,-115811,0.36
6055.949,-116069,-0.10
6058.979,-116445,-0.76
6062.009,-115658,0.63
6065.352,-115915,0.18
6068.382,-115617,0.70
6071.413,-115627,0.69
6074.443,-116248,-0.41
6077.473,-116218,-0.36
6080.504,-116101,-0.15
6083.534,-116037,-0.04
6086.564,-115596,0.74
6089.908,-115645,0.65
6092.938,-115784,0.41
6095.969,-115674,0.60
6098.999,-116280,-0.47
6102.029,-115888,0.22
6105.060,-115713,0.53
6108.090,-115288,1.28
6111.120,-115435,1.02
6114.465,-116343,-0.58
6117.495,-115992,0.04
6120.526,-115954,0.11
6123.556,-115548,0.82
6126.586,-115898,0.21
6129.617,-115444,1.01
6132.647,-115864,0.27
6135.677,-116002,0.02
6139.011,-116890,-1.54
6142.041,-115919,0.17
6145.072,-115388,1.11
6148.102,-115961,0.10
6151.132,-116039,-0.04
6154.163,-116046,-0.05
6157.193,-116026,-0.02
6160.223,-116135,-0.21
6163.575,-115873,0.25
6166.605,-115645,0.65
6169.636,-115870,0.26
6172.666,-115480,0.94
6175.696,-116227,-0.37
6178.727,-115951,0.11
6181.757,-116274,-0.46
6184.787,-115759,0.45
6188.125,-115862,0.27
6191.155,-115766,0.44
6194.186,-115849,0.29
6197.216,-116429,-0.73
6200.246,-115739,0.49
6203.277,-115522,0.87
6206.307,-115286,1.29
6209.337,-115712,0.54
6212.680,-116058,-0.08
6215.710,-116164,-0.26
6218.741,-115663,0.62
6221.771,-115865,0.27
6224.801,-115789,0.40
6227.832,-115524,0.87
6230.862,-115935,0.14
6233.892,-115797,0.39
6237.236,-116260,-0.43
6240.266,-115904,0.20
6243.297,-115746,0.48
6246.327,-115328,1.21
6249.357,-115689,0.58
6252.388,-115777,0.42
6255.418,-115966,0.09
6258.448,-116511,-0.88
6261.792,-115748,0.47
6264.822,-116014,0.00
6267.853,-115287,1.29
6270.883,-115598,0.74
6273.913,-115966,0.09
6276.944,-116725,-1.25
6279.974,-115772,0.43
6283.004,-115706,0.55
6286.358,-116417,-0.71
6289.388,-115474,0.96
6292.419,-116044,-0.05
6295.449,-115850,0.29
6298.479,-115986,0.05
6301.510,-115871,0.25
6304.540,-115811,0.36
6307.570,-115544,0.83
6310.914,-116020,-0.01
6313.944,-116589,-1.01
6316.975,-116101,-0.15
6320.005,-116388,-0.66
6323.035,-115813,0.36
6326.066,-116083,-0.12
6329.096,-115225,1.39
6332.126,-115549,0.82
6335.471,-116180,-0.29
6338.501,-115923,0.16
6341.532,-115601,0.73
6344.562,-115444,1.01
6347.592,-115535,0.85
6350.623,-115823,0.34
6353.653,-116085,-0.12
6356.683,-116110,-0.17
6360.026,-116709,-1.23
6363.056,-115850,0.29
6366.087,-115463,0.97
6369.117,-115886,0.23
6372.147,-115876,0.25
6375.178,-116515,-0.88
6378.208,-116110,-0.17
6381.238,-115867,0.26
6384.588,-115925,0.16
6387.618,-115391,1.10
6390.649,-115934,0.14
6393.679,-116214,-0.35
6396.709,-115882,0.24
6399.740,-116506,-0.87
6402.770,-115805,0.37
6405.800,-115815,0.35
6409.138,-115671,0.61
6412.168,-115851,0.29
6415.199,-116030,-0.03
6418.229,-116087,-0.13
6421.259,-115921,0.17
6424.290,-115744,0.48
6427.320,-115358,1.16
6430.350,-115514,0.88
6433.686,-116524,-0.90
6436.716,-116007,0.01
6439.747,-116514,-0.88
6442.777,-115559,0.81
6445.807,-115629,0.68
6448.838,-115131,1.56
6451.868,-115471,0.96
6454.898,-115613,0.71
6458.242,-116909,-1.58
6461.272,-116320,-0.54
6464.303,-115991,0.04
6467.333,-115949,0.12
6470.363,-115636,0.67
6473.394,-115839,0.31
6476.424,-116010,0.01
6479.454,-116094,-0.14
6482.799,-116051,-0.06
6485.829,-115550,0.82
6488.860,-115521,0.87
6491.890,-115980,0.06
6494.920,-115574,0.78
6497.951,-116487,-0.83
6500.981,-116024,-0.02
6504.011,-115518,0.88
6507.354,-115916,0.17
6510.384,-115822,0.34
6513.415,-115650,0.64
6516.445,-116055,-0.07
6519.475,-116505,-0.86
6522.506,-115594,0.74
6525.536,-115643,0.66
6528.566,-115467,0.97
6531.909,-116158,-0.25
6534.939,-115690,0.57
6537.970,-116258,-0.43
6541.000,-116117,-0.18
6544.030,-115556,0.81
6547.061,-115864,0.27
6550.091,-116032,-0.03
6553.121,-115836,0.32
6556.477,-116194,-0.32
6559.507,-115563,0.80
6562.538,-116096,-0.14
6565.568,-115722,0.52
6568.598,-115381,1.12
6571.629,-115852,0.29
6574.659,-115963,0.09
6577.689,-116151,-0.24
6581.031,-116308,-0.52
6584.061,-115574,0.78
6587.092,-115608,0.72
6590.122,-115622,0.69
6593.152,-116221,-0.36
6596.183,-115954,0.11
6599.213,-116368,-0.62
6602.243,-116130,-0.20
6605.593,-115880,0.24
6608.623,-115604,0.73
6611.654,-115912,0.18
6614.684,-115874,0.25
6617.714,-115945,0.12
6620.745,-116110,-0.17
6623.775,-116032,-0.03
6626.805,-115710,0.54
6630.144,-116024,-0.02
6633.174,-115954,0.11
6636.205,-115917,0.17
6639.235,-116816,-1.41
6642.265,-116033,-0.03
6645.296,-115920,0.17
6648.326,-115665,0.62
6651.356,-115576,0.78
6654.700,-116507,-0.87
6657.730,-116467,-0.80
6660.761,-116345,-0.58
6663.791,-115950,0.11
6666.821,-115561,0.80
6669.852,-115809,0.36
6672.882,-115585,0.76
6675.912,-116347,-0.59
6679.258,-116734,-1.27
6682.288,-116081,-0.12
6685.319,-115967,0.08
6688.349,-115225,1.39
6691.379,-115572,0.78
6694.410,-116085,-0.12
6697.440,-115946,0.12
6700.470,-115999,0.03
6703.803,-115978,0.07
6706.833,-115706,0.55
6709.864,-115553,0.82
6712.894,-116007,0.01
6715.924,-115639,0.66
6718.955,-116690,-1.19
6721.985,-116082,-0.12
6725.015,-115771,0.43
6728.359,-116219,-0.36
6731.389,-115593,0.75
6734.420,-116156,-0.25
6737.450,-116192,-0.31
6740.480,-115574,0.78
6743.511,-115752,0.46
6746.541,-115873,0.25
6749.571,-115275,1.31
6752.916,-116460,-0.79
6755.946,-116072,-0.10
6758.977,-116020,-0.01
6762.007,-116119,-0.18
6765.037,-115438,1.02
6768.068,-115135,1.55
6771.098,-115637,0.67
6774.128,-115942,0.13
6777.470,-116634,-1.09
6780.500,-115880,0.24
6783.531,-115605,0.72
6786.561,-115766,0.44
6789.591,-115330,1.21
6792.622,-116167,-0.27
6795.652,-116080,-0.11
6798.682,-116425,-0.72
6802.029,-116262,-0.44
6805.059,-115958,0.10
6808.090,-115490,0.93
6811.120,-115758,0.45
6814.150,-116008,0.01
6817.181,-115891,0.22
6820.211,-115888,0.22
6823.241,-115667,0.61
6826.592,-116014,0.00
6829.622,-115720,0.52
6832.653,-116271,-0.45
6835.683,-116113,-0.17
6838.713,-116358,-0.61
6841.744,-116008,0.01
6844.774,-115779,0.42
6847.804,-115404,1.08
6851.150,-116477,-0.82
6854.180,-116196,-0.32
6857.211,-116320,-0.54
6860.241,-116198,-0.32
6863.271,-115703,0.55
6866.302,-115723,0.52
6869.332,-115631,0.68
6872.362,-116098,-0.15
6875.705,-116539,-0.92
6878.735,-116342,-0.58
6881.766,-115864,0.27
6884.796,-115395,1.09
6887.826,-115622,0.69
6890.857,-115316,1.23
6893.887,-115600,0.73
6896.917,-116261,-0.43
6900.262,-117211,-2.11
6903.292,-115569,0.79
6906.323,-115828,0.33
6909.353,-115392,1.10
6912.383,-115408,1.07
6915.414,-116103,-0.16
6918.444,-116175,-0.28
6921.474,-115811,0.36
6924.817,-116352,-0.59
6927.847,-115629,0.68
6930.878,-115675,0.60
6933.908,-115624,0.69
6936.938,-115887,0.23
6939.969,-116323,-0.54
6942.999,-115990,0.04
6946.029,-115545,0.83
6949.373,-115708,0.54
6952.403,-115918,0.17
6955.434,-116101,-0.15
6958.464,-116524,-0.90
6961.494,-116239,-0.40
6964.525,-115438,1.02
6967.555,-115657,0.63
6970.585,-115712,0.54
6973.921,-116124,-0.19
6976.951,-116010,0.01
6979.982,-116467,-0.80
6983.012,-115721,0.52
6986.042,-115505,0.90
6989.073,-115536,0.85
6992.103,-115982,0.06
6995.133,-115718,0.52
6998.475,-116420,-0.71
7001.505,-116148,-0.23
7004.536,-115856,0.28
7007.566,-115668,0.61
7010.596,-115807,0.37
7013.627,-115976,0.07
7016.657,-116119,-0.18
7019.687,-116097,-0.14
7023.034,-115938,0.14
7026.064,-115905,0.19
7029.095,-115236,1.38
7032.125,-116015,0.00
7035.155,-115832,0.32
7038.186,-116231,-0.38
7041.216,-115798,0.38
7044.246,-115864,0.27
7047.589,-115918,0.17
7050.619,-115796,0.39
7053.650,-116266,-0.44
7056.680,-115901,0.20
7059.710,-116264,-0.44
7062.741,-115720,0.52
7065.771,-115879,0.24
7068.801,-115248,1.35
7072.145,-116044,-0.05
7075.175,-116029,-0.02
7078.206,-116371,-0.63
7081.236,-116134,-0.21
7084.266,-116219,-0.36
7087.297,-115198,1.44
7090.327,-115571,0.78
7093.357,-115962,0.09
7096.701,-116720,-1.24
7099.731,-116091,-0.13
7102.762,-115780,0.42
7105.792,-115440,1.02
7108.822,-115835,0.32
7111.853,-115508,0.90
7114.883,-115854,0.28
7117.913,-116270,-0.45
7121.265,-116294,-0.49
7124.295,-115673,0.60
7127.326,-115691,0.57
7130.356,-115326,1.22
7133.386,-116212,-0.35
7136.417,-116076,-0.11
7139.447,-116281,-0.47
7142.477,-115900,0.20
7145.823,-115524,0.87
7148.853,-115485,0.94
7151.884,-115916,0.17
7154.914,-116054,-0.07
7157.944,-116139,-0.22
7160.975,-116386,-0.65
7164.005,-115693,0.57
7167.035,-115508,0.90
7170.378,-115759,0.45
7173.408,-115987,0.05
7176.439,-115788,0.40
7179.469,-115893,0.22
7182.499,-116019,-0.01
7185.530,-115722,0.52
7188.560,-115324,1.22
7191.590,-115785,0.41
7194.936,-116090,-0.13
7197.966,-116427,-0.73
7200.997,-116298,-0.50
7204.027,-115826,0.33
7207.057,-115590,0.75
7210.088,-115199,1.44
7213.118,-115422,1.05
7216.148,-116178,-0.29
7219.491,-116961,-1.67
7222.521,-115841,0.31
7225.552,-115582,0.76
7228.582,-115144,1.54
7231.612,-115791,0.40
7234.643,-116174,-0.28
7237.673,-116165,-0.26
7240.703,-115933,0.14
7244.042,-116269,-0.45
7247.072,-115535,0.85
7250.103,-115361,1.15
7253.133,-116093,-0.14
7256.163,-116103,-0.16
7259.194,-116767,-1.33
7262.224,-115946,0.12
7265.254,-115867,0.26
7268.595,-115800,0.38
7271.625,-115535,0.85
7274.656,-116048,-0.06
7277.686,-116344,-0.58
7280.716,-116356,-0.60
7283.747,-115667,0.61
7286.777,-115885,0.23
7289.807,-115333,1.20
7293.147,-115347,1.18
7296.177,-116902,-1.57
7299.208,-116472,-0.81
7302.238,-116312,-0.52
7305.268,-115435,1.02
7308.299,-115347,1.18
7311.329,-115584,0.76
7314.359,-115885,0.23
7317.707,-116894,-1.55
7320.737,-116121,-0.19
7323.768,-115296,1.27
7326.798,-115851,0.29
7329.828,-115247,1.36
7332.859,-115607,0.72
7335.889,-116102,-0.15
7338.919,-116813,-1.41
7342.260,-116593,-1.02
7345.290,-115779,0.42
7348.321,-115184,1.47
7351.351,-116062,-0.08
7354.381,-116127,-0.20
7357.412,-116340,-0.57
7360.442,-116407,-0.69
7363.472,-115914,0.18
7366.819,-115432,1.03
7369.849,-115187,1.46
7372.880,-116185,-0.30
7375.910,-116230,-0.38
7378.940,-116411,-0.70
7381.971,-116080,-0.11
7385.001,-115534,0.85
7388.031,-115456,0.99
7391.383,-115821,0.34
7394.413,-116006,0.02
7397.444,-116226,-0.37
7400.474,-115997,0.03
7403.504,-115880,0.24
7406.535,-115665,0.62
7409.565,-115386,1.11
7412.595,-115723,0.52
7415.941,-116433,-0.74
7418.971,-116854,-1.48
7422.002,-115986,0.05
7425.032,-115918,0.17
7428.062,-115355,1.17
7431.093,-115719,0.52
7434.123,-116098,-0.15
7437.153,-116412,-0.70
7440.495,-116755,-1.31
7443.525,-116118,-0.18
7446.556,-115544,0.83
7449.586,-115166,1.50
7452.616,-115896,0.21
7455.647,-115980,0.06
7458.677,-116269,-0.45
7461.707,-116058,-0.08
7465.053,-115757,0.46
7468.083,-114927,1.92
7471.114,-115771,0.43
7474.144,-116138,-0.22
7477.174,-116195,-0.32
7480.205,-116434,-0.74
7483.235,-115601,0.73
7486.265,-115557,0.81
7489.609,-115545,0.83
7492.639,-115732,0.50
7495.670,-116170,-0.27
7498.700,-116562,-0.97
7501.730,-116036,-0.04
7504.761,-115947,0.12
7507.791,-115257,1.34
7510.821,-115300,1.26
7514.164,-116120,-0.19
7517.194,-116473,-0.81
7520.225,-116335,-0.56
7523.255,-115774,0.43
7526.285,-115591,0.75
7529.316,-115098,1.62
7532.346,-115517,0.88
7535.376,-116352,-0.59
7538.711,-116485,-0.83
7541.741,-116358,-0.61
7544.772,-115813,0.36
7547.802,-115309,1.25
7550.832,-115793,0.39
7553.863,-115533,0.85
7556.893,-115694,0.57
7559.923,-116673,-1.16
7563.267,-115955,0.11
7566.297,-115926,0.16
7569.328,-114956,1.87
7572.358,-115595,0.74
7575.388,-115865,0.27
7578.419,-116866,-1.50
7581.449,-116000,0.03
7584.479,-115754,0.46
7587.823,-115605,0.72
7590.853,-115301,1.26
7593.884,-115736,0.49
7596.914,-116027,-0.02
7599.944,-116189,-0.31
7602.975,-115710,0.54
7606.005,-115825,0.34
7609.035,-115037,1.73
7612.379,-116034,-0.03
7615.409,-115985,0.05
7618.440,-116523,-0.90
7621.470,-116031,-0.03
7624.500,-115651,0.64
7627.531,-115643,0.66
7630.561,-115102,1.61
7633.591,-116111,-0.17
7636.937,-116661,-1.14
7639.967,-116313,-0.53
7642.998,-115742,0.48
7646.028,-115633,0.67
7649.058,-115332,1.21
7652.089,-115338,1.20
7655.119,-115953,0.11
7658.149,-116601,-1.03
7661.501,-116402,-0.68
7664.531,-115668,0.61
7667.562,-115273,1.31
7670.592,-115537,0.84
7673.622,-116222,-0.37
7676.653,-116056,-0.07
7679.683,-116186,-0.30
7682.713,-115830,0.33
7686.059,-115880,0.24
7689.089,-115392,1.10
7692.120,-115694,0.57
7695.150,-115671,0.61
7698.180,-116258,-0.43
7701.211,-115957,0.10
7704.241,-115522,0.87
7707.271,-115410,1.07
7710.614,-115608,0.72
7713.644,-115701,0.55
7716.675,-116060,-0.08
7719.705,-116247,-0.41
7722.735,-115914,0.18
7725.766,-115701,0.55
7728.796,-115084,1.64
7731.826,-115602,0.73
7735.170,-116158,-0.25
7738.200,-116521,-0.89
7741.231,-116300,-0.50
7744.261,-115921,0.17
7747.291,-115557,0.81
7750.322,-115020,1.76
7753.352,-115930,0.15
7756.382,-116058,-0.08
7759.726,-116899,-1.56
7762.756,-116260,-0.43
7765.787,-116075,-0.11
7768.817,-115267,1.32
7771.847,-115813,0.36
7774.878,-115910,0.19
7777.908,-116371,-0.63
7780.938,-116412,-0.70
7784.280,-116619,-1.07
7787.310,-115588,0.75
7790.341,-115345,1.18
7793.371,-115737,0.49
7796.401,-116385,-0.65
7799.432,-117020,-1.77
7802.462,-115878,0.24
7805.492,-115366,1.15
7808.829,-115447,1.00
7811.859,-115309,1.25
7814.890,-116316,-0.53
7817.920,-115934,0.14
7820.950,-115962,0.09
7823.981,-115566,0.79
7827.011,-115327,1.21
7830.041,-115129,1.56
7833.385,-115878,0.24
7836.415,-116188,-0.31
7839.446,-116996,-1.73
7842.476,-115980,0.06
7845.506,-116065,-0.09
7848.537,-115052,1.70
7851.567,-115805,0.37
7854.597,-115787,0.40
7857.941,-116666,-1.15
7860.971,-116216,-0.35
7864.002,-115778,0.42
7867.032,-115423,1.05
7870.062,-115296,1.27
7873.093,-115683,0.59
7876.123,-116121,-0.19
7879.153,-116805,-1.39
7882.497,-116295,-0.49
7885.527,-115549,0.82
7888.558,-115602,0.73
7891.588,-115524,0.87
7894.618,-116233,-0.38
7897.649,-116169,-0.27
7900.679,-115984,0.05
7903.709,-115516,0.88
7907.051,-115318,1.23
7910.081,-115717,0.53
7913.112,-115683,0.59
7916.142,-115757,0.46
7919.172,-116549,-0.94
7922.203,-115862,0.27
7925.233,-115628,0.68
7928.263,-115422,1.05
7931.612,-115849,0.29
7934.642,-116122,-0.19
7937.673,-116377,-0.64
7940.703,-116608,-1.05
7943.733,-116121,-0.19
7946.764,-115748,0.47
7949.794,-115055,1.70
7952.824,-115486,0.93
7956.174,-116352,-0.59
7959.204,-116463,-0.79
7962.235,-115838,0.31
7965.265,-115740,0.49
7968.295,-115328,1.21
7971.326,-115356,1.16
7974.356,-116001,0.02
7977.386,-116366,-0.62
7980.731,-116428,-0.73
7983.761,-115613,0.71
7986.792,-115526,0.86
7989.822,-115299,1.26
7992.852,-115499,0.91
7995.883,-116019,-0.01
7998.913,-116684,-1.18
8001.943,-115912,0.18
8005.286,-115608,0.72
8008.316,-115377,1.13
8011.347,-115424,1.04
8014.377,-116010,0.01
8017.407,-116358,-0.61
8020.438,-116580,-1.00
8023.468,-115853,0.29
8026.498,-115577,0.77
8029.844,-115543,0.83
8032.874,-115673,0.60
8035.905,-115915,0.18
8038.935,-116621,-1.07
8041.965,-116537,-0.92
8044.996,-115862,0.27
8048.026,-115259,1.33
8051.056,-115525,0.87
8054.399,-116257,-0.43
8057.429,-116120,-0.19
8060.460,-116670,-1.16
8063.490,-115769,0.43
8066.520,-115668,0.61
8069.551,-114856,2.05
8072.581,-115888,0.22
8075.611,-116223,-0.37
8078.948,-116656,-1.13
8081.978,-116340,-0.57
8085.009,-115976,0.07
8088.039,-115104,1.61
8091.069,-115405,1.08
8094.100,-116390,-0.66
8097.130,-116248,-0.41
8100.160,-116187,-0.30
8103.500,-117023,-1.78
8106.530,-115987,0.05
8109.561,-115285,1.29
8112.591,-115575,0.78
8115.621,-116224,-0.37
8118.652,-116441,-0.75
8121.682,-116296,-0.50
8124.712,-115490,0.93
8128.060,-115716,0.53
8131.090,-115225,1.39
8134.121,-116124,-0.19
8137.151,-116196,-0.32
8140.181,-116482,-0.82
8143.212,-116039,-0.04
8146.242,-115955,0.11
8149.272,-115956,0.10
8152.615,-116211,-0.35
8155.645,-116222,-0.37
8158.676,-116208,-0.34
8161.706,-115883,0.23
8164.736,-115869,0.26
8167.767,-115263,1.33
8170.797,-115649,0.65
8173.827,-115760,0.45
8177.172,-116036,-0.04
8180.202,-115978,0.07
8183.233,-115760,0.45
8186.263,-115534,0.85
8189.293,-115227,1.39
8192.324,-115769,0.43
8195.354,-115602,0.73
8198.384,-116188,-0.31
8201.728,-116282,-0.47
8204.758,-115741,0.48
8207.789,-115559,0.81
8210.819,-115290,1.28
8213.849,-115386,1.11
8216.880,-116141,-0.22
8219.910,-116118,-0.18
8222.940,-115566,0.79
8226.295,-115988,0.05
8229.325,-115216,1.41
8232.356,-115926,0.16
8235.386,-115851,0.29
8238.416,-116289,-0.48
8241.447,-116126,-0.20
8244.477,-115806,0.37
8247.507,-115298,1.27
8250.850,-115869,0.26
8253.880,-116250,-0.41
8256.911,-116214,-0.35
8259.941,-116092,-0.14
8262.971,-115976,0.07
8266.002,-115909,0.19
8269.032,-114905,1.96
8272.062,-115951,0.11
8275.406,-116582,-1.00
8278.436,-116357,-0.60
8281.467,-116311,-0.52
8284.497,-115853,0.29
8287.527,-115467,0.97
8290.558,-115775,0.42
8293.588,-115427,1.04
8296.618,-115992,0.04
8299.962,-117707,-2.99
8302.992,-115351,1.17
8306.023,-115936,0.14
8309.053,-115244,1.36
8312.083,-115526,0.86
8315.114,-115817,0.35
8318.144,-116198,-0.32
8321.174,-116182,-0.29
8324.519,-115762,0.45
8327.549,-115703,0.55
8330.580,-115359,1.16
8333.610,-115818,0.35
8336.640,-116052,-0.07
8339.671,-116540,-0.93
8342.701,-115715,0.53
8345.731,-115622,0.69
8349.071,-115980,0.06
8352.101,-115560,0.80
8355.132,-116100,-0.15
8358.162,-116289,-0.48
8361.192,-116146,-0.23
8364.223,-115996,0.03
8367.253,-115614,0.71
8370.283,-115333,1.20
8373.623,-116143,-0.23
8376.653,-116151,-0.24
8379.684,-116634,-1.09
8382.714,-115930,0.15
8385.744,-115426,1.04
8388.775,-115288,1.28
8391.805,-115117,1.59
8394.835,-116205,-0.34
8398.178,-116342,-0.58
8401.208,-116135,-0.21
8404.239,-115497,0.91
8407.269,-115704,0.55
8410.299,-115617,0.70
8413.330,-115618,0.70
8416.360,-115877,0.24
8419.390,-116309,-0.52
8422.734,-116492,-0.84
8425.764,-115680,0.59
8428.795,-115587,0.76
8431.825,-115581,0.77
8434.855,-115936,0.14
8437.886,-116037,-0.04
8440.916,-116040,-0.04
8443.946,-115517,0.88
8447.290,-115676,0.60
8450.320,-115397,1.09
8453.351,-115991,0.04
8456.381,-115915,0.18
8459.411,-116369,-0.62
8462.442,-115555,0.81
8465.472,-115791,0.40
8468.502,-115281,1.30
8471.847,-115897,0.21
8474.877,-115875,0.25
8477.908,-116475,-0.81
8480.938,-116099,-0.15
8483.968,-115901,0.20
8486.999,-115983,0.06
8490.029,-115353,1.17
8493.059,-116030,-0.03
8496.412,-116157,-0.25
8499.442,-116554,-0.95
8502.473,-115969,0.08
8505.503,-115510,0.89
8508.533,-115458,0.98
8511.564,-115490,0.93
8514.594,-115646,0.65
8517.624,-116064,-0.09
8520.970,-115713,0.53
8524.000,-116772,-1.34
8527.031,-115595,0.74
8530.061,-115408,1.07
8533.091,-115558,0.81
8536.122,-115969,0.08
8539.152,-116517,-0.89
8542.182,-115921,0.17
8545.524,-116141,-0.22
8548.554,-115500,0.91
8551.585,-115390,1.10
8554.615,-116036,-0.04
8557.645,-116285,-0.48
8560.676,-116675,-1.17
8563.706,-115734,0.50
8566.736,-115605,0.72
8570.080,-115257,1.34
8573.110,-115603,0.73
8576.141,-115915,0.18
8579.171,-116896,-1.56
8582.201,-115873,0.25
8585.232,-115676,0.60
8588.262,-115578,0.77
8591.292,-115349,1.18
8594.637,-116307,-0.52
8597.667,-116359,-0.61
8600.698,-116269,-0.45
8603.728,-115965,0.09
8606.758,-115566,0.79
8609.789,-115050,1.70
8612.819,-115658,0.63
8615.849,-115737,0.49
8619.193,-116525,-0.90
8622.223,-115692,0.57
8625.254,-115521,0.87
8628.284,-115815,0.35
8631.314,-115663,0.62
8634.345,-115870,0.26
8637.375,-116216,-0.35
8640.405,-116529,-0.91
8643.740,-116078,-0.11
8646.770,-115452,0.99
8649.801,-115022,1.75
8652.831,-115526,0.86
8655.861,-115888,0.22
8658.892,-116436,-0.74
8661.922,-115802,0.38
8664.952,-115601,0.73
8668.297,-115728,0.51
8671.327,-115418,1.05
8674.358,-115878,0.24
8677.388,-116407,-0.69
8680.418,-116903,-1.57
8683.449,-115954,0.11
8686.479,-115376,1.13
8689.509,-115217,1.41
8692.852,-115929,0.15
8695.882,-116179,-0.29
8698.913,-116266,-0.44
8701.943,-115759,0.45
8704.973,-115647,0.65
8708.004,-115357,1.16
8711.034,-115582,0.76
8714.064,-115606,0.72
8717.408,-116742,-1.28
8720.438,-116322,-0.54
8723.469,-115403,1.08
8726.499,-115322,1.22
8729.529,-115206,1.43
8732.560,-115486,0.93
8735.590,-115671,0.61
8738.620,-116496,-0.85
8741.963,-116209,-0.34
8744.993,-115640,0.66
8748.024,-115578,0.77
8751.054,-115515,0.88
8754.084,-115752,0.46
8757.115,-116364,-0.62
8760.145,-116406,-0.69
8763.175,-116021,-0.01
8766.537,-116270,-0.45
8769.567,-115110,1.60
8772.598,-115766,0.44
8775.628,-115941,0.13
8778.658,-116344,-0.58
8781.689,-116182,-0.29
8784.719,-115550,0.82
8787.749,-115373,1.13
8791.086,-115278,1.30
8794.116,-115974,0.07
8797.147,-116072,-0.10
8800.177,-116511,-0.88
8803.207,-116039,-0.04
8806.238,-115408,1.07
8809.268,-114962,1.86
8812.298,-116090,-0.13
8815.643,-116528,-0.91
8818.673,-116207,-0.34
8821.704,-116075,-0.11
8824.734,-115578,0.77
8827.764,-115572,0.78
8830.795,-115432,1.03
8833.825,-115963,0.09
8836.855,-116413,-0.70
8840.198,-116798,-1.38
8843.228,-115506,0.90
8846.259,-115721,0.52
8849.289,-115192,1.45
8852.319,-115599,0.73
8855.350,-116022,-0.01
8858.380,-116410,-0.70
8861.410,-116077,-0.11
8864.753,-116251,-0.42
8867.783,-115405,1.08
8870.814,-115297,1.27
8873.844,-115722,0.52
8876.874,-116039,-0.04
8879.905,-116972,-1.69
8882.935,-115819,0.35
8885.965,-115753,0.46
8889.312,-115651,0.64
8892.342,-115291,1.28
8895.373,-116224,-0.37
8898.403,-116584,-1.00
8901.433,-116324,-0.55
8904.464,-115963,0.09
8907.494,-115498,0.91
8910.524,-115452,0.99
8913.857,-116175,-0.28
8916.887,-115725,0.51
8919.918,-116420,-0.71
8922.948,-115985,0.05
8925.978,-115668,0.61
8929.009,-115488,0.93
8932.039,-115621,0.70
8935.069,-116055,-0.07
8938.413,-116590,-1.02
8941.443,-116245,-0.41
8944.474,-115586,0.76
8947.504,-115636,0.67
8950.534,-115544,0.83
8953.565,-115923,0.16
8956.595,-116265,-0.44
8959.625,-115901,0.20
8962.969,-116087,-0.13
8965.999,-115533,0.85
8969.030,-115525,0.87
8972.060,-115894,0.21
8975.090,-116026,-0.02
8978.121,-116312,-0.52
8981.151,-115871,0.25
8984.181,-115491,0.93
8987.532,-116076,-0.11
8990.562,-115572,0.78
8993.593,-115785,0.41
8996.623,-115908,0.19
8999.653,-116376,-0.64
9002.684,-115857,0.28
9005.714,-115351,1.17
9008.744,-115222,1.40
9012.084,-115721,0.52
9015.114,-115906,0.19
9018.145,-116293,-0.49
9021.175,-116221,-0.36
9024.205,-115653,0.64
9027.236,-115096,1.62
9030.266,-115012,1.77
9033.296,-116211,-0.35
9036.636,-115614,0.71
9039.666,-116091,-0.13
9042.697,-115648,0.65
9045.727,-116006,0.02
9048.757,-115797,0.39
9051.788,-115516,0.88
9054.818,-115565,0.79
9057.848,-116191,-0.31
9061.203,-116294,-0.49
9064.233,-115820,0.34
9067.264,-115808,0.37
9070.294,-115118,1.58
9073.324,-115790,0.40
9076.355,-115827,0.33
9079.385,-116203,-0.33
9082.415,-115719,0.52
9085.760,-116138,-0.22
9088.790,-115897,0.21
9091.821,-115595,0.74
9094.851,-116269,-0.45
9097.881,-115928,0.15
9100.912,-115914,0.18
9103.942,-115966,0.09
9106.972,-115667,0.61
9110.316,-116146,-0.23
9113.346,-115823,0.34
9116.377,-115887,0.23
9119.407,-116436,-0.74
9122.437,-115961,0.10
9125.468,-115888,0.22
9128.498,-115131,1.56
9131.528,-115455,0.99
9134.872,-116112,-0.17
9137.902,-116009,0.01
9140.933,-116350,-0.59
9143.963,-115590,0.75
9146.993,-115701,0.55
9150.024,-115486,0.93
9153.054,-115750,0.47
9156.084,-116048,-0.06
9159.424,-117159,-2.02
9162.454,-115949,0.12
9165.485,-115647,0.65
9168.515,-115769,0.43
9171.545,-115780,0.42
9174.576,-116057,-0.07
9177.606,-115923,0.16
9180.636,-116279,-0.47
9183.977,-115983,0.06
9187.007,-115713,0.53
9190.038,-115105,1.61
9193.068,-115934,0.14
9196.098,-115591,0.75
9199.129,-116297,-0.50
9202.159,-116364,-0.62
9205.189,-115828,0.33
9208.537,-115516,0.88
9211.567,-115957,0.10
9214.598,-116295,-0.49
9217.628,-116174,-0.28
9220.658,-116040,-0.04
9223.689,-115333,1.20
9226.719,-115627,0.69
9229.749,-114998,1.80
9233.089,-115702,0.55
9236.119,-116064,-0.09
9239.150,-116360,-0.61
9242.180,-116133,-0.21
9245.210,-115452,0.99
9248.241,-115378,1.12
9251.271,-115364,1.15
9254.301,-115470,0.96
9257.643,-116667,-1.15
9260.673,-115998,0.03
9263.704,-115839,0.31
9266.734,-115377,1.13
9269.764,-115319,1.23
9272.795,-115427,1.04
9275.825,-116287,-0.48
9278.855,-116269,-0.45
9282.199,-116457,-0.78
9285.229,-115418,1.05
9288.260,-115453,0.99
9291.290,-115403,1.08
9294.320,-115858,0.28
9297.351,-115707,0.54
9300.381,-116082,-0.12
9303.411,-115972,0.08
9306.755,-116150,-0.24
9309.785,-115197,1.44
9312.816,-115719,0.52
9315.846,-115536,0.85
9318.876,-116083,-0.12
9321.907,-116131,-0.20
9324.937,-115647,0.65
9327.967,-115529,0.86
9331.322,-115399,1.09
9334.352,-115614,0.71
9337.383,-116043,-0.05
9340.413,-116300,-0.50
9343.443,-115682,0.59
9346.474,-115508,0.90
9349.504,-115208,1.42
9352.534,-116078,-0.11
9355.877,-116113,-0.17
9358.907,-116080,-0.11
9361.938,-116253,-0.42
9364.968,-116121,-0.19
9367.998,-115422,1.05
9371.029,-115274,1.31
9374.059,-115890,0.22
9377.089,-115631,0.68
9380.433,-116900,-1.56
9383.463,-116093,-0.14
9386.494,-115403,1.08
9389.524,-115330,1.21
9392.554,-115515,0.88
9395.585,-115763,0.45
9398.615,-115933,0.14
9401.645,-115950,0.11
9404.989,-116213,-0.35
9408.019,-115303,1.26
9411.050,-115708,0.54
9414.080,-115685,0.58
9417.110,-116349,-0.59
9420.141,-115928,0.15
9423.171,-115747,0.47
9426.201,-115856,0.28
9429.552,-115503,0.90
9432.582,-115952,0.11
9435.613,-116127,-0.20
9438.643,-116141,-0.22
9441.673,-115683,0.59
9444.704,-116034,-0.03
9447.734,-115585,0.76
9450.764,-115424,1.04
9454.097,-115921,0.17
9457.127,-116118,-0.18
9460.158,-116485,-0.83
9463.188,-115873,0.25
9466.218,-115624,0.69
9469.249,-115275,1.31
9472.279,-115502,0.91
9475.309,-116709,-1.23
9478.650,-116670,-1.16
9481.680,-116411,-0.70
9484.711,-115782,0.41
9487.741,-115761,0.45
9490.771,-115185,1.47
9493.802,-116090,-0.13
9496.832,-116212,-0.35
9499.862,-116543,-0.93
9503.205,-116162,-0.26
9506.235,-115509,0.89
9509.266,-115510,0.89
9512.296,-115468,0.97
9515.326,-115994,0.04
9518.357,-116136,-0.21
9521.387,-116080,-0.11
9524.417,-115529,0.86
9527.761,-116193,-0.31
9530.791,-115374,1.13
9533.822,-115664,0.62
9536.852,-115889,0.22
9539.882,-116746,-1.29
9542.913,-115742,0.48
9545.943,-115788,0.40
9548.973,-115438,1.02
9552.317,-116294,-0.49
9555.347,-116183,-0.30
9558.378,-115733,0.50
9561.408,-116221,-0.36
9564.438,-115643,0.66
9567.469,-115971,0.08
9570.499,-115127,1.57
9573.529,-115533,0.85
9576.873,-116329,-0.55
9579.903,-116976,-1.70
9582.934,-115912,0.18
9585.964,-115760,0.45
9588.994,-115299,1.26
9592.025,-115521,0.87
9595.055,-116171,-0.28
9598.085,-116108,-0.16
9601.439,-116363,-0.61
9604.469,-115365,1.15
9607.500,-115279,1.30
9610.530,-115242,1.36
9613.560,-115824,0.34
9616.591,-115955,0.11
9619.621,-116478,-0.82
9622.651,-115541,0.84
9625.996,-116177,-0.29
9629.026,-115517,0.88
9632.057,-115254,1.34
9635.087,-115859,0.28
9638.117,-115796,0.39
9641.148,-116336,-0.57
9644.178,-116431,-0.73
9647.208,-115262,1.33
9650.557,-115356,1.16
9653.587,-115895,0.21
9656.618,-116007,0.01
9659.648,-116511,-0.88
9662.678,-116247,-0.41
9665.709,-115427,1.04
9668.739,-115057,1.69
9671.769,-115224,1.40
9675.107,-116154,-0.25
9678.137,-116452,-0.77
9681.168,-116139,-0.22
9684.198,-115835,0.32
9687.228,-115678,0.60
9690.259,-114883,2.00
9693.289,-115678,0.60
9696.319,-116048,-0.06
9699.663,-116676,-1.17
9702.693,-115893,0.22
9705.724,-115446,1.00
9708.754,-114820,2.11
9711.784,-115123,1.58
9714.815,-116443,-0.76
9717.845,-116273,-0.46
9720.875,-116689,-1.19
9724.219,-116000,0.03
9727.249,-115249,1.35
9730.280,-114513,2.65
9733.310,-115568,0.79
9736.340,-115583,0.76
9739.371,-116690,-1.19
9742.401,-115958,0.10
9745.431,-115543,0.83
9748.765,-115364,1.15
9751.795,-115616,0.70
9754.826,-116279,-0.47
9757.856,-116215,-0.35
9760.886,-116181,-0.29
9763.917,-115829,0.33
9766.947,-115441,1.01
9769.977,-115394,1.10
9773.322,-116313,-0.53
9776.352,-116149,-0.24
9779.383,-116520,-0.89
9782.413,-115678,0.60
9785.443,-115480,0.94
9788.474,-115563,0.80
9791.504,-115270,1.32
9794.534,-115763,0.45
9797.878,-116415,-0.71
9800.908,-116242,-0.40
9803.939,-115853,0.29
9806.969,-115691,0.57
9809.999,-115369,1.14
9813.030,-115908,0.19
9816.060,-116022,-0.01
9819.090,-116411,-0.70
9822.434,-116491,-0.84
9825.464,-115941,0.13
9828.495,-114958,1.87
9831.525,-115173,1.49
9834.555,-115783,0.41
9837.586,-116237,-0.39
9840.616,-116261,-0.43
9843.646,-115906,0.19
9846.990,-116673,-1.16
9850.020,-115027,1.74
9853.051,-115442,1.01
9856.081,-116251,-0.42
9859.111,-116030,-0.03
9862.142,-115995,0.04
9865.172,-115722,0.52
9868.202,-115710,0.54
9871.562,-116493,-0.84
9874.592,-115852,0.29
9877.623,-115938,0.14
9880.653,-116153,-0.24
9883.683,-115706,0.55
9886.714,-115587,0.76
9889.744,-115439,1.02
9892.774,-115868,0.26
9896.134,-116238,-0.39
9899.164,-116848,-1.47
9902.195,-115977,0.07
9905.225,-115571,0.78
9908.255,-115169,1.49
9911.286,-115166,1.50
9914.316,-115721,0.52
9917.346,-116092,-0.14
9920.668,-116718,-1.24
9923.698,-115722,0.52
9926.729,-115399,1.09
9929.759,-115346,1.18
9932.789,-115700,0.56
9935.820,-115705,0.55
9938.850,-115928,0.15
9941.880,-116266,-0.44
9945.224,-116371,-0.63
9948.254,-115462,0.98
9951.285,-115217,1.41
9954.315,-116138,-0.22
9957.345,-115837,0.31
9960.376,-116252,-0.42
9963.406,-116037,-0.04
9966.436,-115884,0.23
9969.780,-115291,1.28
9972.810,-115782,0.41
9975.841,-116125,-0.19
9978.871,-116457,-0.78
9981.901,-116173,-0.28
9984.932,-115799,0.38
9987.962,-115235,1.38
9990.992,-115482,0.94
9994.336,-116049,-0.06
9997.366,-115928,0.15
10000.397,-116462,-0.79
10003.427,-115839,0.31
10006.457,-116058,-0.08
10009.488,-115151,1.53
10012.518,-115394,1.10
10015.548,-115941,0.13
10018.883,-116739,-1.28
10021.913,-116030,-0.03
10024.944,-115535,0.85
10027.974,-115725,0.51
10031.004,-115268,1.32
10034.035,-115748,0.47
10037.065,-116147,-0.23
10040.095,-116654,-1.13
10043.464,-115852,0.29
10046.494,-115594,0.74
10049.525,-115500,0.91
10052.555,-115884,0.23
10055.585,-115724,0.51
10058.616,-115613,0.71
10061.646,-116281,-0.47
10064.676,-115935,0.14
10067.995,-115853,0.29
10071.025,-114830,2.09
10074.056,-115650,0.64
10077.086,-115756,0.46
10080.116,-116307,-0.52
10083.147,-115500,0.91
10086.177,-115345,1.18
10089.207,-115301,1.26
10092.557,-115911,0.18
10095.587,-116054,-0.07
10098.618,-116110,-0.17
10101.648,-116187,-0.30
10104.678,-115593,0.75
10107.709,-115469,0.96
10110.739,-115564,0.80
10113.769,-115755,0.46
10117.107,-116337,-0.57
10120.137,-116571,-0.98
10123.168,-115855,0.28
10126.198,-115543,0.83
10129.228,-115143,1.54
10132.259,-115380,1.12
10135.289,-115887,0.23
10138.319,-116243,-0.40
10141.664,-116695,-1.20
10144.694,-115949,0.12
10147.725,-115708,0.54
10150.755,-115332,1.21
10153.785,-115717,0.53
10156.816,-116020,-0.01
10159.846,-116218,-0.36
10162.876,-115939,0.13
10166.229,-116011,0.01
10169.259,-115280,1.30
10172.290,-115453,0.99
10175.320,-115959,0.10
10178.350,-115935,0.14
10181.381,-116557,-0.96
10184.411,-115907,0.19
10187.441,-115804,0.37
10190.784,-116451,-0.77
10193.814,-116370,-0.63
10196.845,-115855,0.28
10199.875,-115721,0.52
10202.905,-116028,-0.02
10205.936,-115615,0.71
10208.966,-115491,0.93
10211.996,-115437,1.02
10215.340,-116251,-0.42
10218.370,-116085,-0.12
10221.401,-116285,-0.48
10224.431,-115582,0.76
10227.461,-115310,1.24
10230.492,-115014,1.77
10233.522,-115819,0.35
10236.552,-115967,0.08
10239.898,-116235,-0.39
10242.928,-115775,0.42
10245.959,-115966,0.09
10248.989,-115251,1.35
10252.019,-115326,1.22
10255.050,-115841,0.31
10258.080,-116263,-0.44
10261.110,-116255,-0.42
10264.454,-116317,-0.53
10267.484,-115565,0.79
10270.515,-115198,1.44
10273.545,-115745,0.48
10276.575,-115918,0.17
10279.606,-116230,-0.38
10282.636,-116097,-0.14
10285.666,-115672,0.61
10289.001,-115567,0.79
10292.031,-115150,1.53
10295.062,-116020,-0.01
10298.092,-116181,-0.29
10301.122,-116399,-0.68
10304.153,-116218,-0.36
10307.183,-115296,1.27
10310.213,-115375,1.13
10313.562,-115956,0.10
10316.592,-116254,-0.42
10319.623,-116253,-0.42
10322.653,-115663,0.62
10325.683,-115549,0.82
10328.714,-115681,0.59
10331.744,-115415,1.06
10334.774,-116154,-0.25
10338.112,-116681,-1.18
10341.142,-116008,0.01
10344.173,-115619,0.70
10347.203,-115636,0.67
10350.233,-115288,1.28
10353.264,-116062,-0.08
10356.294,-115686,0.58
10359.324,-116060,-0.08
10362.669,-116348,-0.59
10365.699,-115668,0.61
10368.730,-115550,0.82
10371.760,-115446,1.00
10374.790,-115974,0.07
10377.821,-116192,-0.31
10380.851,-116299,-0.50
10383.881,-115568,0.79
10387.224,-115863,0.27
10390.254,-115269,1.32
10393.285,-115543,0.83
10396.315,-115834,0.32
10399.345,-116448,-0.76
10402.376,-116116,-0.18
10405.406,-115912,0.18
10408.436,-115194,1.45
10411.780,-115415,1.06
10414.810,-115509,0.89
10417.841,-115726,0.51
10420.871,-116104,-0.16
10423.901,-115807,0.37
10426.932,-115707,0.54
10429.962,-115224,1.40
10432.992,-115421,1.05
10436.345,-117120,-1.95
10439.375,-116570,-0.98
10442.406,-115795,0.39
10445.436,-115627,0.69
10448.466,-115432,1.03
10451.497,-115261,1.33
10454.527,-116062,-0.08
10457.557,-115370,1.14
10460.903,-116526,-0.90
10463.933,-115871,0.25
10466.964,-115541,0.84
10469.994,-115442,1.01
10473.024,-115625,0.69
10476.055,-115867,0.26
10479.085,-115999,0.03
10482.115,-115947,0.12
10485.459,-116163,-0.26
10488.489,-115465,0.97
10491.520,-115426,1.04
10494.550,-115908,0.19
10497.580,-115827,0.33
10500.611,-116323,-0.54
10503.641,-115934,0.14
10506.671,-115541,0.84
10510.014,-115794,0.39
10513.044,-115947,0.12
10516.075,-115915,0.18
10519.105,-116040,-0.04
10522.135,-116462,-0.79
10525.166,-115380,1.12
10528.196,-115068,1.67
10531.226,-115976,0.07
10534.577,-116206,-0.34
10537.607,-116073,-0.10
10540.638,-116353,-0.60
10543.668,-115874,0.25
10546.698,-115610,0.72
10549.729,-115094,1.63
10552.759,-115802,0.38
10555.789,-115844,0.30
10559.125,-116413,-0.70
10562.155,-116411,-0.70
10565.186,-115615,0.71
10568.216,-115754,0.46
10571.246,-115491,0.93
10574.277,-115727,0.51
10577.307,-115585,0.76
10580.337,-117009,-1.75
10583.671,-115758,0.45
10586.701,-115771,0.43
10589.732,-115375,1.13
10592.762,-115318,1.23
10595.792,-115927,0.16
10598.823,-116116,-0.18
10601.853,-116087,-0.13
10604.883,-115307,1.25
10608.228,-116048,-0.06
10611.258,-115391,1.10
10614.289,-115877,0.24
10617.319,-116453,-0.77
10620.349,-116189,-0.31
10623.380,-116253,-0.42
10626.410,-115697,0.56
10629.440,-115299,1.26
10632.785,-115807,0.37
10635.815,-115604,0.73
10638.846,-116299,-0.50
10641.876,-116492,-0.84
10644.906,-115766,0.44
10647.937,-115491,0.93
10650.967,-115311,1.24
10653.997,-115404,1.08
10657.340,-116249,-0.41
10660.370,-116383,-0.65
10663.401,-115742,0.48
10666.431,-115830,0.33
10669.461,-115289,1.28
10672.492,-115480,0.94
10675.522,-115821,0.34
10678.552,-116059,-0.08
10681.895,-115913,0.18
10684.925,-115631,0.68
10687.956,-115641,0.66
10690.986,-115219,1.41
10694.016,-115572,0.78
10697.047,-116215,-0.35
10700.077,-117091,-1.90
10703.107,-115800,0.38
10706.460,-116318,-0.53
10709.490,-115380,1.12
10712.521,-115227,1.39
10715.551,-116003,0.02
10718.581,-115996,0.03
10721.612,-115870,0.26
10724.642,-115805,0.37
10727.672,-114953,1.88
10731.021,-115959,0.10
10734.051,-115448,1.00
10737.082,-115977,0.07
10740.112,-116623,-1.07
10743.142,-115696,0.56
10746.173,-115573,0.78
10749.203,-115051,1.70
10752.233,-115372,1.14
10755.579,-116161,-0.26
10758.609,-116260,-0.43
10761.640,-115878,0.24
10764.670,-115399,1.09
10767.700,-115477,0.95
10770.731,-114853,2.05
10773.761,-115638,0.67
10776.791,-116104,-0.16
10780.129,-115891,0.22
10783.159,-116338,-0.57
10786.190,-115769,0.43
10789.220,-115060,1.69
10792.250,-115447,1.00
10795.281,-115943,0.13
10798.311,-116310,-0.52
10801.341,-115991,0.04
10804.685,-116052,-0.07
10807.715,-115775,0.42
10810.746,-115702,0.55
10813.776,-115431,1.03
10816.806,-116119,-0.18
10819.837,-116349,-0.59
10822.867,-116033,-0.03
10825.897,-115725,0.51
10829.243,-115758,0.45
10832.273,-115568,0.79
10835.304,-115386,1.11
10838.334,-115913,0.18
10841.364,-116317,-0.53
10844.395,-116049,-0.06
10847.425,-115427,1.04
10850.455,-115054,1.70
10853.789,-116151,-0.24
10856.819,-115541,0.84
10859.850,-115851,0.29
10862.880,-115797,0.39
10865.910,-115774,0.43
10868.941,-115455,0.99
10871.971,-115459,0.98
10875.001,-116314,-0.53
10878.345,-115966,0.09
10881.375,-116222,-0.37
10884.406,-115880,0.24
10887.436,-115850,0.29
10890.466,-115099,1.62
10893.497,-115528,0.86
10896.527,-116001,0.02
10899.557,-116165,-0.26
10902.902,-115944,0.13
10905.932,-115648,0.65
10908.963,-115271,1.31
10911.993,-115180,1.47
10915.023,-116117,-0.18
10918.054,-116128,-0.20
10921.084,-116400,-0.68
10924.114,-115864,0.27
10927.457,-115662,0.62
10930.487,-115493,0.92
10933.518,-115705,0.55
10936.548,-116032,-0.03
10939.578,-116677,-1.17
10942.609,-116038,-0.04
10945.639,-115819,0.35
10948.669,-115604,0.73
10952.013,-115623,0.69
10955.043,-115888,0.22
10958.074,-116164,-0.26
10961.104,-116531,-0.91
10964.134,-115863,0.27
10967.165,-115356,1.16
10970.195,-115486,0.93
10973.225,-115693,0.57
10976.584,-116317,-0.53
10979.614,-115658,0.63
10982.645,-115803,0.37
10985.675,-115889,0.22
10988.705,-115574,0.78
10991.736,-115249,1.35
10994.766,-115771,0.43
10997.796,-116083,-0.12
11001.134,-116390,-0.66
11004.164,-115992,0.04
11007.195,-115543,0.83
11010.225,-115244,1.36
11013.255,-115448,1.00
11016.286,-115753,0.46
11019.316,-116415,-0.71
11022.346,-115926,0.16
11025.691,-115552,0.82
11028.721,-115586,0.76
11031.752,-115210,1.42
11034.782,-115500,0.91
11037.812,-116246,-0.41
11040.843,-116287,-0.48
11043.873,-115772,0.43
11046.903,-115788,0.40
11050.246,-115795,0.39
11053.276,-115375,1.13
11056.307,-116128,-0.20
11059.337,-116595,-1.02
11062.367,-116084,-0.12
11065.398,-115800,0.38
11068.428,-115382,1.12
11071.458,-115404,1.08
11074.804,-116034,-0.03
11077.834,-115948,0.12
11080.865,-116409,-0.70
11083.895,-115662,0.62
11086.925,-115758,0.45
11089.956,-115402,1.08
11092.986,-115425,1.04
11096.016,-115838,0.31
11099.359,-116339,-0.57
11102.389,-116052,-0.07
11105.420,-115905,0.19
11108.450,-115577,0.77
11111.480,-115324,1.22
11114.511,-116093,-0.14
11117.541,-115851,0.29
11120.571,-116397,-0.67
11123.903,-115851,0.29
11126.933,-115934,0.14
11129.964,-115188,1.46
11132.994,-115426,1.04
11136.024,-115924,0.16
11139.055,-115813,0.36
11142.085,-116610,-1.05
11145.115,-115317,1.23
11148.462,-116158,-0.25
11151.492,-115383,1.12
11154.523,-115484,0.94
11157.553,-115984,0.05
11160.583,-115870,0.26
11163.614,-115724,0.51
11166.644,-115570,0.79
11169.674,-115159,1.51
11173.018,-116100,-0.15
11176.048,-115971,0.08
11179.079,-116058,-0.08
11182.109,-115894,0.21
11185.139,-115931,0.15
11188.170,-115545,0.83
11191.200,-115032,1.74
11194.230,-116169,-0.27
11197.579,-115796,0.39
11200.609,-116047,-0.06
11203.640,-116138,-0.22
11206.670,-115723,0.52
11209.700,-115597,0.74
11212.731,-115360,1.16
11215.761,-115887,0.23
11218.791,-115982,0.06
11222.130,-116234,-0.39
11225.160,-115873,0.25
11228.191,-115482,0.94
11231.221,-115399,1.09
11234.251,-115879,0.24
11237.282,-116085,-0.12
11240.312,-116053,-0.07
11243.342,-115681,0.59
11246.685,-115666,0.62
11249.715,-115064,1.68
11252.746,-115771,0.43
11255.776,-115955,0.11
11258.806,-116023,-0.01
11261.837,-116235,-0.39
11264.867,-115798,0.38
11267.897,-115168,1.50
11271.249,-115020,1.76
11274.279,-115484,0.94
11277.310,-116381,-0.65
11280.340,-116299,-0.50
11283.370,-115947,0.12
11286.401,-115640,0.66
11289.431,-115349,1.18
11292.461,-115684,0.58
11295.808,-116073,-0.10
11298.838,-116171,-0.28
11301.869,-116292,-0.49
11304.899,-115692,0.57
11307.929,-115516,0.88
11310.960,-115118,1.58
11313.990,-115655,0.64
11317.020,-115883,0.23
11320.362,-116611,-1.05
11323.392,-115830,0.33
11326.423,-115882,0.24
11329.453,-115607,0.72
11332.483,-115396,1.09
11335.514,-115615,0.71
11338.544,-116027,-0.02
11341.574,-115954,0.11
11344.920,-116288,-0.48
11347.950,-115985,0.05
11350.981,-115107,1.60
11354.011,-115859,0.28
11357.041,-115737,0.49
11360.072,-116235,-0.39
11363.102,-116051,-0.06
11366.132,-115563,0.80
11369.475,-115743,0.48
11372.505,-115764,0.44
11375.536,-115940,0.13
11378.566,-115928,0.15
11381.596,-115767,0.44
11384.627,-115995,0.04
11387.657,-115591,0.75
11390.687,-115674,0.60
11394.023,-115810,0.36
11397.053,-116117,-0.18
11400.084,-116328,-0.55
11403.114,-116324,-0.55
11406.144,-115414,1.06
11409.175,-115281,1.30
11412.205,-115604,0.73
11415.235,-115708,0.54
11418.582,-116030,-0.03
11421.612,-116363,-0.61
11424.643,-115872,0.25
11427.673,-115569,0.79
11430.703,-115328,1.21
11433.734,-115260,1.33
11436.764,-115872,0.25
11439.794,-116116,-0.18
11443.135,-116059,-0.08
11446.165,-115430,1.03
11449.196,-115282,1.29
11452.226,-115344,1.18
11455.256,-116007,0.01
11458.287,-116142,-0.22
11461.317,-116175,-0.28
11464.347,-115768,0.44
11467.691,-115997,0.03
11470.721,-115622,0.69
11473.752,-115682,0.59
11476.782,-115604,0.73
11479.812,-116061,-0.08
11482.843,-116160,-0.26
11485.873,-115621,0.70
11488.903,-115345,1.18
11492.258,-115074,1.66
11495.288,-115966,0.09
11498.319,-115670,0.61
11501.349,-116544,-0.93
11504.379,-115694,0.57
11507.410,-115400,1.09
11510.440,-115719,0.52
11513.470,-115665,0.62
11516.802,-116142,-0.22
11519.832,-116212,-0.35
11522.863,-116247,-0.41
11525.893,-115703,0.55
11528.923,-115727,0.51
11531.954,-115355,1.17
11534.984,-116050,-0.06
11538.014,-115909,0.19
11541.369,-116291,-0.49
11544.399,-116400,-0.68
11547.430,-115620,0.70
11550.460,-115197,1.44
11553.490,-115736,0.49
11556.521,-115747,0.47
11559.551,-116207,-0.34
11562.581,-116264,-0.44
11565.924,-116027,-0.02
11568.954,-115875,0.25
11571.985,-115649,0.65
11575.015,-115894,0.21
11578.045,-116228,-0.38
11581.076,-116379,-0.64
11584.106,-115968,0.08
11587.136,-114962,1.86
11590.480,-115048,1.71
11593.510,-115298,1.27
11596.541,-116135,-0.21
11599.571,-115952,0.11
11602.601,-115967,0.08
11605.632,-115960,0.10
11608.662,-115287,1.29
11611.692,-115208,1.42
11615.038,-115867,0.26
11618.068,-116080,-0.11
11621.099,-116181,-0.29
11624.129,-115739,0.49
11627.159,-115478,0.95
11630.190,-115510,0.89
11633.220,-115237,1.37
11636.250,-115893,0.22
11639.592,-115847,0.30
11642.622,-115943,0.13
11645.653,-115604,0.73
11648.683,-115298,1.27
11651.713,-115464,0.97
11654.744,-115938,0.14
11657.774,-115593,0.75
11660.804,-116570,-0.98
11664.147,-115981,0.06
11667.177,-115668,0.61
11670.208,-115527,0.86
11673.238,-115776,0.42
11676.268,-116110,-0.17
11679.299,-115704,0.55
11682.329,-115818,0.35
11685.359,-116027,-0.02
11688.695,-115100,1.62
11691.725,-114768,2.20
11694.756,-116006,0.02
11697.786,-115703,0.55
11700.816,-116369,-0.62
11703.847,-115859,0.28
11706.877,-115510,0.89
11709.907,-115271,1.31
11713.251,-115619,0.70
11716.281,-115796,0.39
11719.312,-116017,-0.00
11722.342,-116232,-0.38
11725.372,-115695,0.57
11728.403,-115559,0.81
11731.433,-115599,0.73
11734.463,-115710,0.54
11737.805,-115697,0.56
11740.835,-116189,-0.31
11743.866,-115961,0.10
11746.896,-115352,1.17
11749.926,-114846,2.06
11752.957,-115636,0.67
11755.987,-115791,0.40
11759.017,-116156,-0.25
11762.361,-115994,0.04
11765.391,-115436,1.02
11768.422,-115230,1.39
11771.452,-115394,1.10
11774.482,-115265,1.32
11777.513,-115990,0.04
11780.543,-116347,-0.59
11783.573,-115667,0.61
11786.918,-115353,1.17
11789.948,-115199,1.44
11792.979,-115293,1.27
11796.009,-115864,0.27
11799.039,-116140,-0.22
11802.070,-116193,-0.31
11805.100,-115721,0.52
11808.130,-115685,0.58
11811.485,-115377,1.13
11814.515,-115796,0.39
11817.546,-116071,-0.10
11820.576,-116276,-0.46
11823.606,-115733,0.50
11826.637,-116159,-0.25
11829.667,-114978,1.83
11832.697,-115424,1.04
11836.040,-115947,0.12
11839.070,-116298,-0.50
11842.101,-116125,-0.19
11845.131,-115392,1.10
11848.161,-115592,0.75
11851.192,-115464,0.97
11854.222,-115605,0.72
11857.252,-115886,0.23
11860.596,-116019,-0.01
11863.626,-115976,0.07
11866.657,-115777,0.42
11869.687,-115087,1.64
11872.717,-115272,1.31
11875.748,-116131,-0.20
11878.778,-116154,-0.25
11881.808,-116234,-0.39
11885.152,-115965,0.09
11888.182,-115836,0.32
11891.213,-115217,1.41
11894.243,-115738,0.49
11897.273,-115892,0.22
11900.304,-116338,-0.57
11903.334,-116006,0.02
11906.364,-115742,0.48
11909.711,-115899,0.20
11912.741,-115244,1.36
11915.772,-115934,0.14
11918.802,-116018,-0.01
11921.832,-115907,0.19
11924.863,-115643,0.66
11927.893,-115679,0.59
11930.923,-115358,1.16
11934.267,-116125,-0.19
11937.297,-116208,-0.34
11940.328,-116542,-0.93
11943.358,-116048,-0.06
11946.388,-115766,0.44
11949.419,-115270,1.32
11952.449,-115511,0.89
11955.479,-115695,0.57
11958.813,-116077,-0.11
11961.843,-116310,-0.52
11964.874,-115926,0.16
11967.904,-115473,0.96
11970.934,-115434,1.03
11973.965,-115854,0.28
11976.995,-115533,0.85
11980.025,-116065,-0.09
11983.371,-116397,-0.67
11986.401,-115650,0.64
11989.432,-115609,0.72
11992.462,-115674,0.60
11995.492,-116077,-0.11
11998.523,-116152,-0.24
12001.553,-116092,-0.14
12004.583,-115883,0.23
12007.924,-115225,1.39
12010.954,-115529,0.86
12013.985,-115638,0.67
12017.015,-115806,0.37
12020.045,-116445,-0.76
12023.076,-116006,0.02
12026.106,-115884,0.23
12029.136,-115349,1.18
12032.479,-115308,1.25
12035.509,-116098,-0.15
12038.540,-115937,0.14
12041.570,-116600,-1.03
12044.600,-115580,0.77
12047.631,-115724,0.51
12050.661,-115566,0.79
12053.691,-115849,0.29
12057.036,-115694,0.57
12060.066,-116188,-0.31
12063.097,-116186,-0.30
12066.127,-115604,0.73
12069.157,-115486,0.93
12072.188,-115391,1.10
12075.218,-115785,0.41
12078.248,-116249,-0.41
12081.602,-116314,-0.53
12084.632,-115602,0.73
12087.663,-115853,0.29
12090.693,-115529,0.86
12093.723,-115609,0.72
12096.754,-115649,0.65
12099.784,-116233,-0.38
12102.814,-116186,-0.30
12106.157,-115548,0.82
12109.187,-115473,0.96
12112.218,-115582,0.76
12115.248,-115889,0.22
12118.278,-116026,-0.02
12121.309,-116082,-0.12
12124.339,-115731,0.50
12127.369,-115684,0.58
12130.715,-114752,2.23
12133.745,-115920,0.17
12136.776,-115853,0.29
12139.806,-116135,-0.21
12142.836,-115690,0.57
12145.867,-115815,0.35
12148.897,-115548,0.82
12151.927,-115227,1.39
12155.270,-115151,1.53
12158.300,-115984,0.05
12161.331,-116187,-0.30
12164.361,-115542,0.84
12167.391,-115698,0.56
12170.422,-115235,1.38
12173.452,-115551,0.82
12176.482,-115653,0.64
12179.827,-116050,-0.06
12182.857,-115944,0.13
12185.888,-115380,1.12
12188.918,-115470,0.96
12191.948,-115714,0.53
12194.979,-116234,-0.39
12198.009,-115723,0.52
12201.039,-116723,-1.25
12204.384,-115760,0.45
12207.414,-115382,1.12
12210.445,-115161,1.51
12213.475,-115463,0.97
12216.505,-115679,0.59
12219.536,-115823,0.34
12222.566,-115989,0.05
12225.596,-115524,0.87
12228.933,-116030,-0.03
12231.963,-115369,1.14
12234.994,-115700,0.56
12238.024,-115925,0.16
12241.054,-116058,-0.08
12244.085,-115654,0.64
12247.115,-115370,1.14
12250.145,-115526,0.86
12253.487,-115639,0.66
12256.517,-116069,-0.10
12259.548,-116305,-0.51
12262.578,-116069,-0.10
12265.608,-115390,1.10
12268.639,-115500,0.91
12271.669,-115220,1.40
12274.699,-115722,0.52
12278.042,-115701,0.55
12281.072,-116263,-0.44
12284.103,-115687,0.58
12287.133,-115582,0.76
12290.163,-115424,1.04
12293.194,-115294,1.27
12296.224,-115616,0.70
12299.254,-115977,0.07
12302.598,-115931,0.15
12305.628,-115533,0.85
12308.659,-115340,1.19
12311.689,-115375,1.13
12314.719,-116055,-0.07
12317.750,-115459,0.98
12320.780,-116705,-1.22
12323.810,-115575,0.78
12327.154,-115423,1.05
12330.184,-115397,1.09
12333.215,-115580,0.77
12336.245,-115732,0.50
12339.275,-115993,0.04
12342.306,-115853,0.29
12345.336,-115653,0.64
12348.366,-115574,0.78
12351.710,-114830,2.09
12354.740,-115707,0.54
12357.771,-115859,0.28
12360.801,-116016,-0.00
12363.831,-115841,0.31
12366.862,-115895,0.21
12369.892,-115326,1.22
12372.922,-115474,0.96
12376.277,-116027,-0.02
12379.307,-115748,0.47
12382.338,-115960,0.10
12385.368,-116078,-0.11
12388.398,-115469,0.96
12391.429,-115310,1.24
12394.459,-115713,0.53
12397.489,-115575,0.78
12400.832,-116095,-0.14
12403.862,-115798,0.38
12406.893,-115750,0.47
12409.923,-115433,1.03
12412.953,-115355,1.17
12415.984,-115387,1.11
12419.014,-116196,-0.32
12422.044,-115607,0.72
12425.390,-115769,0.43
12428.420,-115444,1.01
12431.451,-115272,1.31
12434.481,-115874,0.25
12437.511,-115806,0.37
12440.542,-116722,-1.25
12443.572,-116474,-0.81
12446.602,-115625,0.69
12449.946,-115355,1.17
12452.976,-115329,1.21
12456.007,-115969,0.08
12459.037,-115985,0.05
12462.067,-116094,-0.14
12465.098,-115707,0.54
12468.128,-115756,0.46
12471.158,-115402,1.08
12474.501,-115502,0.91
12477.531,-115955,0.11
12480.562,-115936,0.14
12483.592,-115869,0.26
12486.622,-115877,0.24
12489.653,-115717,0.53
12492.683,-115217,1.41
12495.713,-115833,0.32
12499.050,-116320,-0.54
12502.080,-116167,-0.27
12505.111,-115561,0.80
12508.141,-115702,0.55
12511.171,-115257,1.34
12514.202,-115458,0.98
12517.232,-115682,0.59
12520.262,-116229,-0.38
12523.606,-115279,1.30
12526.636,-115588,0.75
12529.667,-115530,0.86
12532.697,-115828,0.33
12535.727,-115829,0.33
12538.758,-116201,-0.33
12541.788,-116240,-0.40
12544.818,-115660,0.63
12548.162,-115940,0.13
12551.192,-115046,1.71
12554.223,-115540,0.84
12557.253,-116059,-0.08
12560.283,-116284,-0.47
12563.314,-115922,0.16
12566.344,-115665,0.62
12569.374,-115430,1.03
12572.718,-115558,0.81
12575.748,-115644,0.66
12578.779,-115826,0.33
12581.809,-116622,-1.07
12584.839,-116138,-0.22
12587.870,-115581,0.77
12590.900,-115538,0.84
12593.930,-115898,0.21
12597.275,-115631,0.68
12600.305,-116143,-0.23
12603.336,-115810,0.36
12606.366,-115868,0.26
12609.396,-115622,0.69
12612.427,-115283,1.29
12615.457,-115689,0.58
12618.487,-115750,0.47
12621.831,-116828,-1.44
12624.861,-115898,0.21
12627.892,-115663,0.62
12630.922,-115314,1.24
12633.952,-115698,0.56
12636.983,-115710,0.54
12640.013,-116172,-0.28
12643.043,-116029,-0.02
12646.396,-115664,0.62
12649.426,-115628,0.68
12652.457,-115346,1.18
12655.487,-115935,0.14
12658.517,-116315,-0.53
12661.548,-115996,0.03
12664.578,-115457,0.99
12667.608,-115360,1.16
12670.952,-115272,1.31
12673.982,-115737,0.49
12677.013,-115936,0.14
12680.043,-116330,-0.56
12683.073,-116051,-0.06
12686.104,-115887,0.23
12689.134,-115340,1.19
12692.164,-115100,1.62
12695.508,-115833,0.32
12698.538,-115896,0.21
12701.569,-115962,0.09
12704.599,-115648,0.65
12707.629,-115225,1.39
12710.660,-115117,1.59
12713.690,-115631,0.68
12716.720,-116070,-0.10
12720.062,-116074,-0.10
12723.092,-116241,-0.40
12726.123,-115867,0.26
12729.153,-115485,0.94
12732.183,-115208,1.42
12735.214,-115466,0.97
12738.244,-116070,-0.10
12741.274,-116029,-0.02
12744.621,-115993,0.04
12747.651,-116004,0.02
12750.682,-115234,1.38
12753.712,-115148,1.53
12756.742,-115600,0.73
12759.773,-116157,-0.25
12762.803,-116061,-0.08
12765.833,-115298,1.27
12769.176,-115424,1.04
12772.206,-115432,1.03
12775.237,-115997,0.03
12778.267,-116054,-0.07
12781.297,-116287,-0.48
12784.328,-115630,0.68
12787.358,-115228,1.39
12790.388,-115442,1.01
12793.723,-116049,-0.06
12796.753,-115600,0.73
12799.784,-116252,-0.42
12802.814,-116055,-0.07
12805.844,-115894,0.21
12808.875,-115527,0.86
12811.905,-114903,1.96
12814.935,-115908,0.19
12818.277,-115784,0.41
12821.307,-116125,-0.19
12824.338,-116059,-0.08
12827.368,-115414,1.06
12830.398,-113369,4.67
12833.429,-112208,6.72
12836.459,-112469,6.26
12839.489,-111961,7.16
12842.836,-111647,7.71
12845.866,-110818,9.18
12848.897,-109459,11.58
12851.927,-108633,13.03
12854.957,-108172,13.85
12857.988,-107499,15.04
12861.018,-106916,16.06
12864.048,-105881,17.89
12867.392,-104723,19.94
12870.422,-103662,21.81
12873.453,-102842,23.26
12876.483,-102004,24.74
12879.513,-102041,24.67
12882.544,-101178,26.20
12885.574,-99791,28.64
12888.604,-99455,29.24
12891.948,-98572,30.80
12894.978,-98599,30.75
12898.009,-98975,30.08
12901.039,-99860,28.52
12904.069,-99396,29.34
12907.100,-99420,29.30
12910.130,-98978,30.08
12913.160,-99494,29.17
12916.514,-100123,28.06
12919.544,-100781,26.90
12922.575,-101789,25.12
12925.605,-101540,25.56
12928.635,-101688,25.30
12931.666,-101660,25.34
12934.696,-102394,24.05
12937.726,-103474,22.14
12941.071,-104866,19.68
12944.101,-105036,19.38
12947.132,-105601,18.39
12950.162,-105554,18.47
12953.192,-106408,16.96
12956.223,-106936,16.03
12959.253,-107531,14.98
12962.283,-108035,14.09
12965.627,-107950,14.24
12968.657,-107442,15.14
12971.688,-107265,15.45
12974.718,-107144,15.66
12977.748,-107611,14.84
12980.779,-107415,15.18
12983.809,-107130,15.69
12986.839,-105938,17.79
12990.179,-105249,19.01
12993.209,-103785,21.59
12996.240,-103712,21.72
12999.270,-103036,22.92
13002.300,-101985,24.77
13005.331,-100555,27.30
13008.361,-99082,29.90
13011.391,-96935,33.69
13014.739,-96458,34.53
13017.769,-94827,37.41
13020.800,-94397,38.17
13023.830,-92477,41.56
13026.860,-90361,45.29
13029.891,-88482,48.61
13032.921,-87288,50.72
13035.951,-86417,52.26
13039.295,-85812,53.32
13042.325,-84784,55.14
13045.356,-82730,58.77
13048.386,-80835,62.11
13051.416,-78424,66.37
13054.447,-77816,67.44
13057.477,-76846,69.15
13060.507,-76433,69.88
13063.841,-75447,71.62
13066.871,-73629,74.83
13069.902,-72798,76.30
13072.932,-71854,77.97
13075.962,-71228,79.07
13078.993,-70938,79.59
13082.023,-70982,79.51
13085.053,-69232,82.60
13088.398,-69158,82.73
13091.428,-66689,87.09
13094.459,-65076,89.94
13097.489,-64473,91.00
13100.519,-63247,93.16
13103.550,-61490,96.27
13106.580,-59308,100.12
13109.610,-58230,102.02
13112.954,-57403,103.48
13115.984,-56300,105.43
13119.015,-55325,107.15
13122.045,-54554,108.51
13125.075,-52842,111.53
13128.106,-51758,113.45
13131.136,-49886,116.75
13134.166,-49939,116.66
13137.510,-49466,117.50
13140.540,-48659,118.92
13143.571,-47320,121.28
13146.601,-45759,124.04
13149.631,-43749,127.59
13152.662,-41939,130.78
13155.692,-41255,131.99
13158.722,-40540,133.25
13162.069,-40628,133.10
13165.099,-38269,137.26
13168.130,-36329,140.69
13171.160,-33535,145.62
13174.190,-32253,147.89
13177.221,-31058,150.00
13180.251,-30333,151.28
13183.281,-29755,152.30
13186.622,-28856,153.88
13189.652,-28046,155.31
13192.683,-27396,156.46
13195.713,-26934,157.28
13198.743,-26400,158.22
13201.774,-26591,157.88
13204.804,-25345,160.08
13207.834,-24421,161.71
13211.188,-23243,163.79
13214.218,-21683,166.55
13217.249,-20292,169.00
13220.279,-19173,170.98
13223.309,-17353,174.19
13226.340,-15802,176.93
13229.370,-14526,179.18
13232.400,-13118,181.67
13235.744,-12540,182.69
13238.774,-11059,185.30
13241.805,-10370,186.52
13244.835,-8378,190.04
13247.865,-6633,193.12
13250.896,-4509,196.87
13253.926,-3798,198.12
13256.956,-2667,200.12
13260.299,-2382,200.62
13263.329,-1023,203.02
13266.360,254,205.28
13269.390,1140,206.84
13272.420,1514,207.50
13275.451,462,205.65
13278.481,-696,203.60
13281.511,-1251,202.62
13284.858,-743,203.52
13287.888,570,205.84
13290.919,2833,209.83
13293.949,4150,212.16
13296.979,5194,214.00
13300.010,5562,214.65
13303.040,6317,215.98
13306.070,7667,218.37
13309.410,9301,221.25
13312.440,10537,223.43
13315.471,10914,224.10
13318.501,11115,224.45
13321.531,10238,222.90
13324.562,10961,224.18
13327.592,10717,223.75
13330.622,11287,224.76
13333.958,11085,224.40
13336.988,9938,222.38
13340.019,9635,221.84
13343.049,9443,221.50
13346.079,9812,222.15
13349.110,9424,221.47
13352.140,9700,221.96
13355.170,9187,221.05
13358.515,9332,221.31
13361.545,9584,221.75
13364.576,10517,223.40
13367.606,11021,224.29
13370.636,11511,225.15
13373.667,11549,225.22
13376.697,10850,223.99
13379.727,11023,224.29
13383.069,11393,224.94
13386.099,13097,227.95
13389.130,13658,228.94
13392.160,15035,231.37
13395.190,14647,230.69
13398.221,14350,230.16
13401.251,13750,229.11
13404.281,13994,229.54
13407.627,14481,230.40
13410.657,15563,232.31
13413.688,15825,232.77
13416.718,15874,232.86
13419.748,15156,231.59
13422.779,15082,231.46
13425.809,16194,233.42
13428.839,18042,236.68
13432.184,20379,240.81
13435.214,22519,244.59
13438.245,23932,247.08
13441.275,23982,247.17
13444.305,24837,248.68
13447.336,25324,249.54
13450.366,25775,250.34
13453.396,25999,250.73
13456.740,25112,249.17
13459.770,24937,248.86
13462.801,24857,248.72
13465.831,24968,248.91
13468.861,24750,248.53
13471.892,25256,249.42
13474.922,23982,247.17
13477.952,23256,245.89
13481.303,22671,244.86
13484.333,22153,243.94
13487.364,22458,244.48
13490.394,23050,245.53
13493.424,22958,245.36
13496.455,22744,244.98
13499.485,22184,244.00
13502.515,21784,243.29
13505.863,22339,244.27
13508.893,23074,245.57
13511.924,23927,247.07
13514.954,24155,247.48
13517.984,23709,246.69
13521.015,23118,245.65
13524.045,22597,244.73
13527.075,22138,243.91
13530.418,21151,242.17
13533.448,20179,240.46
13536.479,18412,237.34
13539.509,16802,234.49
13542.539,14854,231.05
13545.570,13077,227.92
13548.600,10416,223.22
13551.630,7325,217.76
13554.972,3693,211.35
13558.002,-84,204.68
13561.033,-3948,197.86
13564.063,-6837,192.76
13567.093,-8856,189.19
13570.124,-12286,183.14
13573.154,-18751,171.72
13576.184,-36576,140.25
13579.536,-72947,76.04
13582.566,-125862,-17.39
13585.597,-123086,-12.48
13588.627,-95871,35.57
13591.657,-135056,-33.62
13594.688,-107686,14.71
13597.718,-109039,12.32
13600.748,-134438,-32.53
13604.081,-98189,31.47
13607.111,-123612,-13.41
13610.142,-121713,-10.06
13613.172,-98927,30.17
13616.202,-132178,-28.54
13619.233,-109331,11.80
13622.263,-110174,10.31
13625.293,-130532,-25.63
13628.632,-100772,26.91
13631.662,-121601,-9.86
13634.693,-121262,-9.26
13637.723,-102099,24.57
13640.753,-129570,-23.93
13643.784,-110209,10.25
13646.814,-110374,9.96
13649.844,-127656,-20.55
13653.187,-102472,23.91
13656.217,-121078,-8.94
13659.248,-120860,-8.55
13662.278,-104622,20.11
13665.308,-127106,-19.58
13668.339,-111075,8.72
13671.369,-110647,9.48
13674.399,-126222,-18.02
13677.765,-106342,17.08
13680.795,-120697,-8.27
13683.826,-120399,-7.74
13686.856,-105436,18.68
13689.886,-125380,-16.53
13692.917,-111608,7.78
13695.947,-112048,7.00
13698.977,-125194,-16.21
13702.301,-107338,15.32
13705.331,-119933,-6.92
13708.362,-118917,-5.12
13711.392,-106791,16.29
13714.422,-124205,-14.46
13717.453,-112417,6.35
13720.483,-113022,5.28
13723.513,-123579,-13.35
13726.855,-107839,14.44
13729.885,-118644,-4.64
13732.916,-118091,-3.67
13735.946,-108500,13.27
13738.976,-123183,-12.66
13742.007,-112385,6.41
13745.037,-113272,4.84
13748.067,-121736,-10.10
13751.421,-108678,12.95
13754.451,-118696,-4.73
13757.482,-117831,-3.21
13760.512,-110265,10.15
13763.542,-122216,-10.95
13766.573,-112595,6.04
13769.603,-113236,4.91
13772.633,-120424,-7.78
13775.978,-110083,10.47
13779.008,-118702,-4.74
13782.039,-118063,-3.62
13785.069,-110556,9.64
13788.099,-121237,-9.22
13791.130,-112311,6.54
13794.160,-114194,3.22
13797.190,-120268,-7.51
13800.541,-110793,9.22
13803.571,-119046,-5.35
13806.602,-117282,-2.24
13809.632,-111198,8.50
13812.662,-120396,-7.73
13815.693,-113389,4.64
13818.723,-114544,2.60
13821.753,-120273,-7.52
13825.092,-111409,8.13
13828.122,-117558,-2.72
13831.153,-116464,-0.79
13834.183,-111883,7.30
13837.213,-119992,-7.02
13840.244,-113838,3.84
13843.274,-115363,1.15
13846.304,-119202,-5.63
13849.646,-111000,8.85
13852.676,-117408,-2.46
13855.707,-116686,-1.18
13858.737,-112911,5.48
13861.767,-120159,-7.32
13864.798,-113930,3.68
13867.828,-115096,1.62
13870.858,-117671,-2.92
13874.202,-112332,6.50
13877.232,-118083,-3.65
13880.263,-116620,-1.07
13883.293,-113360,4.69
13886.323,-119112,-5.47
13889.354,-113391,4.63
13892.384,-114528,2.63
13895.414,-118336,-4.10
13898.750,-112980,5.36
13901.780,-118116,-3.71
13904.811,-116076,-0.11
13907.841,-113461,4.51
13910.871,-118151,-3.77
13913.902,-113502,4.44
13916.932,-115779,0.42
13919.962,-118206,-3.87
13923.306,-113675,4.13
13926.336,-117457,-2.55
13929.367,-115695,0.57
13932.397,-113264,4.86
13935.427,-117974,-3.46
13938.458,-114170,3.26
13941.488,-116249,-0.41
13944.518,-117318,-2.30
13947.863,-113569,4.32
13950.893,-116844,-1.46
13953.924,-115489,0.93
13956.954,-113743,4.01
13959.984,-118155,-3.78
13963.015,-114473,2.72
13966.045,-115512,0.89
13969.075,-116995,-1.73
13972.417,-114608,2.48
13975.447,-117406,-2.46
13978.478,-115613,0.71
13981.508,-115214,1.41
13984.538,-117484,-2.59
13987.569,-114159,3.28
13990.599,-115788,0.40
13993.629,-116450,-0.77
13996.972,-113891,3.75
14000.002,-117207,-2.10
14003.033,-116025,-0.02
14006.063,-114844,2.07
14009.093,-117189,-2.07
14012.124,-113832,3.85
14015.154,-115966,0.09
14018.184,-117025,-1.78
14021.544,-114417,2.82
14024.574,-117437,-2.51
14027.605,-115346,1.18
14030.635,-114539,2.61
14033.665,-116563,-0.97
14036.696,-114531,2.62
14039.726,-116464,-0.79
14042.756,-116515,-0.88
14046.096,-114108,3.37
14049.126,-116641,-1.11
14052.157,-114993,1.80
14055.187,-115479,0.95
14058.217,-116985,-1.71
14061.248,-115186,1.46
14064.278,-116120,-0.19
14067.308,-115896,0.21
14070.653,-114230,3.15
14073.683,-116316,-0.53
14076.714,-115136,1.55
14079.744,-115673,0.60
14082.774,-117180,-2.06
14085.805,-114437,2.79
14088.835,-116050,-0.06
14091.865,-115625,0.69
14095.209,-115030,1.74
14098.239,-116805,-1.39
14101.270,-115886,0.23
14104.300,-115564,0.80
14107.330,-116524,-0.90
14110.361,-114407,2.84
14113.391,-115972,0.08
14116.421,-115849,0.29
14119.764,-115421,1.05
14122.794,-116895,-1.55
14125.825,-115365,1.15
14128.855,-115604,0.73
14131.885,-115845,0.30
14134.916,-114533,2.62
14137.946,-116834,-1.45
14140.976,-115851,0.29
14144.318,-115029,1.74
14147.348,-116449,-0.77
14150.379,-114546,2.59
14153.409,-115370,1.14
14156.439,-116226,-0.37
14159.470,-115183,1.47
14162.500,-116423,-0.72
14165.530,-115734,0.50
14168.866,-114932,1.91
14171.896,-115871,0.25
14174.927,-115170,1.49
14177.957,-116063,-0.08
14180.987,-116325,-0.55
14184.018,-115315,1.24
14187.048,-116129,-0.20
14190.078,-114834,2.09
14193.423,-115979,0.06
14196.453,-116402,-0.68
14199.484,-115287,1.29
14202.514,-116420,-0.71
14205.544,-116338,-0.57
14208.575,-115129,1.56
14211.605,-115782,0.41
14214.635,-115820,0.34
14217.979,-115617,0.70
14221.009,-116572,-0.98
14224.040,-115595,0.74
14227.070,-115653,0.64
14230.100,-115398,1.09
14233.131,-114833,2.09
14236.161,-116308,-0.52
14239.191,-115322,1.22
14242.540,-115540,0.84
14245.570,-116376,-0.64
14248.601,-115244,1.36
14251.631,-115267,1.32
14254.661,-115710,0.54
14257.692,-115236,1.38
14260.722,-116208,-0.34
14263.752,-115904,0.20
14267.091,-116360,-0.61
14270.121,-115903,0.20
14273.152,-115226,1.39
14276.182,-116051,-0.06
14279.212,-116102,-0.15
14282.243,-115680,0.59
14285.273,-116246,-0.41
14288.303,-115139,1.55
14291.646,-114879,2.01
14294.676,-115568,0.79
14297.707,-115419,1.05
14300.737,-116408,-0.69
14303.767,-116235,-0.39
14306.798,-114905,1.96
14309.828,-115532,0.85
14312.858,-115099,1.62
14316.211,-115990,0.04
14319.241,-115692,0.57
14322.272,-115803,0.37
14325.302,-115719,0.52
14328.332,-115755,0.46
14331.363,-115038,1.73
14334.393,-115729,0.51
14337.423,-116100,-0.15
14340.770,-117048,-1.82
14343.800,-117198,-2.09
14346.831,-115595,0.74
14349.861,-115493,0.92
14352.891,-115139,1.55
14355.922,-115440,1.02
14358.952,-115940,0.13
14361.982,-116031,-0.03
14365.325,-115641,0.66
14368.355,-115691,0.57
14371.386,-115038,1.73
14374.416,-115412,1.06
14377.446,-116072,-0.10
14380.477,-116106,-0.16
14383.507,-116310,-0.52
14386.537,-115543,0.83
14389.880,-115397,1.09
14392.910,-115530,0.86
14395.941,-115599,0.73
14398.971,-116078,-0.11
14402.001,-116230,-0.38
14405.032,-115686,0.58
14408.062,-116056,-0.07
14411.092,-115201,1.44
14414.436,-115331,1.21
14417.466,-115907,0.19
14420.497,-116178,-0.29
14423.527,-116004,0.02
14426.557,-115211,1.42
14429.588,-115142,1.54
14432.618,-115749,0.47
14435.648,-115603,0.73
14438.985,-115666,0.62
14442.015,-116601,-1.03
14445.046,-115570,0.79
14448.076,-115627,0.69
14451.106,-115388,1.11
14454.137,-115283,1.29
14457.167,-115985,0.05
14460.197,-115918,0.17
14463.547,-116988,-1.72
14466.577,-115788,0.40
14469.608,-115506,0.90
14472.638,-115820,0.34
14475.668,-115747,0.47
14478.699,-116101,-0.15
14481.729,-116325,-0.55
14484.759,-115277,1.30
14488.095,-115503,0.90
14491.125,-115614,0.71
14494.156,-115469,0.96
14497.186,-115883,0.23
14500.216,-116271,-0.45
14503.247,-116107,-0.16
14506.277,-115998,0.03
14509.307,-115602,0.73
14512.652,-115776,0.42
14515.682,-115419,1.05
14518.713,-115926,0.16
14521.743,-116187,-0.30
14524.773,-116059,-0.08
14527.804,-115483,0.94
14530.834,-115602,0.73
14533.864,-115405,1.08
14537.210,-116458,-0.78
14540.240,-115812,0.36
14543.271,-115930,0.15
14546.301,-115619,0.70
14549.331,-115237,1.37
14552.362,-115383,1.12
14555.392,-115682,0.59
14558.422,-115971,0.08
14561.764,-116139,-0.22
14564.794,-115777,0.42
14567.825,-115659,0.63
14570.855,-115533,0.85
14573.885,-115257,1.34
14576.916,-115886,0.23
14579.946,-116616,-1.06
14582.976,-115864,0.27
14586.329,-115540,0.84
14589.359,-115830,0.33
14592.390,-114927,1.92
14595.420,-115500,0.91
14598.450,-115626,0.69
14601.481,-116108,-0.16
14604.511,-115435,1.02
14607.541,-115630,0.68
14610.885,-115595,0.74
14613.915,-115854,0.28
14616.946,-115618,0.70
14619.976,-116062,-0.08
14623.006,-115743,0.48
14626.037,-115384,1.11
14629.067,-115758,0.45
14632.097,-115187,1.46
14635.444,-115555,0.81
14638.474,-115749,0.47
14641.505,-116029,-0.02
14644.535,-115887,0.23
14647.565,-115434,1.03
14650.596,-115593,0.75
14653.626,-115393,1.10
14656.656,-115631,0.68
14659.997,-116021,-0.01
14663.027,-116169,-0.27
14666.058,-115812,0.36
14669.088,-115394,1.10
14672.118,-115192,1.45
14675.149,-115607,0.72
14678.179,-115573,0.78
14681.209,-115948,0.12
14684.563,-115775,0.42
14687.593,-116049,-0.06
14690.624,-115393,1.10
14693.654,-115090,1.63
14696.684,-115182,1.47
14699.715,-116164,-0.26
14702.745,-115966,0.09
14705.775,-115893,0.22
14709.105,-116339,-0.57
14712.135,-115032,1.74
14715.166,-115640,0.66
14718.196,-116353,-0.60
14721.226,-116272,-0.45
14724.257,-116298,-0.50
14727.287,-115543,0.83
14730.317,-115251,1.35
14733.658,-115686,0.58
14736.688,-115553,0.82
14739.719,-116138,-0.22
14742.749,-116080,-0.11
14745.779,-115494,0.92
14748.810,-115544,0.83
14751.840,-114962,1.86
14754.870,-115459,0.98
14758.212,-115987,0.05
14761.242,-115746,0.48
14764.273,-116090,-0.13
14767.303,-115444,1.01
14770.333,-115396,1.09
14773.364,-115372,1.14
14776.394,-115601,0.73
14779.424,-115955,0.11
14782.768,-116075,-0.11
14785.798,-115392,1.10
14788.829,-115930,0.15
14791.859,-114935,1.91
14794.889,-115751,0.47
14797.920,-115878,0.24
14800.950,-115849,0.29
14803.980,-115654,0.64
14807.326,-115930,0.15
14810.356,-115232,1.38
14813.387,-115568,0.79
14816.417,-115678,0.60
14819.447,-115663,0.62
14822.478,-116165,-0.26
14825.508,-115615,0.71
14828.538,-116010,0.01
14831.881,-114837,2.08
14834.911,-115466,0.97
14837.942,-115794,0.39
14840.972,-115936,0.14
14844.002,-115677,0.60
14847.033,-115510,0.89
14850.063,-115080,1.65
14853.093,-115548,0.82
14856.446,-115599,0.73
14859.476,-115921,0.17
14862.507,-115909,0.19
14865.537,-115787,0.40
14868.567,-115277,1.30
14871.598,-115284,1.29
14874.628,-115495,0.92
14877.658,-115756,0.46
14881.003,-116055,-0.07
14884.033,-115819,0.35
14887.064,-115646,0.65
14890.094,-115472,0.96
14893.124,-115255,1.34
14896.155,-115850,0.29
14899.185,-115758,0.45
14902.215,-116059,-0.08
14905.565,-116351,-0.59
14908.595,-115814,0.36
14911.626,-115465,0.97
14914.656,-115235,1.38
14917.686,-116073,-0.10
14920.717,-116140,-0.22
14923.747,-116348,-0.59
14926.777,-115350,1.17
14930.115,-115183,1.47
14933.145,-115237,1.37
14936.176,-115777,0.42
14939.206,-116136,-0.21
14942.236,-116241,-0.40
14945.267,-115869,0.26
14948.297,-115449,1.00
14951.327,-114991,1.81
14954.671,-115345,1.18
14957.701,-115769,0.43
14960.732,-116237,-0.39
14963.762,-116091,-0.13
14966.792,-115615,0.71
14969.823,-115831,0.33
14972.853,-115409,1.07
14975.883,-115682,0.59
14979.229,-115897,0.21
14982.259,-116343,-0.58
14985.290,-115640,0.66
14988.320,-115399,1.09
14991.350,-114708,2.31
14994.381,-115407,1.07
14997.411,-115689,0.58
15000.441,-115697,0.56
15003.775,-116435,-0.74
15006.805,-115153,1.52
15009.836,-115445,1.01
15012.866,-115112,1.59
15015.896,-115887,0.23
15018.927,-116190,-0.31
15021.957,-116069,-0.10
15024.987,-115906,0.19
15028.331,-115646,0.65
15031.361,-115030,1.74
15034.392,-115277,1.30
15037.422,-116056,-0.07
15040.452,-116566,-0.97
15043.483,-115632,0.68
15046.513,-115521,0.87
15049.543,-115767,0.44
15052.886,-116400,-0.68
15055.916,-115749,0.47
15058.947,-116071,-0.10
15061.977,-116013,0.00
15065.007,-115747,0.47
15068.038,-115525,0.87
15071.068,-115044,1.71
15074.098,-115273,1.31
15077.450,-115615,0.71
15080.480,-116100,-0.15
15083.511,-116281,-0.47
15086.541,-115974,0.07
15089.571,-115443,1.01
15092.602,-115168,1.50
15095.632,-115082,1.65
15098.662,-116080,-0.11
15101.997,-116226,-0.37
15105.027,-116055,-0.07
15108.058,-115740,0.49
15111.088,-115577,0.77
15114.118,-115524,0.87
15117.149,-115674,0.60
15120.179,-115821,0.34
15123.209,-115797,0.39
15126.569,-115446,1.00
15129.599,-115533,0.85
15132.630,-115245,1.36
15135.660,-116094,-0.14
15138.690,-115668,0.61
15141.721,-116182,-0.29
15144.751,-115671,0.61
15147.781,-115732,0.50
15151.119,-115336,1.20
15154.149,-115386,1.11
15157.180,-116136,-0.21
15160.210,-116032,-0.03
15163.240,-116308,-0.52
15166.271,-115623,0.69
15169.301,-115235,1.38
15172.331,-114856,2.05
15175.678,-115925,0.16
15178.708,-116072,-0.10
15181.739,-116609,-1.05
15184.769,-115421,1.05
15187.799,-116007,0.01
15190.830,-115239,1.37
15193.860,-115587,0.76
15196.890,-115630,0.68
15200.233,-116242,-0.40
15203.263,-116006,0.02
15206.294,-115490,0.93
15209.324,-115420,1.05
15212.354,-115266,1.32
15215.385,-115319,1.23
15218.415,-115651,0.64
15221.445,-116164,-0.26
15224.787,-115763,0.45
15227.817,-115722,0.52
15230.848,-115451,1.00
15233.878,-115207,1.43
15236.908,-116138,-0.22
15239.939,-116066,-0.09
15242.969,-115790,0.40
15245.999,-115450,1.00
15249.346,-115531,0.85
15252.376,-115150,1.53
15255.407,-115542,0.84
15258.437,-115940,0.13
15261.467,-115832,0.32
15264.498,-115889,0.22
15267.528,-115661,0.63
15270.558,-115536,0.85
15273.893,-115381,1.12
15276.923,-116286,-0.48
15279.954,-115595,0.74
15282.984,-115705,0.55
15286.014,-115544,0.83
15289.045,-115823,0.34
15292.075,-115160,1.51
15295.105,-115715,0.53
15298.449,-115986,0.05
15301.479,-116278,-0.46
15304.510,-116301,-0.50
15307.540,-115421,1.05
15310.570,-115705,0.55
15313.601,-115331,1.21
15316.631,-116146,-0.23
15319.661,-115987,0.05
15323.005,-116327,-0.55
15326.035,-115394,1.10
15329.066,-115521,0.87
15332.096,-114941,1.90
15335.126,-115326,1.22
15338.157,-115698,0.56
15341.187,-116060,-0.08
15344.217,-116108,-0.16
15347.568,-115989,0.05
15350.598,-115390,1.10
15353.629,-115361,1.15
15356.659,-115588,0.75
15359.689,-115539,0.84
15362.720,-116119,-0.18
15365.750,-115660,0.63
15368.780,-115261,1.33
15372.117,-115589,0.75
15375.147,-115772,0.43
15378.178,-115764,0.44
15381.208,-115874,0.25
15384.238,-115893,0.22
15387.269,-115712,0.54
15390.299,-115371,1.14
15393.329,-115509,0.89
15396.673,-116219,-0.36
15399.703,-116104,-0.16
15402.734,-115920,0.17
15405.764,-116080,-0.11
15408.794,-115148,1.53
15411.825,-115023,1.75
15414.855,-115127,1.57
15417.885,-116090,-0.13
15421.240,-116409,-0.70
15424.270,-115997,0.03
15427.301,-115723,0.52
15430.331,-115062,1.68
15433.361,-115151,1.53
15436.392,-114991,1.81
15439.422,-115913,0.18
15442.452,-116240,-0.40
15445.794,-115885,0.23
15448.824,-115393,1.10
15451.855,-114753,2.23
15454.885,-115336,1.20
15457.915,-115576,0.78
15460.946,-116183,-0.30
15463.976,-115995,0.04
15467.006,-115661,0.63
15470.350,-115722,0.52
15473.380,-115351,1.17
15476.411,-115349,1.18
15479.441,-116211,-0.35
15482.471,-116326,-0.55
15485.502,-115410,1.07
15488.532,-115377,1.13
15491.562,-115087,1.64
15494.906,-115360,1.16
15497.936,-115733,0.50
15500.967,-116036,-0.04
15503.997,-116179,-0.29
15507.027,-115740,0.49
15510.058,-115755,0.46
15513.088,-115513,0.89
15516.118,-115834,0.32
15519.462,-116420,-0.71
15522.492,-116408,-0.69
15525.523,-115749,0.47
15528.553,-115749,0.47
15531.583,-115134,1.56
15534.614,-115248,1.35
15537.644,-115941,0.13
15540.674,-116224,-0.37
15544.008,-115968,0.08
15547.038,-115660,0.63
15550.069,-115033,1.73
15553.099,-115132,1.56
15556.129,-115627,0.69
15559.160,-115728,0.51
15562.190,-115914,0.18
15565.220,-115277,1.30
15568.571,-115792,0.39
15571.601,-115042,1.72
15574.632,-115360,1.16
15577.662,-115802,0.38
15580.692,-116355,-0.60
15583.723,-116545,-0.94
15586.753,-115696,0.56
15589.783,-114989,1.81
15593.121,-116155,-0.25
15596.151,-115854,0.28
15599.182,-115783,0.41
15602.212,-116275,-0.46
15605.242,-116109,-0.17
15608.273,-115490,0.93
15611.303,-115006,1.78
15614.333,-115490,0.93
15617.677,-115472,0.96
15620.707,-116110,-0.17
15623.738,-116141,-0.22
15626.768,-115809,0.36
15629.798,-115592,0.75
15632.829,-115421,1.05
15635.859,-115663,0.62
15638.889,-116050,-0.06
15642.231,-117200,-2.09
15645.261,-115753,0.46
15648.292,-115039,1.72
15651.322,-115100,1.62
15654.352,-115296,1.27
15657.383,-115569,0.79
15660.413,-116111,-0.17
15663.443,-115751,0.47
15666.789,-115625,0.69
15669.819,-115583,0.76
15672.850,-114696,2.33
15675.880,-115917,0.17
15678.910,-115831,0.33
15681.941,-116401,-0.68
15684.971,-115796,0.39
15688.001,-115641,0.66
15691.353,-115662,0.62
15694.383,-116284,-0.47
15697.414,-115770,0.43
15700.444,-115848,0.30
15703.474,-116494,-0.85
15706.505,-115807,0.37
15709.535,-115560,0.80
15712.565,-114760,2.22
15715.911,-115560,0.80
15718.941,-115939,0.13
15721.972,-116202,-0.33
15725.002,-116024,-0.02
15728.032,-115712,0.54
15731.063,-115524,0.87
15734.093,-115600,0.73
15737.123,-115835,0.32
15740.466,-116388,-0.66
15743.496,-115717,0.53
15746.527,-115751,0.47
15749.557,-115449,1.00
15752.587,-115432,1.03
15755.618,-115822,0.34
15758.648,-115702,0.55
15761.678,-116282,-0.47
15765.023,-116006,0.02
15768.053,-115716,0.53
15771.084,-115027,1.74
15774.114,-115463,0.97
15777.144,-115715,0.53
15780.175,-116002,0.02
15783.205,-115774,0.43
15786.235,-115500,0.91
15789.585,-116457,-0.78
15792.615,-115495,0.92
15795.646,-115338,1.20
15798.676,-115924,0.16
15801.706,-116288,-0.48
15804.737,-115652,0.64
15807.767,-115786,0.40
15810.797,-115636,0.67
15814.134,-115113,1.59
15817.164,-115782,0.41
15820.195,-115927,0.16
15823.225,-116434,-0.74
15826.255,-115526,0.86
15829.286,-115412,1.06
15832.316,-115266,1.32
15835.346,-115698,0.56
15838.680,-115311,1.24
15841.710,-116316,-0.53
15844.741,-115820,0.34
15847.771,-115934,0.14
15850.801,-115260,1.33
15853.832,-115543,0.83
15856.862,-116296,-0.50
15859.892,-115806,0.37
15863.236,-116796,-1.38
15866.266,-115805,0.37
15869.297,-115924,0.16
15872.327,-115021,1.76
15875.357,-115528,0.86
15878.388,-116094,-0.14
15881.418,-116274,-0.46
15884.448,-115738,0.49
15887.792,-115571,0.78
15890.822,-115591,0.75
15893.853,-115433,1.03
15896.883,-115671,0.61
15899.913,-115746,0.48
15902.944,-116346,-0.58
15905.974,-116050,-0.06
15909.004,-115427,1.04
15912.351,-115189,1.46
15915.381,-115643,0.66
15918.412,-115734,0.50
15921.442,-116398,-0.68
15924.472,-115390,1.10
15927.503,-115703,0.55
15930.533,-115436,1.02
15933.563,-115108,1.60
15936.905,-115481,0.94
15939.935,-116160,-0.26
15942.966,-116389,-0.66
15945.996,-115486,0.93
15949.026,-115209,1.42
15952.057,-115331,1.21
15955.087,-115323,1.22
15958.117,-115332,1.21
15961.473,-116107,-0.16
15964.503,-115926,0.16
15967.534,-115690,0.57
15970.564,-115437,1.02
15973.594,-115524,0.87
15976.625,-115442,1.01
15979.655,-115845,0.30
15982.685,-116078,-0.11
15986.029,-116492,-0.84
15989.059,-115190,1.46
15992.090,-115282,1.29
15995.120,-115073,1.66
15998.150,-115805,0.37
16001.181,-116211,-0.35
16004.211,-116065,-0.09
16007.241,-115601,0.73
16010.592,-115243,1.36
16013.622,-115585,0.76
16016.653,-115458,0.98
16019.683,-115906,0.19
16022.713,-115829,0.33
16025.744,-115271,1.31
16028.774,-115472,0.96
16031.804,-115674,0.60
16035.140,-116216,-0.35
16038.170,-115998,0.03
16041.201,-116003,0.02
16044.231,-115596,0.74
16047.261,-115713,0.53
16050.292,-114963,1.86
16053.322,-115715,0.53
16056.352,-115915,0.18
16059.699,-116109,-0.17
16062.729,-116042,-0.05
16065.760,-115659,0.63
16068.790,-115626,0.69
16071.820,-115419,1.05
16074.851,-115266,1.32
16077.881,-116229,-0.38
16080.911,-116045,-0.05
16084.255,-116287,-0.48
16087.285,-115391,1.10
16090.316,-115246,1.36
16093.346,-115011,1.77
16096.376,-115733,0.50
16099.407,-116016,-0.00
16102.437,-116043,-0.05
16105.467,-115729,0.51
16108.801,-115984,0.05
16111.831,-114754,2.23
16114.862,-115407,1.07
16117.892,-115873,0.25
16120.922,-116272,-0.45
16123.953,-116116,-0.18
16126.983,-115586,0.76
16130.013,-115347,1.18
16133.357,-115625,0.69
16136.387,-116061,-0.08
16139.418,-115695,0.57
16142.448,-116645,-1.11
16145.478,-115976,0.07
16148.509,-115448,1.00
16151.539,-115583,0.76
16154.569,-115385,1.11
16157.910,-115370,1.14
16160.940,-116208,-0.34
16163.971,-116176,-0.28
16167.001,-115781,0.41
16170.031,-115701,0.55
16173.062,-115156,1.52
16176.092,-115537,0.84
16179.122,-116070,-0.10
16182.466,-115978,0.07
16185.496,-115672,0.61
16188.527,-115270,1.32
16191.557,-115241,1.37
16194.587,-115689,0.58
16197.618,-115760,0.45
16200.648,-116086,-0.13
16203.678,-115934,0.14
16207.025,-115995,0.04
16210.055,-115293,1.27
16213.086,-115425,1.04
16216.116,-115799,0.38
16219.146,-115865,0.27
16222.177,-116297,-0.50
16225.207,-116056,-0.07
16228.237,-115708,0.54
16231.593,-115111,1.60
16234.623,-115251,1.35
16237.654,-115625,0.69
16240.684,-116179,-0.29
16243.714,-116550,-0.94
16246.745,-115477,0.95
16249.775,-115039,1.72
16252.805,-115533,0.85
16256.147,-116268,-0.45
16259.177,-116006,0.02
16262.208,-116108,-0.16
16265.238,-115901,0.20
16268.268,-115562,0.80
16271.299,-115355,1.17
16274.329,-115338,1.20
16277.359,-115872,0.25
16280.703,-116360,-0.61
16283.733,-116308,-0.52
16286.764,-116140,-0.22
16289.794,-115676,0.60
16292.824,-114912,1.95
16295.855,-115551,0.82
16298.885,-115901,0.20
16301.915,-116277,-0.46
16305.260,-115596,0.74
16308.290,-116008,0.01
16311.321,-115240,1.37
16314.351,-115579,0.77
16317.381,-115660,0.63
16320.412,-115893,0.22
16323.442,-115874,0.25
16326.472,-115205,1.43
16329.815,-115723,0.52
16332.845,-115055,1.70
16335.876,-115688,0.58
16338.906,-115636,0.67
16341.936,-116309,-0.52
16344.967,-115634,0.67
16347.997,-115767,0.44
16351.027,-115528,0.86
16354.372,-115681,0.59
16357.402,-116582,-1.00
16360.433,-115658,0.63
16363.463,-115813,0.36
16366.493,-115856,0.28
16369.524,-115240,1.37
16372.554,-114916,1.94
16375.584,-115610,0.72
16378.918,-116068,-0.09
16381.948,-115862,0.27
16384.979,-115766,0.44
16388.009,-115511,0.89
16391.039,-115460,0.98
16394.070,-115509,0.89
16397.100,-115580,0.77
16400.130,-115826,0.33
16403.475,-116577,-0.99
16406.505,-115715,0.53
16409.536,-115304,1.26
16412.566,-115232,1.38
16415.596,-115531,0.85
16418.627,-115754,0.46
16421.657,-115863,0.27
16424.687,-115780,0.42
16428.034,-116590,-1.02
16431.064,-115343,1.19
16434.095,-115496,0.92
16437.125,-115224,1.40
16440.155,-116094,-0.14
16443.186,-116100,-0.15
16446.216,-115812,0.36
16449.246,-115447,1.00
16452.588,-115537,0.84
16455.618,-115690,0.57
16458.649,-116013,0.00
16461.679,-116315,-0.53
16464.709,-115694,0.57
16467.740,-115591,0.75
16470.770,-115318,1.23
16473.800,-115108,1.60
16477.144,-115755,0.46
16480.174,-116018,-0.01
16483.205,-116209,-0.34
16486.235,-115623,0.69
16489.265,-115396,1.09
16492.296,-115359,1.16
16495.326,-115713,0.53
16498.356,-115351,1.17
16501.698,-116982,-1.71
16504.728,-115841,0.31
16507.759,-115456,0.99
16510.789,-114898,1.97
16513.819,-115749,0.47
16516.850,-115719,0.52
16519.880,-116276,-0.46
16522.910,-116301,-0.50
16526.266,-116506,-0.87
16529.296,-115546,0.83
16532.327,-115276,1.30
16535.357,-115625,0.69
16538.387,-115618,0.70
16541.418,-116433,-0.74
16544.448,-115679,0.59
16547.478,-115309,1.25
16550.820,-116188,-0.31
16553.850,-115177,1.48
16556.881,-115974,0.07
16559.911,-115891,0.22
16562.941,-116498,-0.85
16565.972,-115972,0.08
16569.002,-115352,1.17
16572.032,-115211,1.42
16575.378,-115690,0.57
16578.408,-116117,-0.18
16581.439,-116706,-1.22
16584.469,-115630,0.68
16587.499,-115570,0.79
16590.530,-115542,0.84
16593.560,-115552,0.82
16596.590,-115868,0.26
16599.933,-116971,-1.69
16602.963,-116642,-1.11
16605.994,-115779,0.42
16609.024,-115684,0.58
16612.054,-115146,1.53
16615.085,-115828,0.33
16618.115,-116040,-0.04
16621.145,-116276,-0.46
16624.490,-116194,-0.32
16627.520,-116021,-0.01
16630.551,-115369,1.14
16633.581,-115564,0.80
16636.611,-115430,1.03
16639.642,-115808,0.37
16642.672,-116104,-0.16
16645.702,-115594,0.74
16649.037,-116105,-0.16
16652.067,-115172,1.49
16655.098,-115533,0.85
16658.128,-115767,0.44
16661.158,-116355,-0.60
16664.189,-116277,-0.46
16667.219,-115323,1.22
16670.249,-115492,0.92
16673.593,-115773,0.43
16676.623,-115582,0.76
16679.654,-115949,0.12
16682.684,-115620,0.70
16685.714,-115714,0.53
16688.745,-115475,0.95
16691.775,-115206,1.43
16694.805,-115287,1.29
16698.148,-116112,-0.17
16701.178,-116166,-0.27
16704.209,-115728,0.51
16707.239,-115478,0.95
16710.269,-115032,1.74
16713.300,-115661,0.63
16716.330,-115363,1.15
16719.360,-116180,-0.29
16722.703,-115845,0.30
16725.733,-115794,0.39
16728.764,-115201,1.44
16731.794,-114806,2.13
16734.824,-115463,0.97
16737.855,-115687,0.58
16740.885,-116013,0.00
16743.915,-115806,0.37
16747.260,-115707,0.54
16750.290,-115360,1.16
16753.321,-115415,1.06
16756.351,-115729,0.51
16759.381,-116058,-0.08
16762.412,-115899,0.20
16765.442,-115795,0.39
16768.472,-115562,0.80
16771.812,-115695,0.57
16774.842,-115486,0.93
16777.873,-115793,0.39
16780.903,-115580,0.77
16783.933,-116085,-0.12
16786.964,-115531,0.85
16789.994,-115701,0.55
16793.024,-115314,1.24
16796.381,-115481,0.94
16799.411,-115784,0.41
16802.442,-116069,-0.10
16805.472,-115819,0.35
16808.502,-115398,1.09
16811.533,-115490,0.93
16814.563,-115301,1.26
16817.593,-116080,-0.11
16820.938,-116262,-0.44
16823.968,-115936,0.14
16826.999,-115601,0.73
16830.029,-115476,0.95
16833.059,-115137,1.55
16836.090,-115426,1.04
16839.120,-115682,0.59
16842.150,-116302,-0.51
16845.493,-115489,0.93
16848.523,-115642,0.66
16851.554,-115499,0.91
16854.584,-115534,0.85
16857.614,-115500,0.91
16860.645,-115988,0.05
16863.675,-116295,-0.49
16866.705,-115647,0.65
16870.048,-115609,0.72
16873.078,-115304,1.26
16876.109,-115904,0.20
16879.139,-116034,-0.03
16882.169,-116278,-0.46
16885.200,-115521,0.87
16888.230,-115782,0.41
16891.260,-115099,1.62
16894.607,-115528,0.86
16897.637,-116012,0.01
16900.668,-115698,0.56
16903.698,-116101,-0.15
16906.728,-116059,-0.08
16909.759,-115312,1.24
16912.789,-115156,1.52
16915.819,-115389,1.11
16919.160,-115992,0.04
16922.190,-116850,-1.47
16925.221,-115383,1.12
16928.251,-115511,0.89
16931.281,-114902,1.97
16934.312,-115323,1.22
16937.342,-115857,0.28
16940.372,-115697,0.56
16943.711,-116247,-0.41
16946.741,-115936,0.14
16949.772,-115586,0.76
16952.802,-115355,1.17
16955.832,-115946,0.12
16958.863,-115749,0.47
16961.893,-115872,0.25
16964.923,-115599,0.73
16968.263,-115299,1.26
16971.293,-115730,0.50
16974.324,-115452,0.99
16977.354,-115698,0.56
16980.384,-115702,0.55
16983.415,-116102,-0.15
16986.445,-115508,0.90
16989.475,-115736,0.49
16992.822,-115267,1.32
16995.852,-115696,0.56
16998.883,-115493,0.92
17001.913,-116676,-1.17
17004.943,-116055,-0.07
17007.974,-115558,0.81
17011.004,-115197,1.44
17014.034,-115539,0.84
17017.379,-115754,0.46
17020.409,-115581,0.77
17023.440,-115830,0.33
17026.470,-115974,0.07
17029.500,-115491,0.93
17032.531,-114902,1.97
17035.561,-115521,0.87
17038.591,-115914,0.18
17041.934,-116467,-0.80
17044.964,-115869,0.26
17047.995,-115627,0.69
17051.025,-115273,1.31
17054.055,-115265,1.32
17057.086,-116066,-0.09
17060.116,-115983,0.06
17063.146,-116448,-0.76
17066.499,-115413,1.06
17069.529,-115308,1.25
17072.560,-115088,1.64
17075.590,-115384,1.11
17078.620,-115705,0.55
17081.651,-116571,-0.98
17084.681,-115628,0.68
17087.711,-115346,1.18
17091.057,-115558,0.81
17094.087,-115077,1.66
17097.118,-115851,0.29
17100.148,-116079,-0.11
17103.178,-115667,0.61
17106.209,-115934,0.14
17109.239,-115524,0.87
17112.269,-115088,1.64
17115.611,-115647,0.65
17118.641,-116305,-0.51
17121.672,-116268,-0.45
17124.702,-116108,-0.16
17127.732,-115545,0.83
17130.763,-115208,1.42
17133.793,-115710,0.54
17136.823,-115347,1.18
17140.169,-116035,-0.04
17143.199,-116309,-0.52
17146.230,-115657,0.63
17149.260,-115303,1.26
17152.290,-114985,1.82
17155.321,-115493,0.92
17158.351,-115689,0.58
17161.381,-116323,-0.54
17164.722,-115686,0.58
17167.752,-115355,1.17
17170.783,-115296,1.27
17173.813,-115174,1.49
17176.843,-115445,1.01
17179.874,-115936,0.14
17182.904,-115971,0.08
17185.934,-115766,0.44
17189.280,-116304,-0.51
17192.310,-114866,2.03
17195.341,-115469,0.96
17198.371,-116010,0.01
17201.401,-115803,0.37
17204.432,-115853,0.29
17207.462,-115275,1.31
17210.492,-115433,1.03
17213.825,-115128,1.57
17216.855,-115680,0.59
17219.886,-116310,-0.52
17222.916,-116263,-0.44
17225.946,-115550,0.82
17228.977,-115719,0.52
17232.007,-115107,1.60
17235.037,-115541,0.84
17238.382,-115728,0.51
17241.412,-115791,0.40
17244.443,-115757,0.46
17247.473,-115994,0.04
17250.503,-115366,1.15
17253.534,-115100,1.62
17256.564,-115388,1.11
17259.594,-115714,0.53
17262.940,-116827,-1.43
17265.970,-115523,0.87
17269.001,-115416,1.06
17272.031,-116066,-0.09
17275.061,-114963,1.86
17278.092,-115455,0.99
17281.122,-116621,-1.07
17284.152,-116231,-0.38
17287.495,-116029,-0.02
17290.525,-115446,1.00
17293.556,-114911,1.95
17296.586,-115965,0.09
17299.616,-115640,0.66
17302.647,-116099,-0.15
17305.677,-115482,0.94
17308.707,-115513,0.89
17312.053,-115521,0.87
17315.083,-115368,1.14
17318.114,-115894,0.21
17321.144,-116079,-0.11
17324.174,-115594,0.74
17327.205,-115516,0.88
17330.235,-115504,0.90
17333.265,-115387,1.11
17336.610,-115911,0.18
17339.640,-115832,0.32
17342.671,-116619,-1.07
17345.701,-116005,0.02
17348.731,-115953,0.11
17351.762,-115145,1.54
17354.792,-115054,1.70
17357.822,-115768,0.44
17361.171,-116130,-0.20
17364.201,-116197,-0.32
17367.232,-115497,0.91
17370.262,-115330,1.21
17373.292,-115036,1.73
17376.323,-115487,0.93
17379.353,-115301,1.26
17382.383,-116252,-0.42
17385.731,-116407,-0.69
17388.761,-115437,1.02
17391.792,-115593,0.75
17394.822,-115473,0.96
17397.852,-115755,0.46
17400.883,-115974,0.07
17403.913,-115578,0.77
17406.943,-115462,0.98
17410.284,-115193,1.45
17413.314,-115195,1.45
17416.345,-115391,1.10
17419.375,-115873,0.25
17422.405,-116505,-0.86
17425.436,-115949,0.12
17428.466,-115870,0.26
17431.496,-114977,1.83
17434.841,-116173,-0.28
17437.871,-116236,-0.39
17440.902,-115845,0.30
17443.932,-115597,0.74
17446.962,-115692,0.57
17449.993,-115528,0.86
17453.023,-115079,1.65
17456.053,-115575,0.78
17459.399,-115920,0.17
17462.429,-115753,0.46
17465.460,-115841,0.31
17468.490,-116032,-0.03
17471.520,-115229,1.39
17474.551,-115492,0.92
17477.581,-116043,-0.05
17480.611,-116493,-0.84
17483.942,-116608,-1.05
17486.972,-115633,0.67
17490.003,-115627,0.69
17493.033,-115238,1.37
17496.063,-115589,0.75
17499.094,-115986,0.05
17502.124,-116258,-0.43
17505.154,-115929,0.15
17508.503,-115796,0.39
17511.533,-115318,1.23
17514.564,-115217,1.41
17517.594,-115657,0.63
17520.624,-116311,-0.52
17523.655,-115806,0.37
17526.685,-115683,0.59
17529.715,-115621,0.70
17533.055,-115071,1.67
17536.085,-115484,0.94
17539.116,-115701,0.55
17542.146,-116465,-0.79
17545.176,-115887,0.23
17548.207,-115638,0.67
17551.237,-115290,1.28
17554.267,-115266,1.32
17557.614,-115864,0.27
17560.644,-115582,0.76
17563.675,-116262,-0.44
17566.705,-115516,0.88
17569.735,-115452,0.99
17572.766,-114938,1.90
17575.796,-115561,0.80
17578.826,-115485,0.94
17582.170,-116619,-1.07
17585.200,-116030,-0.03
17588.231,-115371,1.14
17591.261,-115135,1.55
17594.291,-115518,0.88
17597.322,-115669,0.61
17600.352,-116016,-0.00
17603.382,-115955,0.11
17606.725,-115662,0.62
17609.755,-115403,1.08
17612.786,-115015,1.77
17615.816,-115983,0.06
17618.846,-115441,1.01
17621.877,-116634,-1.09
17624.907,-115845,0.30
17627.937,-115372,1.14
17631.292,-115921,0.17
17634.322,-114788,2.17
17637.353,-115591,0.75
17640.383,-115953,0.11
17643.413,-115993,0.04
17646.444,-115677,0.60
17649.474,-115450,1.00
17652.504,-115259,1.33
17655.845,-115236,1.38
17658.875,-115585,0.76
17661.906,-115745,0.48
17664.936,-115602,0.73
17667.966,-115698,0.56
17670.997,-115366,1.15
17674.027,-115530,0.86
17677.057,-115636,0.67
17680.403,-116224,-0.37
17683.433,-115872,0.25
17686.464,-115699,0.56
17689.494,-115478,0.95
17692.524,-115334,1.20
17695.555,-115618,0.70
17698.585,-115460,0.98
17701.615,-116354,-0.60
17704.961,-116849,-1.47
17707.991,-115439,1.02
17711.022,-115359,1.16
17714.052,-115512,0.89
17717.082,-115530,0.86
17720.113,-115744,0.48
17723.143,-115840,0.31
17726.173,-115603,0.73
17729.516,-115713,0.53
17732.546,-114725,2.28
17735.577,-115523,0.87
17738.607,-115233,1.38
17741.637,-116030,-0.03
17744.668,-115763,0.45
17747.698,-115638,0.67
17750.728,-115288,1.28
17754.068,-115326,1.22
17757.098,-115637,0.67
17760.129,-115926,0.16
17763.159,-116567,-0.97
17766.189,-115717,0.53
17769.220,-115715,0.53
17772.250,-115375,1.13
17775.280,-115634,0.67
17778.618,-116177,-0.29
17781.648,-116327,-0.55
17784.679,-116151,-0.24
17787.709,-115291,1.28
17790.739,-115385,1.11
17793.770,-115122,1.58
17796.800,-115329,1.21
17799.830,-116064,-0.09
17803.173,-116133,-0.21
17806.203,-115568,0.79
17809.234,-115134,1.56
17812.264,-115111,1.60
17815.294,-115314,1.24
17818.325,-115875,0.25
17821.355,-116018,-0.01
17824.385,-115931,0.15
17827.730,-115648,0.65
17830.760,-115553,0.82
17833.791,-115382,1.12
17836.821,-115713,0.53
17839.851,-115886,0.23
17842.882,-116254,-0.42
17845.912,-115739,0.49
17848.942,-115881,0.24
17852.286,-114858,2.04
17855.316,-115254,1.34
17858.347,-115823,0.34
17861.377,-115790,0.40
17864.407,-115952,0.11
17867.438,-115394,1.10
17870.468,-115421,1.05
17873.498,-115142,1.54
17876.843,-116113,-0.17
17879.873,-115659,0.63
17882.904,-116145,-0.23
17885.934,-115535,0.85
17888.964,-115482,0.94
17891.995,-114949,1.88
17895.025,-115067,1.67
17898.055,-115473,0.96
17901.410,-115857,0.28
17904.440,-115926,0.16
17907.471,-115189,1.46
17910.501,-114815,2.12
17913.531,-115495,0.92
17916.562,-115721,0.52
17919.592,-115725,0.51
17922.622,-116100,-0.15
17925.967,-116284,-0.47
17928.997,-115561,0.80
17932.028,-115255,1.34
17935.058,-115479,0.95
17938.088,-115540,0.84
17941.119,-115980,0.06
17944.149,-116230,-0.38
17947.179,-115733,0.50
17950.522,-115946,0.12
17953.552,-115362,1.15
17956.583,-115985,0.05
17959.613,-115551,0.82
17962.643,-116170,-0.27
17965.674,-115615,0.71
17968.704,-115027,1.74
17971.734,-115403,1.08
17975.079,-116063,-0.08
17978.109,-115552,0.82
17981.140,-115960,0.10
17984.170,-116402,-0.68
17987.200,-115534,0.85
17990.231,-115312,1.24
17993.261,-115285,1.29
17996.291,-115179,1.48
17999.635,-116343,-0.58
18002.665,-116007,0.01
18005.696,-115908,0.19
18008.726,-115833,0.32
18011.756,-114986,1.82
18014.787,-115240,1.37
18017.817,-115917,0.17
18020.847,-115775,0.42
18024.190,-115614,0.71
18027.220,-115943,0.13
18030.251,-115386,1.11
18033.281,-115206,1.43
18036.311,-115565,0.79
18039.342,-115636,0.67
18042.372,-116341,-0.58
18045.402,-115673,0.60
18048.737,-115427,1.04
18051.767,-115286,1.29
18054.798,-115593,0.75
18057.828,-115893,0.22
18060.858,-116200,-0.33
18063.889,-116025,-0.02
18066.919,-115782,0.41
18069.949,-115526,0.86
18073.292,-114926,1.92
18076.322,-115449,1.00
18079.353,-115383,1.12
18082.383,-116809,-1.40
18085.413,-115702,0.55
18088.444,-115569,0.79
18091.474,-115340,1.19
18094.504,-115178,1.48
18097.848,-115805,0.37
18100.878,-115929,0.15
18103.909,-116523,-0.90
18106.939,-115828,0.33
18109.969,-115480,0.94
18113.000,-115446,1.00
18116.030,-115586,0.76
18119.060,-115778,0.42
18122.406,-116292,-0.49
18125.436,-115697,0.56
18128.467,-115333,1.20
18131.497,-115231,1.38
18134.527,-115553,0.82
18137.558,-115823,0.34
18140.588,-115886,0.23
18143.618,-116019,-0.01
18146.963,-116624,-1.08
18149.993,-115158,1.51
18153.024,-115476,0.95
18156.054,-115501,0.91
18159.084,-115729,0.51
18162.115,-116222,-0.37
18165.145,-115869,0.26
18168.175,-115478,0.95
18171.536,-115296,1.27
18174.566,-115312,1.24
18177.597,-115337,1.20
18180.627,-115870,0.26
18183.657,-116343,-0.58
18186.688,-115358,1.16
18189.718,-115637,0.67
18192.748,-115155,1.52
18196.084,-115250,1.35
18199.114,-116284,-0.47
18202.145,-116210,-0.34
18205.175,-115673,0.60
18208.205,-115621,0.70
18211.236,-115321,1.23
18214.266,-115016,1.76
18217.296,-115568,0.79
18220.641,-116331,-0.56
18223.671,-116229,-0.38
18226.702,-115723,0.52
18229.732,-115668,0.61
18232.762,-115058,1.69
18235.793,-115453,0.99
18238.823,-115375,1.13
18241.853,-116109,-0.17
18245.197,-115610,0.72
18248.227,-115301,1.26
18251.258,-115169,1.49
18254.288,-115655,0.64
18257.318,-115518,0.88
18260.349,-115810,0.36
18263.379,-116125,-0.19
18266.409,-115659,0.63
18269.755,-115775,0.42
18272.785,-115175,1.48
18275.816,-115317,1.23
18278.846,-115853,0.29
18281.876,-116006,0.02
18284.907,-115935,0.14
18287.937,-115302,1.26
18290.967,-115489,0.93
18294.308,-115145,1.54
18297.338,-115171,1.49
18300.369,-115806,0.37
18303.399,-116206,-0.34
18306.429,-115705,0.55
18309.460,-115302,1.26
18312.490,-114970,1.85
18315.520,-115164,1.50
18318.856,-116522,-0.89
18321.886,-115924,0.16
18324.917,-115888,0.22
18327.947,-115444,1.01
18330.977,-115585,0.76
18334.008,-115596,0.74
18337.038,-115274,1.31
18340.068,-115529,0.86
18343.411,-116014,0.00
18346.441,-115198,1.44
18349.472,-115892,0.22
18352.502,-115061,1.68
18355.532,-115076,1.66
18358.563,-116205,-0.34
18361.593,-116000,0.03
18364.623,-116057,-0.07
18367.968,-115102,1.61
18370.998,-115532,0.85
18374.029,-115292,1.28
18377.059,-115676,0.60
18380.089,-115767,0.44
18383.120,-115845,0.30
18386.150,-115431,1.03
18389.180,-115687,0.58
18392.532,-115496,0.92
18395.562,-115518,0.88
18398.593,-115948,0.12
18401.623,-115962,0.09
18404.653,-115663,0.62
18407.684,-115509,0.89
18410.714,-115140,1.55
18413.744,-115275,1.31
18417.084,-115698,0.56
18420.114,-115687,0.58
18423.145,-116451,-0.77
18426.175,-115641,0.66
18429.205,-115767,0.44
18432.236,-114960,1.86
18435.266,-115493,0.92
18438.296,-115451,1.00
18441.636,-115825,0.34
18444.666,-115835,0.32
18447.697,-115517,0.88
18450.727,-115351,1.17
18453.757,-115326,1.22
18456.788,-115607,0.72
18459.818,-115886,0.23
18462.848,-115955,0.11
18466.204,-115901,0.20
18469.234,-115814,0.36
18472.265,-115028,1.74
18475.295,-115336,1.20
18478.325,-115912,0.18
18481.356,-116024,-0.02
18484.386,-116102,-0.15
18487.416,-115788,0.40
18490.760,-115624,0.69
18493.790,-115483,0.94
18496.821,-115255,1.34
18499.851,-116083,-0.12
18502.881,-116608,-1.05
18505.912,-115552,0.82
18508.942,-115469,0.96
18511.972,-115334,1.20
18515.314,-115546,0.83
18518.344,-115878,0.24
18521.375,-116190,-0.31
18524.405,-116475,-0.81
18527.435,-115582,0.76
18530.466,-115036,1.73
18533.496,-114652,2.41
18536.526,-115425,1.04
18539.873,-116163,-0.26
18542.903,-116111,-0.17
18545.934,-116436,-0.74
18548.964,-115657,0.63
18551.994,-115474,0.96
18555.025,-115688,0.58
18558.055,-115843,0.30
18561.085,-115824,0.34
18564.429,-116732,-1.27
18567.459,-115633,0.67
18570.490,-115765,0.44
18573.520,-115179,1.48
18576.550,-115596,0.74
18579.581,-115844,0.30
18582.611,-115668,0.61
18585.641,-115952,0.11
18588.976,-115667,0.61
18592.006,-115123,1.58
18595.037,-115214,1.41
18598.067,-115410,1.07
18601.097,-115761,0.45
18604.128,-116037,-0.04
18607.158,-115407,1.07
18610.188,-115551,0.82
18613.537,-114993,1.80
18616.567,-115530,0.86
18619.598,-115480,0.94
18622.628,-116327,-0.55
18625.658,-115922,0.16
18628.689,-115523,0.87
18631.719,-115345,1.18
18634.749,-115511,0.89
18638.086,-115510,0.89
18641.116,-116070,-0.10
18644.147,-116254,-0.42
18647.177,-115917,0.17
18650.207,-115192,1.45
18653.238,-114912,1.95
18656.268,-115431,1.03
18659.298,-115653,0.64
18662.645,-116681,-1.18
18665.675,-115753,0.46
18668.706,-115589,0.75
18671.736,-115278,1.30
18674.766,-115240,1.37
18677.797,-115498,0.91
18680.827,-116225,-0.37
18683.857,-115758,0.45
18687.200,-115311,1.24
18690.230,-115696,0.56
18693.261,-114991,1.81
18696.291,-115917,0.17
18699.321,-115668,0.61
18702.352,-115861,0.27
18705.382,-115642,0.66
18708.412,-115353,1.17
18711.758,-115552,0.82
18714.788,-115396,1.09
18717.819,-115613,0.71
18720.849,-115728,0.51
18723.879,-116090,-0.13
18726.910,-115501,0.91
18729.940,-115663,0.62
18732.970,-115086,1.64
18736.323,-115425,1.04
18739.353,-115701,0.55
18742.384,-116176,-0.28
18745.414,-115618,0.70
18748.444,-115408,1.07
18751.475,-115096,1.62
18754.505,-115449,1.00
18757.535,-115809,0.36
18760.879,-116442,-0.75
18763.909,-116244,-0.40
18766.940,-115617,0.70
18769.970,-115613,0.71
18773.000,-115048,1.71
18776.031,-115117,1.59
18779.061,-115670,0.61
18782.091,-115667,0.61
18785.435,-116414,-0.70
18788.465,-115668,0.61
18791.496,-114990,1.81
18794.526,-115199,1.44
18797.556,-115679,0.59
18800.587,-115979,0.06
18803.617,-116341,-0.58
18806.647,-115743,0.48
18809.991,-115633,0.67
18813.021,-115005,1.78
18816.052,-115325,1.22
18819.082,-115963,0.09
18822.112,-115894,0.21
18825.143,-115942,0.13
18828.173,-115290,1.28
18831.203,-115217,1.41
18834.555,-115650,0.64
18837.585,-115847,0.30
18840.616,-115770,0.43
18843.646,-115657,0.63
18846.676,-115518,0.88
18849.707,-115517,0.88
18852.737,-115186,1.46
18855.767,-115532,0.85
18859.102,-116052,-0.07
18862.132,-115922,0.16
18865.163,-115993,0.04
18868.193,-115493,0.92
18871.223,-115192,1.45
18874.254,-115327,1.21
18877.284,-115668,0.61
18880.314,-115795,0.39
18883.651,-116731,-1.26
18886.681,-115595,0.74
18889.712,-114807,2.13
18892.742,-114924,1.93
18895.772,-115487,0.93
18898.803,-115420,1.05
18901.833,-116109,-0.17
18904.863,-116066,-0.09
18908.207,-115843,0.30
18911.237,-115320,1.23
18914.268,-115586,0.76
18917.298,-115608,0.72
18920.328,-115523,0.87
18923.359,-116089,-0.13
18926.389,-115519,0.88
18929.419,-115708,0.54
18932.761,-116588,-1.01
18935.791,-115745,0.48
18938.822,-115628,0.68
18941.852,-115672,0.61
18944.882,-115922,0.16
18947.913,-115316,1.23
18950.943,-115350,1.17
18953.973,-115115,1.59
18957.319,-115926,0.16
18960.349,-115368,1.14
18963.380,-116629,-1.08
18966.410,-115564,0.80
18969.440,-115205,1.43
18972.471,-114959,1.86
18975.501,-115200,1.44
18978.531,-115728,0.51
18981.875,-115788,0.40
18984.905,-116029,-0.02
18987.936,-115892,0.22
18990.966,-115607,0.72
18993.996,-115322,1.22
18997.027,-115499,0.91
19000.057,-115876,0.25
19003.087,-116212,-0.35
19006.439,-115373,1.13
19009.469,-115326,1.22
19012.500,-115642,0.66
19015.530,-115491,0.93
19018.560,-115751,0.47
19021.591,-116104,-0.16
19024.621,-116322,-0.54
19027.651,-115563,0.80
19030.998,-115922,0.16
19034.028,-115505,0.90
19037.059,-115594,0.74
19040.089,-115712,0.54
19043.119,-115773,0.43
19046.150,-115403,1.08
19049.180,-115715,0.53
19052.210,-115243,1.36
19055.559,-115460,0.98
19058.589,-115712,0.54
19061.620,-115848,0.30
19064.650,-115829,0.33
19067.680,-115449,1.00
19070.711,-115012,1.77
19073.741,-115219,1.41
19076.771,-115157,1.52
